"file","metabolite","quantMasses","intensity","rt","ri"
"e10222ch_100_c5.cdf","c10","71;85;99",19200729,393.831,1000
"e10222ch_100_c5.cdf","c12","71;85;99",14186295,688.031,1200
"e10222ch_100_c5.cdf","c15","71;85;99",16535090,1086.23,1500
"e10222ch_100_c5.cdf","c18","71;85;99",19062722,1386.43,1800
"e10222ch_100_c5.cdf","c19","71;85;99",29955809,1474.83,1900
"e10222ch_100_c5.cdf","c22","71;85;99",32573217,1715.03,2200
"e10222ch_100_c5.cdf","c28","71;85;99",27688100,2113.83,2800
"e10222ch_100_c5.cdf","c32","71;85;99",22152855,2336.63,3200
"e10222ch_100_c5.cdf","c36","71;85;99",15434145,2534.63,3600
"e10222ch_101_c6.cdf","c10","71;85;99",19392327,393.832,1000
"e10222ch_101_c6.cdf","c12","71;85;99",16647343,688.232,1200
"e10222ch_101_c6.cdf","c15","71;85;99",19922827,1086.43,1500
"e10222ch_101_c6.cdf","c18","71;85;99",21668682,1386.63,1800
"e10222ch_101_c6.cdf","c19","71;85;99",33328745,1475.23,1900
"e10222ch_101_c6.cdf","c22","71;85;99",34565860,1715.43,2200
"e10222ch_101_c6.cdf","c28","71;85;99",30139219,2114.23,2800
"e10222ch_101_c6.cdf","c32","71;85;99",24616276,2337.03,3200
"e10222ch_101_c6.cdf","c36","71;85;99",16821784,2535.03,3600
"e10222ch_102_c7.cdf","c10","71;85;99",19809338,393.831,1000
"e10222ch_102_c7.cdf","c12","71;85;99",18277432,688.231,1200
"e10222ch_102_c7.cdf","c15","71;85;99",23767474,1086.43,1500
"e10222ch_102_c7.cdf","c18","71;85;99",25476345,1386.63,1800
"e10222ch_102_c7.cdf","c19","71;85;99",36150003,1475.23,1900
"e10222ch_102_c7.cdf","c22","71;85;99",36576796,1715.23,2200
"e10222ch_102_c7.cdf","c28","71;85;99",30715199,2114.23,2800
"e10222ch_102_c7.cdf","c32","71;85;99",27003143,2336.83,3200
"e10222ch_102_c7.cdf","c36","71;85;99",20057696,2535.03,3600
"e10222ch_22_c1.cdf","c10","71;85;99",17588991,394.432,1000
"e10222ch_22_c1.cdf","c12","71;85;99",10642285,688.632,1200
"e10222ch_22_c1.cdf","c15","71;85;99",11804982,1086.63,1500
"e10222ch_22_c1.cdf","c18","71;85;99",14084414,1387.03,1800
"e10222ch_22_c1.cdf","c19","71;85;99",19931526,1475.23,1900
"e10222ch_22_c1.cdf","c22","71;85;99",23251042,1715.63,2200
"e10222ch_22_c1.cdf","c28","71;85;99",21746560,2114.83,2800
"e10222ch_22_c1.cdf","c32","71;85;99",17429312,2337.43,3200
"e10222ch_22_c1.cdf","c36","71;85;99",11938096,2535.63,3600
"e10222ch_23_c2.cdf","c10","71;85;99",18517909,394.616,1000
"e10222ch_23_c2.cdf","c12","71;85;99",11487557,688.816,1200
"e10222ch_23_c2.cdf","c15","71;85;99",12257010,1086.82,1500
"e10222ch_23_c2.cdf","c18","71;85;99",15561898,1387.02,1800
"e10222ch_23_c2.cdf","c19","71;85;99",24193379,1475.42,1900
"e10222ch_23_c2.cdf","c22","71;85;99",26306275,1715.62,2200
"e10222ch_23_c2.cdf","c28","71;85;99",23698011,2114.62,2800
"e10222ch_23_c2.cdf","c32","71;85;99",18740912,2337.42,3200
"e10222ch_23_c2.cdf","c36","71;85;99",13905654,2535.62,3600
"e10222ch_24_c3.cdf","c10","71;85;99",18379441,394.647,1000
"e10222ch_24_c3.cdf","c12","71;85;99",11777919,688.647,1200
"e10222ch_24_c3.cdf","c15","71;85;99",13383225,1086.65,1500
"e10222ch_24_c3.cdf","c18","71;85;99",16146082,1386.85,1800
"e10222ch_24_c3.cdf","c19","71;85;99",24660411,1475.45,1900
"e10222ch_24_c3.cdf","c22","71;85;99",26361074,1715.45,2200
"e10222ch_24_c3.cdf","c28","71;85;99",24467573,2114.65,2800
"e10222ch_24_c3.cdf","c32","71;85;99",21259468,2337.45,3200
"e10222ch_24_c3.cdf","c36","71;85;99",18977892,2535.45,3600
"e10222ch_25_c4.cdf","c10","71;85;99",18651630,394.432,1000
"e10222ch_25_c4.cdf","c12","71;85;99",12743923,688.832,1200
"e10222ch_25_c4.cdf","c15","71;85;99",14384980,1086.83,1500
"e10222ch_25_c4.cdf","c18","71;85;99",16944779,1387.03,1800
"e10222ch_25_c4.cdf","c19","71;85;99",26666485,1475.63,1900
"e10222ch_25_c4.cdf","c22","71;85;99",27332814,1715.63,2200
"e10222ch_25_c4.cdf","c28","71;85;99",24263116,2114.83,2800
"e10222ch_25_c4.cdf","c32","71;85;99",19641991,2337.43,3200
"e10222ch_25_c4.cdf","c36","71;85;99",13185638,2535.63,3600
"e10222ch_26_c5.cdf","c10","71;85;99",18260910,394.615,1000
"e10222ch_26_c5.cdf","c12","71;85;99",12462001,688.815,1200
"e10222ch_26_c5.cdf","c15","71;85;99",14258686,1086.82,1500
"e10222ch_26_c5.cdf","c18","71;85;99",16992969,1387.01,1800
"e10222ch_26_c5.cdf","c19","71;85;99",26696609,1475.42,1900
"e10222ch_26_c5.cdf","c22","71;85;99",26852218,1715.61,2200
"e10222ch_26_c5.cdf","c28","71;85;99",23975361,2114.82,2800
"e10222ch_26_c5.cdf","c32","71;85;99",19294486,2337.61,3200
"e10222ch_26_c5.cdf","c36","71;85;99",13187194,2535.61,3600
"e10222ch_27_c6.cdf","c10","71;85;99",18068095,394.016,1000
"e10222ch_27_c6.cdf","c12","71;85;99",13651561,688.416,1200
"e10222ch_27_c6.cdf","c15","71;85;99",16697483,1086.62,1500
"e10222ch_27_c6.cdf","c18","71;85;99",18194145,1386.82,1800
"e10222ch_27_c6.cdf","c19","71;85;99",29032613,1475.22,1900
"e10222ch_27_c6.cdf","c22","71;85;99",27770839,1715.42,2200
"e10222ch_27_c6.cdf","c28","71;85;99",24635244,2114.62,2800
"e10222ch_27_c6.cdf","c32","71;85;99",19931857,2337.22,3200
"e10222ch_27_c6.cdf","c36","71;85;99",13881308,2535.42,3600
"e10222ch_28_c7.cdf","c10","71;85;99",17963591,394.215,1000
"e10222ch_28_c7.cdf","c12","71;85;99",13455673,688.415,1200
"e10222ch_28_c7.cdf","c15","71;85;99",17147133,1086.62,1500
"e10222ch_28_c7.cdf","c18","71;85;99",18635384,1386.82,1800
"e10222ch_28_c7.cdf","c19","71;85;99",30289450,1475.42,1900
"e10222ch_28_c7.cdf","c22","71;85;99",27307468,1715.61,2200
"e10222ch_28_c7.cdf","c28","71;85;99",23623561,2114.61,2800
"e10222ch_28_c7.cdf","c32","71;85;99",19042291,2337.42,3200
"e10222ch_28_c7.cdf","c36","71;85;99",14395323,2535.42,3600
"e10222ch_59_c1.cdf","c10","71;85;99",17013692,394.432,1000
"e10222ch_59_c1.cdf","c12","71;85;99",10840290,688.432,1200
"e10222ch_59_c1.cdf","c15","71;85;99",12121816,1086.43,1500
"e10222ch_59_c1.cdf","c18","71;85;99",14668569,1386.83,1800
"e10222ch_59_c1.cdf","c19","71;85;99",20391703,1475.23,1900
"e10222ch_59_c1.cdf","c22","71;85;99",23635486,1715.43,2200
"e10222ch_59_c1.cdf","c28","71;85;99",21815818,2114.63,2800
"e10222ch_59_c1.cdf","c32","71;85;99",17834616,2337.23,3200
"e10222ch_59_c1.cdf","c36","71;85;99",13187355,2535.43,3600
"e10222ch_60_c2.cdf","c10","71;85;99",18404687,394.631,1000
"e10222ch_60_c2.cdf","c12","71;85;99",11501197,688.631,1200
"e10222ch_60_c2.cdf","c15","71;85;99",12531905,1086.63,1500
"e10222ch_60_c2.cdf","c18","71;85;99",16627900,1386.83,1800
"e10222ch_60_c2.cdf","c19","71;85;99",25668033,1475.43,1900
"e10222ch_60_c2.cdf","c22","71;85;99",28118825,1715.43,2200
"e10222ch_60_c2.cdf","c28","71;85;99",25047313,2114.63,2800
"e10222ch_60_c2.cdf","c32","71;85;99",20241976,2320.03,3200
"e10222ch_60_c2.cdf","c36","71;85;99",14357405,2518.03,3600
"e10222ch_61_c3.cdf","c10","71;85;99",18599132,394.215,1000
"e10222ch_61_c3.cdf","c12","71;85;99",11815038,688.415,1200
"e10222ch_61_c3.cdf","c15","71;85;99",13634418,1086.42,1500
"e10222ch_61_c3.cdf","c18","71;85;99",16925213,1386.61,1800
"e10222ch_61_c3.cdf","c19","71;85;99",25905417,1475.01,1900
"e10222ch_61_c3.cdf","c22","71;85;99",28348210,1715.22,2200
"e10222ch_61_c3.cdf","c28","71;85;99",25251582,2114.22,2800
"e10222ch_61_c3.cdf","c32","71;85;99",20719981,2337.22,3200
"e10222ch_61_c3.cdf","c36","71;85;99",15032257,2535.21,3600
"e10222ch_62_c4.cdf","c10","71;85;99",18059994,393.831,1000
"e10222ch_62_c4.cdf","c12","71;85;99",13276331,688.231,1200
"e10222ch_62_c4.cdf","c15","71;85;99",15460435,1086.23,1500
"e10222ch_62_c4.cdf","c18","71;85;99",17812088,1386.63,1800
"e10222ch_62_c4.cdf","c19","71;85;99",28510473,1475.03,1900
"e10222ch_62_c4.cdf","c22","71;85;99",29937742,1715.23,2200
"e10222ch_62_c4.cdf","c28","71;85;99",25564940,2114.23,2800
"e10222ch_62_c4.cdf","c32","71;85;99",20633145,2336.83,3200
"e10222ch_62_c4.cdf","c36","71;85;99",14178628,2535.03,3600
"e10222ch_63_c5.cdf","c10","71;85;99",18645333,394.416,1000
"e10222ch_63_c5.cdf","c12","71;85;99",13023069,688.416,1200
"e10222ch_63_c5.cdf","c15","71;85;99",14809219,1086.42,1500
"e10222ch_63_c5.cdf","c18","71;85;99",18532231,1386.82,1800
"e10222ch_63_c5.cdf","c19","71;85;99",29341539,1475.22,1900
"e10222ch_63_c5.cdf","c22","71;85;99",30544780,1715.22,2200
"e10222ch_63_c5.cdf","c28","71;85;99",26586208,2114.22,2800
"e10222ch_63_c5.cdf","c32","71;85;99",21874940,2337.02,3200
"e10222ch_63_c5.cdf","c36","71;85;99",15579565,2535.22,3600
"e10222ch_64_c6.cdf","c10","71;85;99",19015145,394.016,1000
"e10222ch_64_c6.cdf","c12","71;85;99",14552374,688.216,1200
"e10222ch_64_c6.cdf","c15","71;85;99",17762270,1086.42,1500
"e10222ch_64_c6.cdf","c18","71;85;99",20395389,1386.62,1800
"e10222ch_64_c6.cdf","c19","71;85;99",32190164,1475.02,1900
"e10222ch_64_c6.cdf","c22","71;85;99",32284548,1715.22,2200
"e10222ch_64_c6.cdf","c28","71;85;99",27914575,2114.22,2800
"e10222ch_64_c6.cdf","c32","71;85;99",23207084,2337.02,3200
"e10222ch_64_c6.cdf","c36","71;85;99",16927742,2535.02,3600
"e10222ch_65_c7.cdf","c10","71;85;99",18386548,393.816,1000
"e10222ch_65_c7.cdf","c12","71;85;99",15178503,688.016,1200
"e10222ch_65_c7.cdf","c15","71;85;99",20166965,1086.42,1500
"e10222ch_65_c7.cdf","c18","71;85;99",20932715,1386.42,1800
"e10222ch_65_c7.cdf","c19","71;85;99",32987189,1475.02,1900
"e10222ch_65_c7.cdf","c22","71;85;99",30939015,1715.22,2200
"e10222ch_65_c7.cdf","c28","71;85;99",26727369,2114.22,2800
"e10222ch_65_c7.cdf","c32","71;85;99",22300215,2337.02,3200
"e10222ch_65_c7.cdf","c36","71;85;99",16223076,2535.02,3600
"e10222ch_96_c1.cdf","c10","71;85;99",18446933,393.847,1000
"e10222ch_96_c1.cdf","c12","71;85;99",12041880,688.047,1200
"e10222ch_96_c1.cdf","c15","71;85;99",14068637,1086.25,1500
"e10222ch_96_c1.cdf","c18","71;85;99",16706274,1386.45,1800
"e10222ch_96_c1.cdf","c19","71;85;99",22897694,1474.85,1900
"e10222ch_96_c1.cdf","c22","71;85;99",27094760,1714.85,2200
"e10222ch_96_c1.cdf","c28","71;85;99",24275765,2114.05,2800
"e10222ch_96_c1.cdf","c32","71;85;99",20179886,2336.65,3200
"e10222ch_96_c1.cdf","c36","71;85;99",14561230,2534.85,3600
"e10222ch_97_c2.cdf","c10","71;85;99",18609247,394.031,1000
"e10222ch_97_c2.cdf","c12","71;85;99",12421309,688.231,1200
"e10222ch_97_c2.cdf","c15","71;85;99",14816130,1086.23,1500
"e10222ch_97_c2.cdf","c18","71;85;99",18882415,1386.63,1800
"e10222ch_97_c2.cdf","c19","71;85;99",27919038,1475.03,1900
"e10222ch_97_c2.cdf","c22","71;85;99",30960478,1715.03,2200
"e10222ch_97_c2.cdf","c28","71;85;99",27036278,2114.23,2800
"e10222ch_97_c2.cdf","c32","71;85;99",22576025,2336.83,3200
"e10222ch_97_c2.cdf","c36","71;85;99",16316891,2534.83,3600
"e10222ch_98_c3.cdf","c10","71;85;99",18569404,393.816,1000
"e10222ch_98_c3.cdf","c12","71;85;99",14529627,688.016,1200
"e10222ch_98_c3.cdf","c15","71;85;99",19368590,1086.22,1500
"e10222ch_98_c3.cdf","c18","71;85;99",20344253,1386.62,1800
"e10222ch_98_c3.cdf","c19","71;85;99",30190767,1475.02,1900
"e10222ch_98_c3.cdf","c22","71;85;99",32299549,1715.02,2200
"e10222ch_98_c3.cdf","c28","71;85;99",27838098,2114.02,2800
"e10222ch_98_c3.cdf","c32","71;85;99",22530386,2336.82,3200
"e10222ch_98_c3.cdf","c36","71;85;99",16545323,2534.82,3600
"e10222ch_99_c4.cdf","c10","71;85;99",19368391,394.062,1000
"e10222ch_99_c4.cdf","c12","71;85;99",14240178,688.062,1200
"e10222ch_99_c4.cdf","c15","71;85;99",17603965,1086.46,1500
"e10222ch_99_c4.cdf","c18","71;85;99",20165588,1386.66,1800
"e10222ch_99_c4.cdf","c19","71;85;99",31418867,1475.06,1900
"e10222ch_99_c4.cdf","c22","71;85;99",34424972,1715.06,2200
"e10222ch_99_c4.cdf","c28","71;85;99",28554002,2114.06,2800
"e10222ch_99_c4.cdf","c32","71;85;99",23110928,2336.66,3200
"e10222ch_99_c4.cdf","c36","71;85;99",16437560,2534.86,3600
"e10222ch_30_Quant1_200.cdf","c10","71;85;99",18150943,394.047,1000
"e10222ch_30_Quant1_200.cdf","c12","71;85;99",11443988,688.447,1200
"e10222ch_30_Quant1_200.cdf","c15","71;85;99",10440166,1086.45,1500
"e10222ch_30_Quant1_200.cdf","c18","71;85;99",11207433,1386.65,1800
"e10222ch_30_Quant1_200.cdf","c19","71;85;99",13791440,1475.05,1900
"e10222ch_30_Quant1_200.cdf","c22","71;85;99",21621814,1715.25,2200
"e10222ch_30_Quant1_200.cdf","c28","71;85;99",21983015,2114.45,2800
"e10222ch_30_Quant1_200.cdf","c32","71;85;99",17670951,2337.25,3200
"e10222ch_30_Quant1_200.cdf","c36","71;85;99",11934143,2535.25,3600
"e10222ch_31_Quant1_100.cdf","c10","71;85;99",17992324,394.278,1000
"e10222ch_31_Quant1_100.cdf","c12","71;85;99",11592346,688.478,1200
"e10222ch_31_Quant1_100.cdf","c15","71;85;99",10826701,1086.68,1500
"e10222ch_31_Quant1_100.cdf","c18","71;85;99",11246710,1386.88,1800
"e10222ch_31_Quant1_100.cdf","c19","71;85;99",13765523,1475.28,1900
"e10222ch_31_Quant1_100.cdf","c22","71;85;99",21569965,1715.48,2200
"e10222ch_31_Quant1_100.cdf","c28","71;85;99",22045493,2114.68,2800
"e10222ch_31_Quant1_100.cdf","c32","71;85;99",18125345,2337.28,3200
"e10222ch_31_Quant1_100.cdf","c36","71;85;99",12859359,2535.48,3600
"e10222ch_32_Quant1_50.cdf","c10","71;85;99",18519851,394.046,1000
"e10222ch_32_Quant1_50.cdf","c12","71;85;99",11638645,688.446,1200
"e10222ch_32_Quant1_50.cdf","c15","71;85;99",10937546,1086.45,1500
"e10222ch_32_Quant1_50.cdf","c18","71;85;99",11333682,1386.85,1800
"e10222ch_32_Quant1_50.cdf","c19","71;85;99",13890269,1475.05,1900
"e10222ch_32_Quant1_50.cdf","c22","71;85;99",21692469,1715.45,2200
"e10222ch_32_Quant1_50.cdf","c28","71;85;99",21548549,2114.45,2800
"e10222ch_32_Quant1_50.cdf","c32","71;85;99",17582176,2337.25,3200
"e10222ch_32_Quant1_50.cdf","c36","71;85;99",12033399,2535.25,3600
"e10222ch_33_Quant1_20.cdf","c10","71;85;99",18962149,394.278,1000
"e10222ch_33_Quant1_20.cdf","c12","71;85;99",12039925,688.478,1200
"e10222ch_33_Quant1_20.cdf","c15","71;85;99",11351320,1086.48,1500
"e10222ch_33_Quant1_20.cdf","c18","71;85;99",12075014,1386.68,1800
"e10222ch_33_Quant1_20.cdf","c19","71;85;99",14731113,1474.88,1900
"e10222ch_33_Quant1_20.cdf","c22","71;85;99",22853189,1715.28,2200
"e10222ch_33_Quant1_20.cdf","c28","71;85;99",22596617,2114.48,2800
"e10222ch_33_Quant1_20.cdf","c32","71;85;99",17779630,2337.28,3200
"e10222ch_33_Quant1_20.cdf","c36","71;85;99",11483247,2535.28,3600
"e10222ch_34_Quant1_10.cdf","c10","71;85;99",18794910,394.216,1000
"e10222ch_34_Quant1_10.cdf","c12","71;85;99",11944506,688.616,1200
"e10222ch_34_Quant1_10.cdf","c15","71;85;99",10607844,1086.62,1500
"e10222ch_34_Quant1_10.cdf","c18","71;85;99",11186115,1386.82,1800
"e10222ch_34_Quant1_10.cdf","c19","71;85;99",14014375,1475.22,1900
"e10222ch_34_Quant1_10.cdf","c22","71;85;99",21765908,1715.42,2200
"e10222ch_34_Quant1_10.cdf","c28","71;85;99",21939275,2114.62,2800
"e10222ch_34_Quant1_10.cdf","c32","71;85;99",17700092,2337.42,3200
"e10222ch_34_Quant1_10.cdf","c36","71;85;99",12101510,2535.42,3600
"e10222ch_35_Quant1_5.cdf","c10","71;85;99",17030560,394.016,1000
"e10222ch_35_Quant1_5.cdf","c12","71;85;99",10375193,688.416,1200
"e10222ch_35_Quant1_5.cdf","c15","71;85;99",9333019,1086.62,1500
"e10222ch_35_Quant1_5.cdf","c18","71;85;99",10011036,1386.82,1800
"e10222ch_35_Quant1_5.cdf","c19","71;85;99",12184882,1475.02,1900
"e10222ch_35_Quant1_5.cdf","c22","71;85;99",18878442,1715.42,2200
"e10222ch_35_Quant1_5.cdf","c28","71;85;99",18889341,2114.42,2800
"e10222ch_35_Quant1_5.cdf","c32","71;85;99",14955416,2337.22,3200
"e10222ch_35_Quant1_5.cdf","c36","71;85;99",9897563,2535.42,3600
"e10222ch_36_Quant1_2.cdf","c10","71;85;99",17659164,394.216,1000
"e10222ch_36_Quant1_2.cdf","c12","71;85;99",10811443,688.616,1200
"e10222ch_36_Quant1_2.cdf","c15","71;85;99",9471010,1086.82,1500
"e10222ch_36_Quant1_2.cdf","c18","71;85;99",10314932,1387.02,1800
"e10222ch_36_Quant1_2.cdf","c19","71;85;99",12911803,1475.22,1900
"e10222ch_36_Quant1_2.cdf","c22","71;85;99",19496887,1715.62,2200
"e10222ch_36_Quant1_2.cdf","c28","71;85;99",19806653,2114.62,2800
"e10222ch_36_Quant1_2.cdf","c32","71;85;99",16216800,2337.42,3200
"e10222ch_36_Quant1_2.cdf","c36","71;85;99",11303133,2535.62,3600
"e10222ch_37_Quant1_1.cdf","c10","71;85;99",17449047,394.216,1000
"e10222ch_37_Quant1_1.cdf","c12","71;85;99",10660564,688.616,1200
"e10222ch_37_Quant1_1.cdf","c15","71;85;99",9844996,1086.62,1500
"e10222ch_37_Quant1_1.cdf","c18","71;85;99",10808070,1386.82,1800
"e10222ch_37_Quant1_1.cdf","c19","71;85;99",13669450,1475.02,1900
"e10222ch_37_Quant1_1.cdf","c22","71;85;99",20288952,1715.42,2200
"e10222ch_37_Quant1_1.cdf","c28","71;85;99",20470133,2114.42,2800
"e10222ch_37_Quant1_1.cdf","c32","71;85;99",16578108,2337.22,3200
"e10222ch_37_Quant1_1.cdf","c36","71;85;99",11330674,2535.42,3600
"e10222ch_38_wash.cdf","c10","71;85;99",24641640,395.616,1000
"e10222ch_38_wash.cdf","c12","71;85;99",11725567,688.816,1200
"e10222ch_38_wash.cdf","c15","71;85;99",6823586,1086.42,1500
"e10222ch_38_wash.cdf","c18","71;85;99",11447600,1386.62,1800
"e10222ch_38_wash.cdf","c19","71;85;99",16365947,1475.02,1900
"e10222ch_38_wash.cdf","c22","71;85;99",28187314,1715.42,2200
"e10222ch_38_wash.cdf","c28","71;85;99",27781828,2114.42,2800
"e10222ch_38_wash.cdf","c32","71;85;99",24373645,2337.22,3200
"e10222ch_38_wash.cdf","c36","71;85;99",15650701,2535.22,3600
"e10222ch_39_IdentA.cdf","c10","71;85;99",19745649,393.6,1000
"e10222ch_39_IdentA.cdf","c12","71;85;99",13271875,688.4,1200
"e10222ch_39_IdentA.cdf","c15","71;85;99",74834,1071.4,1500
"e10222ch_39_IdentA.cdf","c18","71;85;99",11504684,1386.8,1800
"e10222ch_39_IdentA.cdf","c19","71;85;99",14092030,1475,1900
"e10222ch_39_IdentA.cdf","c22","71;85;99",21761803,1715.2,2200
"e10222ch_39_IdentA.cdf","c28","71;85;99",26224768,2114.4,2800
"e10222ch_39_IdentA.cdf","c32","71;85;99",18719982,2337.2,3200
"e10222ch_39_IdentA.cdf","c36","71;85;99",12612097,2535.2,3600
"e10222ch_41_IdentB.cdf","c10","71;85;99",18070322,394.216,1000
"e10222ch_41_IdentB.cdf","c12","71;85;99",11920371,688.616,1200
"e10222ch_41_IdentB.cdf","c15","71;85;99",12084600,1086.82,1500
"e10222ch_41_IdentB.cdf","c18","71;85;99",11737074,1387.02,1800
"e10222ch_41_IdentB.cdf","c19","71;85;99",15087042,1475.22,1900
"e10222ch_41_IdentB.cdf","c22","71;85;99",22730988,1715.62,2200
"e10222ch_41_IdentB.cdf","c28","71;85;99",26531928,2114.62,2800
"e10222ch_41_IdentB.cdf","c32","71;85;99",18641295,2337.42,3200
"e10222ch_41_IdentB.cdf","c36","71;85;99",11781497,2535.42,3600
"e10222ch_43_IdentC.cdf","c10","71;85;99",19629376,394.415,1000
"e10222ch_43_IdentC.cdf","c12","71;85;99",13031150,688.615,1200
"e10222ch_43_IdentC.cdf","c15","71;85;99",12138857,1086.62,1500
"e10222ch_43_IdentC.cdf","c18","71;85;99",12747985,1386.82,1800
"e10222ch_43_IdentC.cdf","c19","71;85;99",16028790,1475.22,1900
"e10222ch_43_IdentC.cdf","c22","71;85;99",23808080,1715.42,2200
"e10222ch_43_IdentC.cdf","c28","71;85;99",28271572,2114.61,2800
"e10222ch_43_IdentC.cdf","c32","71;85;99",20007097,2337.22,3200
"e10222ch_43_IdentC.cdf","c36","71;85;99",13183016,2535.42,3600
"e10222ch_45_IdentD.cdf","c10","71;85;99",20010242,394.232,1000
"e10222ch_45_IdentD.cdf","c12","71;85;99",13318310,688.432,1200
"e10222ch_45_IdentD.cdf","c15","71;85;99",12198006,1086.63,1500
"e10222ch_45_IdentD.cdf","c18","71;85;99",12607225,1386.83,1800
"e10222ch_45_IdentD.cdf","c19","71;85;99",16499677,1475.23,1900
"e10222ch_45_IdentD.cdf","c22","71;85;99",23946545,1715.43,2200
"e10222ch_45_IdentD.cdf","c28","71;85;99",23255393,2114.63,2800
"e10222ch_45_IdentD.cdf","c32","71;85;99",19144922,2337.23,3200
"e10222ch_45_IdentD.cdf","c36","71;85;99",13696372,2535.43,3600
"e10223ch_15_c8.cdf","c10","71;85;99",38199054,393.815,1000
"e10223ch_15_c8.cdf","c12","71;85;99",27354731,688.015,1200
"e10223ch_15_c8.cdf","c15","71;85;99",28606914,1086.01,1500
"e10223ch_15_c8.cdf","c18","71;85;99",38803017,1386.42,1800
"e10223ch_15_c8.cdf","c19","71;85;99",53135303,1474.82,1900
"e10223ch_15_c8.cdf","c22","71;85;99",61601609,1715.01,2200
"e10223ch_15_c8.cdf","c28","71;85;99",57628536,2114.01,2800
"e10223ch_15_c8.cdf","c32","71;85;99",50567039,2336.82,3200
"e10223ch_15_c8.cdf","c36","71;85;99",36187232,2534.82,3600
"e10223ch_16_c9.cdf","c10","71;85;99",39774503,393.815,1000
"e10223ch_16_c9.cdf","c12","71;85;99",31190237,688.015,1200
"e10223ch_16_c9.cdf","c15","71;85;99",34855926,1086.22,1500
"e10223ch_16_c9.cdf","c18","71;85;99",43743187,1386.42,1800
"e10223ch_16_c9.cdf","c19","71;85;99",57972105,1474.82,1900
"e10223ch_16_c9.cdf","c22","71;85;99",64637702,1715.22,2200
"e10223ch_16_c9.cdf","c28","71;85;99",59875415,2114.22,2800
"e10223ch_16_c9.cdf","c32","71;85;99",53006631,2337.01,3200
"e10223ch_16_c9.cdf","c36","71;85;99",37373686,2535.01,3600
"e10223ch_17_c10.cdf","c10","71;85;99",38509364,393.415,1000
"e10223ch_17_c10.cdf","c12","71;85;99",30115176,687.815,1200
"e10223ch_17_c10.cdf","c15","71;85;99",31797001,1086.01,1500
"e10223ch_17_c10.cdf","c18","71;85;99",40267784,1386.22,1800
"e10223ch_17_c10.cdf","c19","71;85;99",55787082,1474.61,1900
"e10223ch_17_c10.cdf","c22","71;85;99",62092400,1715.01,2200
"e10223ch_17_c10.cdf","c28","71;85;99",58095659,2114.01,2800
"e10223ch_17_c10.cdf","c32","71;85;99",50880037,2336.82,3200
"e10223ch_17_c10.cdf","c36","71;85;99",35221697,2534.82,3600
"e10223ch_18_c11.cdf","c10","71;85;99",38401662,393.815,1000
"e10223ch_18_c11.cdf","c12","71;85;99",30140806,688.015,1200
"e10223ch_18_c11.cdf","c15","71;85;99",33755952,1086.01,1500
"e10223ch_18_c11.cdf","c18","71;85;99",42015910,1386.42,1800
"e10223ch_18_c11.cdf","c19","71;85;99",57149978,1474.82,1900
"e10223ch_18_c11.cdf","c22","71;85;99",63434363,1715.01,2200
"e10223ch_18_c11.cdf","c28","71;85;99",57288710,2114.22,2800
"e10223ch_18_c11.cdf","c32","71;85;99",49970927,2336.82,3200
"e10223ch_18_c11.cdf","c36","71;85;99",37468382,2535.01,3600
"e10223ch_19_c12.cdf","c10","71;85;99",38250150,393.878,1000
"e10223ch_19_c12.cdf","c12","71;85;99",31220005,688.078,1200
"e10223ch_19_c12.cdf","c15","71;85;99",35142550,1086.28,1500
"e10223ch_19_c12.cdf","c18","71;85;99",42246229,1386.48,1800
"e10223ch_19_c12.cdf","c19","71;85;99",57209446,1475.08,1900
"e10223ch_19_c12.cdf","c22","71;85;99",63437373,1715.08,2200
"e10223ch_19_c12.cdf","c28","71;85;99",58269130,2114.28,2800
"e10223ch_19_c12.cdf","c32","71;85;99",50704542,2336.88,3200
"e10223ch_19_c12.cdf","c36","71;85;99",37116528,2535.08,3600
"e10223ch_20_c13.cdf","c10","71;85;99",42243797,394.215,1000
"e10223ch_20_c13.cdf","c12","71;85;99",33656022,688.215,1200
"e10223ch_20_c13.cdf","c15","71;85;99",38773419,1086.42,1500
"e10223ch_20_c13.cdf","c18","71;85;99",45136331,1386.61,1800
"e10223ch_20_c13.cdf","c19","71;85;99",64096143,1475.22,1900
"e10223ch_20_c13.cdf","c22","71;85;99",67963878,1715.42,2200
"e10223ch_20_c13.cdf","c28","71;85;99",62117993,2114.42,2800
"e10223ch_20_c13.cdf","c32","71;85;99",55956221,2337.01,3200
"e10223ch_20_c13.cdf","c36","71;85;99",43370798,2535.21,3600
"e10223ch_21_c14.cdf","c10","71;85;99",41417825,393.616,1000
"e10223ch_21_c14.cdf","c12","71;85;99",34094419,688.016,1200
"e10223ch_21_c14.cdf","c15","71;85;99",38096257,1086.02,1500
"e10223ch_21_c14.cdf","c18","71;85;99",44543226,1386.42,1800
"e10223ch_21_c14.cdf","c19","71;85;99",65051816,1475.02,1900
"e10223ch_21_c14.cdf","c22","71;85;99",67446289,1715.02,2200
"e10223ch_21_c14.cdf","c28","71;85;99",60787480,2114.02,2800
"e10223ch_21_c14.cdf","c32","71;85;99",55009238,2336.62,3200
"e10223ch_21_c14.cdf","c36","71;85;99",43705569,2534.82,3600
"e10223ch_52_c8.cdf","c10","71;85;99",38370085,393.815,1000
"e10223ch_52_c8.cdf","c12","71;85;99",29288296,687.815,1200
"e10223ch_52_c8.cdf","c15","71;85;99",32496937,1086.01,1500
"e10223ch_52_c8.cdf","c18","71;85;99",42716903,1386.22,1800
"e10223ch_52_c8.cdf","c19","71;85;99",58978244,1474.61,1900
"e10223ch_52_c8.cdf","c22","71;85;99",68661608,1714.82,2200
"e10223ch_52_c8.cdf","c28","71;85;99",61868859,2114.01,2800
"e10223ch_52_c8.cdf","c32","71;85;99",53364504,2336.82,3200
"e10223ch_52_c8.cdf","c36","71;85;99",36654528,2534.82,3600
"e10223ch_53_c9.cdf","c10","71;85;99",40008421,394.015,1000
"e10223ch_53_c9.cdf","c12","71;85;99",30459216,688.015,1200
"e10223ch_53_c9.cdf","c15","71;85;99",37219119,1086.01,1500
"e10223ch_53_c9.cdf","c18","71;85;99",49159464,1386.22,1800
"e10223ch_53_c9.cdf","c19","71;85;99",65206684,1474.61,1900
"e10223ch_53_c9.cdf","c22","71;85;99",73698789,1715.01,2200
"e10223ch_53_c9.cdf","c28","71;85;99",66689163,2114.01,2800
"e10223ch_53_c9.cdf","c32","71;85;99",59467396,2336.82,3200
"e10223ch_53_c9.cdf","c36","71;85;99",41136764,2534.82,3600
"e10223ch_54_c10.cdf","c10","71;85;99",38987518,393.463,1000
"e10223ch_54_c10.cdf","c12","71;85;99",34617678,687.663,1200
"e10223ch_54_c10.cdf","c15","71;85;99",41557507,1085.86,1500
"e10223ch_54_c10.cdf","c18","71;85;99",46172773,1386.06,1800
"e10223ch_54_c10.cdf","c19","71;85;99",62465627,1474.46,1900
"e10223ch_54_c10.cdf","c22","71;85;99",70210523,1714.86,2200
"e10223ch_54_c10.cdf","c28","71;85;99",62890537,2113.86,2800
"e10223ch_54_c10.cdf","c32","71;85;99",55614983,2336.66,3200
"e10223ch_54_c10.cdf","c36","71;85;99",38675985,2534.66,3600
"e10223ch_55_c11.cdf","c10","71;85;99",37802190,393.816,1000
"e10223ch_55_c11.cdf","c12","71;85;99",31409703,687.816,1200
"e10223ch_55_c11.cdf","c15","71;85;99",38233234,1086.02,1500
"e10223ch_55_c11.cdf","c18","71;85;99",45663148,1386.22,1800
"e10223ch_55_c11.cdf","c19","71;85;99",61967894,1474.62,1900
"e10223ch_55_c11.cdf","c22","71;85;99",69618492,1715.02,2200
"e10223ch_55_c11.cdf","c28","71;85;99",61442202,2114.02,2800
"e10223ch_55_c11.cdf","c32","71;85;99",52225593,2336.62,3200
"e10223ch_55_c11.cdf","c36","71;85;99",35615245,2534.82,3600
"e10223ch_56_c12.cdf","c10","71;85;99",38160718,393.663,1000
"e10223ch_56_c12.cdf","c12","71;85;99",32564685,687.863,1200
"e10223ch_56_c12.cdf","c15","71;85;99",41921281,1086.06,1500
"e10223ch_56_c12.cdf","c18","71;85;99",46396239,1386.26,1800
"e10223ch_56_c12.cdf","c19","71;85;99",62840490,1474.66,1900
"e10223ch_56_c12.cdf","c22","71;85;99",70141850,1714.86,2200
"e10223ch_56_c12.cdf","c28","71;85;99",62670305,2114.06,2800
"e10223ch_56_c12.cdf","c32","71;85;99",54995575,2336.66,3200
"e10223ch_56_c12.cdf","c36","71;85;99",38087290,2534.86,3600
"e10223ch_57_c13.cdf","c10","71;85;99",43001819,393.616,1000
"e10223ch_57_c13.cdf","c12","71;85;99",36745930,687.816,1200
"e10223ch_57_c13.cdf","c15","71;85;99",42639317,1086.02,1500
"e10223ch_57_c13.cdf","c18","71;85;99",46635605,1386.22,1800
"e10223ch_57_c13.cdf","c19","71;85;99",67650151,1474.82,1900
"e10223ch_57_c13.cdf","c22","71;85;99",72460825,1715.02,2200
"e10223ch_57_c13.cdf","c28","71;85;99",64644804,2114.02,2800
"e10223ch_57_c13.cdf","c32","71;85;99",58170773,2336.82,3200
"e10223ch_57_c13.cdf","c36","71;85;99",42639275,2534.82,3600
"e10223ch_58_c14.cdf","c10","71;85;99",41885278,393.631,1000
"e10223ch_58_c14.cdf","c12","71;85;99",35940709,687.831,1200
"e10223ch_58_c14.cdf","c15","71;85;99",42960074,1086.03,1500
"e10223ch_58_c14.cdf","c18","71;85;99",47220564,1386.23,1800
"e10223ch_58_c14.cdf","c19","71;85;99",69408379,1474.83,1900
"e10223ch_58_c14.cdf","c22","71;85;99",71864748,1715.03,2200
"e10223ch_58_c14.cdf","c28","71;85;99",63226913,2114.03,2800
"e10223ch_58_c14.cdf","c32","71;85;99",55816587,2336.83,3200
"e10223ch_58_c14.cdf","c36","71;85;99",35467294,2534.83,3600
"e10223ch_89_c8.cdf","c10","71;85;99",37788276,393.431,1000
"e10223ch_89_c8.cdf","c12","71;85;99",30719034,687.431,1200
"e10223ch_89_c8.cdf","c15","71;85;99",39201334,1085.83,1500
"e10223ch_89_c8.cdf","c18","71;85;99",47722895,1386.03,1800
"e10223ch_89_c8.cdf","c19","71;85;99",63933778,1474.43,1900
"e10223ch_89_c8.cdf","c22","71;85;99",74011765,1714.83,2200
"e10223ch_89_c8.cdf","c28","71;85;99",65532337,2113.83,2800
"e10223ch_89_c8.cdf","c32","71;85;99",56396729,2336.63,3200
"e10223ch_89_c8.cdf","c36","71;85;99",38122877,2534.63,3600
"e10223ch_90_c9.cdf","c10","71;85;99",39122048,393.616,1000
"e10223ch_90_c9.cdf","c12","71;85;99",34724911,687.816,1200
"e10223ch_90_c9.cdf","c15","71;85;99",46973086,1086.02,1500
"e10223ch_90_c9.cdf","c18","71;85;99",54193753,1386.22,1800
"e10223ch_90_c9.cdf","c19","71;85;99",69560835,1474.62,1900
"e10223ch_90_c9.cdf","c22","71;85;99",80063483,1715.02,2200
"e10223ch_90_c9.cdf","c28","71;85;99",70369876,2114.02,2800
"e10223ch_90_c9.cdf","c32","71;85;99",60999775,2336.82,3200
"e10223ch_90_c9.cdf","c36","71;85;99",42101697,2535.02,3600
"e10223ch_91_c10.cdf","c10","71;85;99",38751289,393.216,1000
"e10223ch_91_c10.cdf","c12","71;85;99",35160963,687.416,1200
"e10223ch_91_c10.cdf","c15","71;85;99",44562963,1085.82,1500
"e10223ch_91_c10.cdf","c18","71;85;99",51409213,1386.02,1800
"e10223ch_91_c10.cdf","c19","71;85;99",67814205,1474.42,1900
"e10223ch_91_c10.cdf","c22","71;85;99",78735818,1714.62,2200
"e10223ch_91_c10.cdf","c28","71;85;99",69841612,2113.82,2800
"e10223ch_91_c10.cdf","c32","71;85;99",59811527,2336.42,3200
"e10223ch_91_c10.cdf","c36","71;85;99",41419615,2534.62,3600
"e10223ch_92_c11.cdf","c10","71;85;99",38244859,393.616,1000
"e10223ch_92_c11.cdf","c12","71;85;99",36626511,687.816,1200
"e10223ch_92_c11.cdf","c15","71;85;99",48057652,1086.22,1500
"e10223ch_92_c11.cdf","c18","71;85;99",51172332,1386.42,1800
"e10223ch_92_c11.cdf","c19","71;85;99",68063454,1474.82,1900
"e10223ch_92_c11.cdf","c22","71;85;99",75886079,1715.02,2200
"e10223ch_92_c11.cdf","c28","71;85;99",67298676,2114.02,2800
"e10223ch_92_c11.cdf","c32","71;85;99",59287762,2336.82,3200
"e10223ch_92_c11.cdf","c36","71;85;99",40393333,2535.02,3600
"e10223ch_93_c12.cdf","c10","71;85;99",38608528,393.615,1000
"e10223ch_93_c12.cdf","c12","71;85;99",37514814,687.815,1200
"e10223ch_93_c12.cdf","c15","71;85;99",47916008,1086.01,1500
"e10223ch_93_c12.cdf","c18","71;85;99",51646745,1386.42,1800
"e10223ch_93_c12.cdf","c19","71;85;99",68866777,1474.82,1900
"e10223ch_93_c12.cdf","c22","71;85;99",78679504,1715.01,2200
"e10223ch_93_c12.cdf","c28","71;85;99",69032736,2114.01,2800
"e10223ch_93_c12.cdf","c32","71;85;99",60185499,2336.82,3200
"e10223ch_93_c12.cdf","c36","71;85;99",41466108,2535.01,3600
"e10223ch_94_c13.cdf","c10","71;85;99",42261984,393.616,1000
"e10223ch_94_c13.cdf","c12","71;85;99",36577735,687.616,1200
"e10223ch_94_c13.cdf","c15","71;85;99",46661580,1086.02,1500
"e10223ch_94_c13.cdf","c18","71;85;99",52849753,1386.22,1800
"e10223ch_94_c13.cdf","c19","71;85;99",74105758,1474.82,1900
"e10223ch_94_c13.cdf","c22","71;85;99",80405283,1715.02,2200
"e10223ch_94_c13.cdf","c28","71;85;99",70145257,2114.02,2800
"e10223ch_94_c13.cdf","c32","71;85;99",62649158,2336.62,3200
"e10223ch_94_c13.cdf","c36","71;85;99",46033983,2534.82,3600
"e10223ch_95_c14.cdf","c10","71;85;99",42972595,393.415,1000
"e10223ch_95_c14.cdf","c12","71;85;99",36986763,687.615,1200
"e10223ch_95_c14.cdf","c15","71;85;99",46665712,1085.82,1500
"e10223ch_95_c14.cdf","c18","71;85;99",52727553,1386.22,1800
"e10223ch_95_c14.cdf","c19","71;85;99",76135296,1474.82,1900
"e10223ch_95_c14.cdf","c22","71;85;99",81028486,1714.82,2200
"e10223ch_95_c14.cdf","c28","71;85;99",69574025,2113.82,2800
"e10223ch_95_c14.cdf","c32","71;85;99",60188802,2336.61,3200
"e10223ch_95_c14.cdf","c36","71;85;99",42168600,2534.61,3600
"e10223ch_23_Quant1_200.cdf","c10","71;85;99",22936460,394.015,1000
"e10223ch_23_Quant1_200.cdf","c12","71;85;99",14924625,688.015,1200
"e10223ch_23_Quant1_200.cdf","c15","71;85;99",13730151,1086.01,1500
"e10223ch_23_Quant1_200.cdf","c18","71;85;99",17665834,1386.22,1800
"e10223ch_23_Quant1_200.cdf","c19","71;85;99",22502082,1474.61,1900
"e10223ch_23_Quant1_200.cdf","c22","71;85;99",34922749,1715.01,2200
"e10223ch_23_Quant1_200.cdf","c28","71;85;99",35403693,2114.01,2800
"e10223ch_23_Quant1_200.cdf","c32","71;85;99",26934908,2336.61,3200
"e10223ch_23_Quant1_200.cdf","c36","71;85;99",16876235,2534.82,3600
"e10223ch_24_Quant1_100.cdf","c10","71;85;99",22689264,394.216,1000
"e10223ch_24_Quant1_100.cdf","c12","71;85;99",14524860,688.016,1200
"e10223ch_24_Quant1_100.cdf","c15","71;85;99",12856470,1086.02,1500
"e10223ch_24_Quant1_100.cdf","c18","71;85;99",16314411,1386.42,1800
"e10223ch_24_Quant1_100.cdf","c19","71;85;99",20959504,1474.62,1900
"e10223ch_24_Quant1_100.cdf","c22","71;85;99",33266347,1715.02,2200
"e10223ch_24_Quant1_100.cdf","c28","71;85;99",33826769,2114.02,2800
"e10223ch_24_Quant1_100.cdf","c32","71;85;99",24868020,2336.62,3200
"e10223ch_24_Quant1_100.cdf","c36","71;85;99",16709812,2534.82,3600
"e10223ch_25_Quant1_50.cdf","c10","71;85;99",22944643,393.615,1000
"e10223ch_25_Quant1_50.cdf","c12","71;85;99",15925054,687.815,1200
"e10223ch_25_Quant1_50.cdf","c15","71;85;99",14204255,1085.82,1500
"e10223ch_25_Quant1_50.cdf","c18","71;85;99",16865780,1386.22,1800
"e10223ch_25_Quant1_50.cdf","c19","71;85;99",21444095,1474.42,1900
"e10223ch_25_Quant1_50.cdf","c22","71;85;99",34240408,1714.82,2200
"e10223ch_25_Quant1_50.cdf","c28","71;85;99",34427698,2113.82,2800
"e10223ch_25_Quant1_50.cdf","c32","71;85;99",25767355,2336.42,3200
"e10223ch_25_Quant1_50.cdf","c36","71;85;99",17181147,2534.42,3600
"e10223ch_26_Quant1_20.cdf","c10","71;85;99",22451597,393.816,1000
"e10223ch_26_Quant1_20.cdf","c12","71;85;99",13901326,687.816,1200
"e10223ch_26_Quant1_20.cdf","c15","71;85;99",11658074,1085.82,1500
"e10223ch_26_Quant1_20.cdf","c18","71;85;99",15000687,1386.02,1800
"e10223ch_26_Quant1_20.cdf","c19","71;85;99",20080369,1474.42,1900
"e10223ch_26_Quant1_20.cdf","c22","71;85;99",32636060,1714.62,2200
"e10223ch_26_Quant1_20.cdf","c28","71;85;99",32840326,2113.82,2800
"e10223ch_26_Quant1_20.cdf","c32","71;85;99",24697440,2336.42,3200
"e10223ch_26_Quant1_20.cdf","c36","71;85;99",16406731,2534.42,3600
"e10223ch_27_Quant1_10.cdf","c10","71;85;99",21986876,394.031,1000
"e10223ch_27_Quant1_10.cdf","c12","71;85;99",14106508,688.031,1200
"e10223ch_27_Quant1_10.cdf","c15","71;85;99",12476144,1086.03,1500
"e10223ch_27_Quant1_10.cdf","c18","71;85;99",15407535,1386.43,1800
"e10223ch_27_Quant1_10.cdf","c19","71;85;99",20071433,1474.63,1900
"e10223ch_27_Quant1_10.cdf","c22","71;85;99",31490739,1715.03,2200
"e10223ch_27_Quant1_10.cdf","c28","71;85;99",31674903,2114.03,2800
"e10223ch_27_Quant1_10.cdf","c32","71;85;99",23721789,2336.63,3200
"e10223ch_27_Quant1_10.cdf","c36","71;85;99",14662008,2534.83,3600
"e10223ch_28_Quant1_5.cdf","c10","71;85;99",23294994,394.216,1000
"e10223ch_28_Quant1_5.cdf","c12","71;85;99",14631849,688.016,1200
"e10223ch_28_Quant1_5.cdf","c15","71;85;99",12977767,1086.22,1500
"e10223ch_28_Quant1_5.cdf","c18","71;85;99",16019527,1386.42,1800
"e10223ch_28_Quant1_5.cdf","c19","71;85;99",20983571,1474.62,1900
"e10223ch_28_Quant1_5.cdf","c22","71;85;99",32706470,1715.02,2200
"e10223ch_28_Quant1_5.cdf","c28","71;85;99",32956342,2114.02,2800
"e10223ch_28_Quant1_5.cdf","c32","71;85;99",24646836,2336.62,3200
"e10223ch_28_Quant1_5.cdf","c36","71;85;99",16309128,2534.62,3600
"e10223ch_29_Quant1_2.cdf","c10","71;85;99",23650961,394.016,1000
"e10223ch_29_Quant1_2.cdf","c12","71;85;99",14550601,687.816,1200
"e10223ch_29_Quant1_2.cdf","c15","71;85;99",12434112,1085.82,1500
"e10223ch_29_Quant1_2.cdf","c18","71;85;99",15580427,1386.02,1800
"e10223ch_29_Quant1_2.cdf","c19","71;85;99",20712123,1474.42,1900
"e10223ch_29_Quant1_2.cdf","c22","71;85;99",31884471,1714.82,2200
"e10223ch_29_Quant1_2.cdf","c28","71;85;99",32381337,2113.62,2800
"e10223ch_29_Quant1_2.cdf","c32","71;85;99",24153081,2336.42,3200
"e10223ch_29_Quant1_2.cdf","c36","71;85;99",15933680,2534.62,3600
"e10223ch_30_Quant1_1.cdf","c10","71;85;99",37159078,394.016,1000
"e10223ch_30_Quant1_1.cdf","c12","71;85;99",25042122,688.016,1200
"e10223ch_30_Quant1_1.cdf","c15","71;85;99",22353757,1086.02,1500
"e10223ch_30_Quant1_1.cdf","c18","71;85;99",29020364,1386.22,1800
"e10223ch_30_Quant1_1.cdf","c19","71;85;99",39020807,1474.62,1900
"e10223ch_30_Quant1_1.cdf","c22","71;85;99",54989208,1715.02,2200
"e10223ch_30_Quant1_1.cdf","c28","71;85;99",53090873,2114.02,2800
"e10223ch_30_Quant1_1.cdf","c32","71;85;99",40050106,2336.62,3200
"e10223ch_30_Quant1_1.cdf","c36","71;85;99",26403978,2534.62,3600
"e10223ch_31_wash.cdf","c10","71;85;99",43655102,394.816,1000
"e10223ch_31_wash.cdf","c12","71;85;99",22811965,688.016,1200
"e10223ch_31_wash.cdf","c15","71;85;99",13014250,1085.82,1500
"e10223ch_31_wash.cdf","c18","71;85;99",26313757,1386.02,1800
"e10223ch_31_wash.cdf","c19","71;85;99",36977877,1474.42,1900
"e10223ch_31_wash.cdf","c22","71;85;99",57977190,1714.82,2200
"e10223ch_31_wash.cdf","c28","71;85;99",54485885,2113.82,2800
"e10223ch_31_wash.cdf","c32","71;85;99",48799538,2336.62,3200
"e10223ch_31_wash.cdf","c36","71;85;99",32967985,2534.62,3600
"e10223ch_81_IdentA.cdf","c10","71;85;99",42118394,393.815,1000
"e10223ch_81_IdentA.cdf","c12","71;85;99",30930220,687.815,1200
"e10223ch_81_IdentA.cdf","c15","71;85;99",30366000,1086.01,1500
"e10223ch_81_IdentA.cdf","c18","71;85;99",37515003,1386.22,1800
"e10223ch_81_IdentA.cdf","c19","71;85;99",49216219,1474.61,1900
"e10223ch_81_IdentA.cdf","c22","71;85;99",69249992,1715.01,2200
"e10223ch_81_IdentA.cdf","c28","71;85;99",67145592,2114.01,2800
"e10223ch_81_IdentA.cdf","c32","71;85;99",55280179,2336.82,3200
"e10223ch_81_IdentA.cdf","c36","71;85;99",33372131,2534.82,3600
"e10223ch_83_IdentB.cdf","c10","71;85;99",41710127,393.616,1000
"e10223ch_83_IdentB.cdf","c12","71;85;99",30494515,687.816,1200
"e10223ch_83_IdentB.cdf","c15","71;85;99",31593595,1086.02,1500
"e10223ch_83_IdentB.cdf","c18","71;85;99",37114385,1386.22,1800
"e10223ch_83_IdentB.cdf","c19","71;85;99",49853412,1474.62,1900
"e10223ch_83_IdentB.cdf","c22","71;85;99",71319984,1715.02,2200
"e10223ch_83_IdentB.cdf","c28","71;85;99",67961757,2114.02,2800
"e10223ch_83_IdentB.cdf","c32","71;85;99",56491872,2336.82,3200
"e10223ch_83_IdentB.cdf","c36","71;85;99",38898273,2534.82,3600
"e10223ch_85_IdentC.cdf","c10","71;85;99",42363523,393.615,1000
"e10223ch_85_IdentC.cdf","c12","71;85;99",30828526,687.615,1200
"e10223ch_85_IdentC.cdf","c15","71;85;99",30552686,1085.82,1500
"e10223ch_85_IdentC.cdf","c18","71;85;99",39812540,1386.01,1800
"e10223ch_85_IdentC.cdf","c19","71;85;99",52449423,1474.42,1900
"e10223ch_85_IdentC.cdf","c22","71;85;99",71414526,1714.82,2200
"e10223ch_85_IdentC.cdf","c28","71;85;99",68114643,2113.82,2800
"e10223ch_85_IdentC.cdf","c32","71;85;99",55830101,2336.61,3200
"e10223ch_85_IdentC.cdf","c36","71;85;99",36104652,2534.61,3600
"e10223ch_87_IdentD.cdf","c10","71;85;99",40747203,393.816,1000
"e10223ch_87_IdentD.cdf","c12","71;85;99",30310925,687.816,1200
"e10223ch_87_IdentD.cdf","c15","71;85;99",29509925,1086.02,1500
"e10223ch_87_IdentD.cdf","c18","71;85;99",38172893,1386.22,1800
"e10223ch_87_IdentD.cdf","c19","71;85;99",49816527,1474.62,1900
"e10223ch_87_IdentD.cdf","c22","71;85;99",72203497,1715.02,2200
"e10223ch_87_IdentD.cdf","c28","71;85;99",75389106,2114.22,2800
"e10223ch_87_IdentD.cdf","c32","71;85;99",57647187,2336.82,3200
"e10223ch_87_IdentD.cdf","c36","71;85;99",34725452,2534.82,3600
"e10224ch_104_c15.cdf","c10","71;85;99",47652906,392.663,1000
"e10224ch_104_c15.cdf","c12","71;85;99",43549880,686.863,1200
"e10224ch_104_c15.cdf","c15","71;85;99",54565663,1085.46,1500
"e10224ch_104_c15.cdf","c18","71;85;99",67128226,1385.66,1800
"e10224ch_104_c15.cdf","c19","71;85;99",84655791,1473.86,1900
"e10224ch_104_c15.cdf","c22","71;85;99",98577203,1714.26,2200
"e10224ch_104_c15.cdf","c28","71;85;99",89864996,2113.46,2800
"e10224ch_104_c15.cdf","c32","71;85;99",60586903,2335.86,3200
"e10224ch_104_c15.cdf","c36","71;85;99",30910195,2534.06,3600
"e10224ch_105_c16.cdf","c10","71;85;99",47836653,392.815,1000
"e10224ch_105_c16.cdf","c12","71;85;99",46230784,687.015,1200
"e10224ch_105_c16.cdf","c15","71;85;99",61049084,1085.62,1500
"e10224ch_105_c16.cdf","c18","71;85;99",72759025,1385.82,1800
"e10224ch_105_c16.cdf","c19","71;85;99",91948096,1474.22,1900
"e10224ch_105_c16.cdf","c22","71;85;99",104777172,1714.61,2200
"e10224ch_105_c16.cdf","c28","71;85;99",91425535,2113.42,2800
"e10224ch_105_c16.cdf","c32","71;85;99",62332002,2336.22,3200
"e10224ch_105_c16.cdf","c36","71;85;99",33135251,2534.01,3600
"e10224ch_106_c17.cdf","c10","71;85;99",118670,388.031,1000
"e10224ch_106_c17.cdf","c12","71;85;99",69954,685.431,1200
"e10224ch_106_c17.cdf","c15","71;85;99",57322,1087.03,1500
"e10224ch_106_c17.cdf","c18","71;85;99",14222,1377.43,1800
"e10224ch_106_c17.cdf","c19","71;85;99",1758,1458.63,1900
"e10224ch_106_c17.cdf","c22","71;85;99",1242,1742.83,2200
"e10224ch_106_c17.cdf","c28","71;85;99",55630,2112.43,2800
"e10224ch_106_c17.cdf","c32","71;85;99",188185,2335.03,3200
"e10224ch_106_c17.cdf","c36","71;85;99",639444,2533.23,3600
"e10224ch_107_c18.cdf","c10","71;85;99",46756725,392.816,1000
"e10224ch_107_c18.cdf","c12","71;85;99",46236030,687.216,1200
"e10224ch_107_c18.cdf","c15","71;85;99",58409033,1085.62,1500
"e10224ch_107_c18.cdf","c18","71;85;99",72260222,1385.82,1800
"e10224ch_107_c18.cdf","c19","71;85;99",94598026,1474.42,1900
"e10224ch_107_c18.cdf","c22","71;85;99",104638703,1714.62,2200
"e10224ch_107_c18.cdf","c28","71;85;99",90989204,2113.62,2800
"e10224ch_107_c18.cdf","c32","71;85;99",61396329,2336.22,3200
"e10224ch_107_c18.cdf","c36","71;85;99",34677853,2534.22,3600
"e10224ch_108_c19.cdf","c10","71;85;99",47892639,392.816,1000
"e10224ch_108_c19.cdf","c12","71;85;99",48911039,687.216,1200
"e10224ch_108_c19.cdf","c15","71;85;99",63509047,1085.62,1500
"e10224ch_108_c19.cdf","c18","71;85;99",74958204,1386.02,1800
"e10224ch_108_c19.cdf","c19","71;85;99",96048631,1474.62,1900
"e10224ch_108_c19.cdf","c22","71;85;99",106880862,1714.62,2200
"e10224ch_108_c19.cdf","c28","71;85;99",93193636,2113.62,2800
"e10224ch_108_c19.cdf","c32","71;85;99",61179706,2336.22,3200
"e10224ch_108_c19.cdf","c36","71;85;99",38721043,2534.22,3600
"e10224ch_109_c20.cdf","c10","71;85;99",49178029,392.616,1000
"e10224ch_109_c20.cdf","c12","71;85;99",46918773,687.016,1200
"e10224ch_109_c20.cdf","c15","71;85;99",60357794,1085.42,1500
"e10224ch_109_c20.cdf","c18","71;85;99",72417714,1385.62,1800
"e10224ch_109_c20.cdf","c19","71;85;99",96759155,1474.22,1900
"e10224ch_109_c20.cdf","c22","71;85;99",106973480,1714.42,2200
"e10224ch_109_c20.cdf","c28","71;85;99",93236784,2113.42,2800
"e10224ch_109_c20.cdf","c32","71;85;99",63346281,2336.02,3200
"e10224ch_109_c20.cdf","c36","71;85;99",37789323,2534.02,3600
"e10224ch_110_c21.cdf","c10","71;85;99",48494400,392.816,1000
"e10224ch_110_c21.cdf","c12","71;85;99",47209971,687.016,1200
"e10224ch_110_c21.cdf","c15","71;85;99",58292011,1085.62,1500
"e10224ch_110_c21.cdf","c18","71;85;99",68792239,1385.82,1800
"e10224ch_110_c21.cdf","c19","71;85;99",96060151,1474.42,1900
"e10224ch_110_c21.cdf","c22","71;85;99",104128054,1714.42,2200
"e10224ch_110_c21.cdf","c28","71;85;99",90833200,2113.42,2800
"e10224ch_110_c21.cdf","c32","71;85;99",53606638,2336.02,3200
"e10224ch_110_c21.cdf","c36","71;85;99",28551422,2534.02,3600
"e10224ch_14_c15.cdf","c10","71;85;99",40054468,388.016,1000
"e10224ch_14_c15.cdf","c12","71;85;99",27092131,683.416,1200
"e10224ch_14_c15.cdf","c15","71;85;99",27366366,1084.42,1500
"e10224ch_14_c15.cdf","c18","71;85;99",46382083,1385.62,1800
"e10224ch_14_c15.cdf","c19","71;85;99",67461326,1474.22,1900
"e10224ch_14_c15.cdf","c22","71;85;99",86224523,1714.82,2200
"e10224ch_14_c15.cdf","c28","71;85;99",86035815,2114.22,2800
"e10224ch_14_c15.cdf","c32","71;85;99",78742554,2337.02,3200
"e10224ch_14_c15.cdf","c36","71;85;99",51140370,2535.02,3600
"e10224ch_15_c16.cdf","c10","71;85;99",47105795,392.615,1000
"e10224ch_15_c16.cdf","c12","71;85;99",46131758,687.215,1200
"e10224ch_15_c16.cdf","c15","71;85;99",53466664,1085.82,1500
"e10224ch_15_c16.cdf","c18","71;85;99",60199354,1386.01,1800
"e10224ch_15_c16.cdf","c19","71;85;99",80120183,1474.42,1900
"e10224ch_15_c16.cdf","c22","71;85;99",93250064,1714.82,2200
"e10224ch_15_c16.cdf","c28","71;85;99",88100349,2113.82,2800
"e10224ch_15_c16.cdf","c32","71;85;99",78615215,2336.61,3200
"e10224ch_15_c16.cdf","c36","71;85;99",56436679,2534.61,3600
"e10224ch_16_c17.cdf","c10","71;85;99",48707902,392.831,1000
"e10224ch_16_c17.cdf","c12","71;85;99",47079616,687.431,1200
"e10224ch_16_c17.cdf","c15","71;85;99",53326937,1085.83,1500
"e10224ch_16_c17.cdf","c18","71;85;99",60675451,1386.03,1800
"e10224ch_16_c17.cdf","c19","71;85;99",80500816,1474.43,1900
"e10224ch_16_c17.cdf","c22","71;85;99",91499203,1714.83,2200
"e10224ch_16_c17.cdf","c28","71;85;99",87080598,2113.83,2800
"e10224ch_16_c17.cdf","c32","71;85;99",77099815,2336.63,3200
"e10224ch_16_c17.cdf","c36","71;85;99",61825267,2534.63,3600
"e10224ch_17_c18.cdf","c10","71;85;99",48987033,393.016,1000
"e10224ch_17_c18.cdf","c12","71;85;99",45468224,687.416,1200
"e10224ch_17_c18.cdf","c15","71;85;99",51542177,1085.62,1500
"e10224ch_17_c18.cdf","c18","71;85;99",60940480,1386.02,1800
"e10224ch_17_c18.cdf","c19","71;85;99",82414236,1474.42,1900
"e10224ch_17_c18.cdf","c22","71;85;99",92195813,1714.82,2200
"e10224ch_17_c18.cdf","c28","71;85;99",87194856,2113.82,2800
"e10224ch_17_c18.cdf","c32","71;85;99",79904676,2336.42,3200
"e10224ch_17_c18.cdf","c36","71;85;99",58601588,2534.42,3600
"e10224ch_18_c19.cdf","c10","71;85;99",49431940,392.815,1000
"e10224ch_18_c19.cdf","c12","71;85;99",49692416,687.415,1200
"e10224ch_18_c19.cdf","c15","71;85;99",58726406,1086.01,1500
"e10224ch_18_c19.cdf","c18","71;85;99",63050901,1386.22,1800
"e10224ch_18_c19.cdf","c19","71;85;99",85100032,1474.82,1900
"e10224ch_18_c19.cdf","c22","71;85;99",94822898,1714.82,2200
"e10224ch_18_c19.cdf","c28","71;85;99",86772516,2114.01,2800
"e10224ch_18_c19.cdf","c32","71;85;99",77807086,2336.61,3200
"e10224ch_18_c19.cdf","c36","71;85;99",58807078,2534.61,3600
"e10224ch_19_c20.cdf","c10","71;85;99",50605446,392.847,1000
"e10224ch_19_c20.cdf","c12","71;85;99",47572395,687.447,1200
"e10224ch_19_c20.cdf","c15","71;85;99",54557422,1085.65,1500
"e10224ch_19_c20.cdf","c18","71;85;99",61580035,1385.85,1800
"e10224ch_19_c20.cdf","c19","71;85;99",85788026,1474.45,1900
"e10224ch_19_c20.cdf","c22","71;85;99",97537945,1714.65,2200
"e10224ch_19_c20.cdf","c28","71;85;99",91304116,2113.85,2800
"e10224ch_19_c20.cdf","c32","71;85;99",81839421,2336.45,3200
"e10224ch_19_c20.cdf","c36","71;85;99",65934494,2534.45,3600
"e10224ch_20_c21.cdf","c10","71;85;99",50928576,392.816,1000
"e10224ch_20_c21.cdf","c12","71;85;99",51426871,687.216,1200
"e10224ch_20_c21.cdf","c15","71;85;99",58467978,1085.62,1500
"e10224ch_20_c21.cdf","c18","71;85;99",61809868,1385.82,1800
"e10224ch_20_c21.cdf","c19","71;85;99",92358149,1474.62,1900
"e10224ch_20_c21.cdf","c22","71;85;99",100514741,1714.62,2200
"e10224ch_20_c21.cdf","c28","71;85;99",88701418,2113.62,2800
"e10224ch_20_c21.cdf","c32","71;85;99",71359661,2336.22,3200
"e10224ch_20_c21.cdf","c36","71;85;99",45536904,2534.02,3600
"e10224ch_51_c15.cdf","c10","71;85;99",49388935,392.831,1000
"e10224ch_51_c15.cdf","c12","71;85;99",51182002,687.431,1200
"e10224ch_51_c15.cdf","c15","71;85;99",57692489,1085.83,1500
"e10224ch_51_c15.cdf","c18","71;85;99",62459997,1386.03,1800
"e10224ch_51_c15.cdf","c19","71;85;99",83196209,1474.43,1900
"e10224ch_51_c15.cdf","c22","71;85;99",99023343,1714.83,2200
"e10224ch_51_c15.cdf","c28","71;85;99",90066384,2113.83,2800
"e10224ch_51_c15.cdf","c32","71;85;99",80033460,2336.43,3200
"e10224ch_51_c15.cdf","c36","71;85;99",54687915,2534.43,3600
"e10224ch_52_c16.cdf","c10","71;85;99",48989774,392.832,1000
"e10224ch_52_c16.cdf","c12","71;85;99",52041337,687.432,1200
"e10224ch_52_c16.cdf","c15","71;85;99",62055468,1085.83,1500
"e10224ch_52_c16.cdf","c18","71;85;99",67437916,1386.03,1800
"e10224ch_52_c16.cdf","c19","71;85;99",88443421,1474.63,1900
"e10224ch_52_c16.cdf","c22","71;85;99",103227748,1714.83,2200
"e10224ch_52_c16.cdf","c28","71;85;99",91581440,2113.83,2800
"e10224ch_52_c16.cdf","c32","71;85;99",81183590,2336.43,3200
"e10224ch_52_c16.cdf","c36","71;85;99",57221220,2534.43,3600
"e10224ch_53_c17.cdf","c10","71;85;99",49846194,392.831,1000
"e10224ch_53_c17.cdf","c12","71;85;99",51803623,687.431,1200
"e10224ch_53_c17.cdf","c15","71;85;99",62356363,1085.83,1500
"e10224ch_53_c17.cdf","c18","71;85;99",70455399,1386.03,1800
"e10224ch_53_c17.cdf","c19","71;85;99",91488965,1474.43,1900
"e10224ch_53_c17.cdf","c22","71;85;99",106964927,1714.63,2200
"e10224ch_53_c17.cdf","c28","71;85;99",94397489,2113.83,2800
"e10224ch_53_c17.cdf","c32","71;85;99",83654334,2336.43,3200
"e10224ch_53_c17.cdf","c36","71;85;99",64033033,2534.43,3600
"e10224ch_54_c18.cdf","c10","71;85;99",49884696,392.831,1000
"e10224ch_54_c18.cdf","c12","71;85;99",52032475,687.231,1200
"e10224ch_54_c18.cdf","c15","71;85;99",61938023,1085.63,1500
"e10224ch_54_c18.cdf","c18","71;85;99",68703936,1385.83,1800
"e10224ch_54_c18.cdf","c19","71;85;99",92650732,1474.43,1900
"e10224ch_54_c18.cdf","c22","71;85;99",106613683,1714.63,2200
"e10224ch_54_c18.cdf","c28","71;85;99",93656231,2113.63,2800
"e10224ch_54_c18.cdf","c32","71;85;99",84155803,2336.23,3200
"e10224ch_54_c18.cdf","c36","71;85;99",62141050,2534.23,3600
"e10224ch_55_c19.cdf","c10","71;85;99",50136531,393.031,1000
"e10224ch_55_c19.cdf","c12","71;85;99",52648910,687.431,1200
"e10224ch_55_c19.cdf","c15","71;85;99",65438089,1085.83,1500
"e10224ch_55_c19.cdf","c18","71;85;99",72006116,1386.03,1800
"e10224ch_55_c19.cdf","c19","71;85;99",97493118,1474.83,1900
"e10224ch_55_c19.cdf","c22","71;85;99",111990513,1714.83,2200
"e10224ch_55_c19.cdf","c28","71;85;99",98092779,2113.83,2800
"e10224ch_55_c19.cdf","c32","71;85;99",86803290,2336.43,3200
"e10224ch_55_c19.cdf","c36","71;85;99",66271470,2534.63,3600
"e10224ch_56_c20.cdf","c10","71;85;99",50667273,392.631,1000
"e10224ch_56_c20.cdf","c12","71;85;99",52002568,687.031,1200
"e10224ch_56_c20.cdf","c15","71;85;99",62049393,1085.63,1500
"e10224ch_56_c20.cdf","c18","71;85;99",67896417,1385.83,1800
"e10224ch_56_c20.cdf","c19","71;85;99",95672579,1474.43,1900
"e10224ch_56_c20.cdf","c22","71;85;99",107581202,1714.63,2200
"e10224ch_56_c20.cdf","c28","71;85;99",94672102,2113.43,2800
"e10224ch_56_c20.cdf","c32","71;85;99",86425771,2336.23,3200
"e10224ch_56_c20.cdf","c36","71;85;99",63416472,2534.23,3600
"e10224ch_57_c21.cdf","c10","71;85;99",49827038,392.462,1000
"e10224ch_57_c21.cdf","c12","71;85;99",50888699,687.262,1200
"e10224ch_57_c21.cdf","c15","71;85;99",61721470,1085.86,1500
"e10224ch_57_c21.cdf","c18","71;85;99",64112563,1386.06,1800
"e10224ch_57_c21.cdf","c19","71;85;99",94966952,1474.86,1900
"e10224ch_57_c21.cdf","c22","71;85;99",104957996,1714.86,2200
"e10224ch_57_c21.cdf","c28","71;85;99",90915635,2113.86,2800
"e10224ch_57_c21.cdf","c32","71;85;99",72350961,2336.46,3200
"e10224ch_57_c21.cdf","c36","71;85;99",48844641,2534.46,3600
"e10224ch_88_c15.cdf","c10","71;85;99",48506017,393.216,1000
"e10224ch_88_c15.cdf","c12","71;85;99",43457223,687.416,1200
"e10224ch_88_c15.cdf","c15","71;85;99",52517083,1085.82,1500
"e10224ch_88_c15.cdf","c18","71;85;99",67020745,1386.02,1800
"e10224ch_88_c15.cdf","c19","71;85;99",84869466,1474.22,1900
"e10224ch_88_c15.cdf","c22","71;85;99",98080849,1714.62,2200
"e10224ch_88_c15.cdf","c28","71;85;99",89110659,2113.82,2800
"e10224ch_88_c15.cdf","c32","71;85;99",61584262,2336.42,3200
"e10224ch_88_c15.cdf","c36","71;85;99",30166525,2534.42,3600
"e10224ch_89_c16.cdf","c10","71;85;99",48342994,392.816,1000
"e10224ch_89_c16.cdf","c12","71;85;99",50314501,687.216,1200
"e10224ch_89_c16.cdf","c15","71;85;99",65909843,1085.82,1500
"e10224ch_89_c16.cdf","c18","71;85;99",74706487,1385.82,1800
"e10224ch_89_c16.cdf","c19","71;85;99",92556243,1474.22,1900
"e10224ch_89_c16.cdf","c22","71;85;99",104982311,1714.62,2200
"e10224ch_89_c16.cdf","c28","71;85;99",92721002,2113.82,2800
"e10224ch_89_c16.cdf","c32","71;85;99",62635420,2336.22,3200
"e10224ch_89_c16.cdf","c36","71;85;99",31190618,2534.22,3600
"e10224ch_90_c17.cdf","c10","71;85;99",49520179,392.616,1000
"e10224ch_90_c17.cdf","c12","71;85;99",49623989,687.016,1200
"e10224ch_90_c17.cdf","c15","71;85;99",63665415,1085.62,1500
"e10224ch_90_c17.cdf","c18","71;85;99",75788675,1385.62,1800
"e10224ch_90_c17.cdf","c19","71;85;99",93836730,1474.22,1900
"e10224ch_90_c17.cdf","c22","71;85;99",106811049,1714.42,2200
"e10224ch_90_c17.cdf","c28","71;85;99",94069397,2113.62,2800
"e10224ch_90_c17.cdf","c32","71;85;99",65603465,2336.02,3200
"e10224ch_90_c17.cdf","c36","71;85;99",39029953,2534.22,3600
"e10224ch_91_c18.cdf","c10","71;85;99",48346294,392.616,1000
"e10224ch_91_c18.cdf","c12","71;85;99",48510781,687.016,1200
"e10224ch_91_c18.cdf","c15","71;85;99",60341041,1085.42,1500
"e10224ch_91_c18.cdf","c18","71;85;99",74592813,1385.82,1800
"e10224ch_91_c18.cdf","c19","71;85;99",95291090,1474.22,1900
"e10224ch_91_c18.cdf","c22","71;85;99",106519720,1714.42,2200
"e10224ch_91_c18.cdf","c28","71;85;99",92897090,2113.42,2800
"e10224ch_91_c18.cdf","c32","71;85;99",60739484,2336.02,3200
"e10224ch_91_c18.cdf","c36","71;85;99",35596112,2534.02,3600
"e10224ch_92_c19.cdf","c10","71;85;99",48285950,392.615,1000
"e10224ch_92_c19.cdf","c12","71;85;99",49640756,687.015,1200
"e10224ch_92_c19.cdf","c15","71;85;99",64034072,1085.42,1500
"e10224ch_92_c19.cdf","c18","71;85;99",77990523,1385.82,1800
"e10224ch_92_c19.cdf","c19","71;85;99",99419159,1474.42,1900
"e10224ch_92_c19.cdf","c22","71;85;99",111495694,1714.42,2200
"e10224ch_92_c19.cdf","c28","71;85;99",97345174,2113.61,2800
"e10224ch_92_c19.cdf","c32","71;85;99",65273012,2336.01,3200
"e10224ch_92_c19.cdf","c36","71;85;99",40882733,2534.01,3600
"e10224ch_93_c20.cdf","c10","71;85;99",49711494,392.816,1000
"e10224ch_93_c20.cdf","c12","71;85;99",46878360,687.016,1200
"e10224ch_93_c20.cdf","c15","71;85;99",58827270,1085.42,1500
"e10224ch_93_c20.cdf","c18","71;85;99",73055181,1385.82,1800
"e10224ch_93_c20.cdf","c19","71;85;99",97188526,1474.42,1900
"e10224ch_93_c20.cdf","c22","71;85;99",106701933,1714.42,2200
"e10224ch_93_c20.cdf","c28","71;85;99",96276506,2113.62,2800
"e10224ch_93_c20.cdf","c32","71;85;99",62365309,2336.02,3200
"e10224ch_93_c20.cdf","c36","71;85;99",37385224,2534.02,3600
"e10224ch_94_c21.cdf","c10","71;85;99",49133343,392.616,1000
"e10224ch_94_c21.cdf","c12","71;85;99",46446132,687.016,1200
"e10224ch_94_c21.cdf","c15","71;85;99",56215426,1085.42,1500
"e10224ch_94_c21.cdf","c18","71;85;99",69343725,1385.82,1800
"e10224ch_94_c21.cdf","c19","71;85;99",96976993,1474.42,1900
"e10224ch_94_c21.cdf","c22","71;85;99",104434268,1714.42,2200
"e10224ch_94_c21.cdf","c28","71;85;99",90143919,2113.42,2800
"e10224ch_94_c21.cdf","c32","71;85;99",53625374,2336.02,3200
"e10224ch_94_c21.cdf","c36","71;85;99",26061203,2534.02,3600
"e10224ch_22_Quant1_200.cdf","c10","71;85;99",35991389,393.232,1000
"e10224ch_22_Quant1_200.cdf","c12","71;85;99",28361146,687.432,1200
"e10224ch_22_Quant1_200.cdf","c15","71;85;99",30241579,1085.83,1500
"e10224ch_22_Quant1_200.cdf","c18","71;85;99",32513835,1386.03,1800
"e10224ch_22_Quant1_200.cdf","c19","71;85;99",41537516,1474.43,1900
"e10224ch_22_Quant1_200.cdf","c22","71;85;99",60859969,1714.83,2200
"e10224ch_22_Quant1_200.cdf","c28","71;85;99",63658035,2113.83,2800
"e10224ch_22_Quant1_200.cdf","c32","71;85;99",56591069,2336.43,3200
"e10224ch_22_Quant1_200.cdf","c36","71;85;99",39356774,2534.63,3600
"e10224ch_23_Quant1_100.cdf","c10","71;85;99",36264488,393.216,1000
"e10224ch_23_Quant1_100.cdf","c12","71;85;99",29902421,687.416,1200
"e10224ch_23_Quant1_100.cdf","c15","71;85;99",30560881,1085.82,1500
"e10224ch_23_Quant1_100.cdf","c18","71;85;99",31455114,1386.02,1800
"e10224ch_23_Quant1_100.cdf","c19","71;85;99",41304244,1474.22,1900
"e10224ch_23_Quant1_100.cdf","c22","71;85;99",62032843,1714.62,2200
"e10224ch_23_Quant1_100.cdf","c28","71;85;99",65024629,2113.82,2800
"e10224ch_23_Quant1_100.cdf","c32","71;85;99",56625591,2336.42,3200
"e10224ch_23_Quant1_100.cdf","c36","71;85;99",40743864,2534.42,3600
"e10224ch_24_Quant1_50.cdf","c10","71;85;99",35384211,393.062,1000
"e10224ch_24_Quant1_50.cdf","c12","71;85;99",30426625,687.262,1200
"e10224ch_24_Quant1_50.cdf","c15","71;85;99",31235041,1085.66,1500
"e10224ch_24_Quant1_50.cdf","c18","71;85;99",31881867,1385.86,1800
"e10224ch_24_Quant1_50.cdf","c19","71;85;99",41127774,1474.06,1900
"e10224ch_24_Quant1_50.cdf","c22","71;85;99",61960770,1714.46,2200
"e10224ch_24_Quant1_50.cdf","c28","71;85;99",64323107,2113.66,2800
"e10224ch_24_Quant1_50.cdf","c32","71;85;99",56443366,2336.26,3200
"e10224ch_24_Quant1_50.cdf","c36","71;85;99",38022436,2534.26,3600
"e10224ch_25_Quant1_20.cdf","c10","71;85;99",2685729,393.032,1000
"e10224ch_25_Quant1_20.cdf","c12","71;85;99",1979498,687.232,1200
"e10224ch_25_Quant1_20.cdf","c15","71;85;99",2106673,1085.83,1500
"e10224ch_25_Quant1_20.cdf","c18","71;85;99",2131592,1385.83,1800
"e10224ch_25_Quant1_20.cdf","c19","71;85;99",2535133,1474.03,1900
"e10224ch_25_Quant1_20.cdf","c22","71;85;99",3845683,1714.03,2200
"e10224ch_25_Quant1_20.cdf","c28","71;85;99",4148250,2113.03,2800
"e10224ch_25_Quant1_20.cdf","c32","71;85;99",3042026,2335.63,3200
"e10224ch_25_Quant1_20.cdf","c36","71;85;99",2466265,2533.83,3600
"e10224ch_26_Quant1_10.cdf","c10","71;85;99",2596588,393.416,1000
"e10224ch_26_Quant1_10.cdf","c12","71;85;99",1931362,687.216,1200
"e10224ch_26_Quant1_10.cdf","c15","71;85;99",2024975,1085.82,1500
"e10224ch_26_Quant1_10.cdf","c18","71;85;99",1942680,1385.82,1800
"e10224ch_26_Quant1_10.cdf","c19","71;85;99",2303838,1474.02,1900
"e10224ch_26_Quant1_10.cdf","c22","71;85;99",3567914,1714.02,2200
"e10224ch_26_Quant1_10.cdf","c28","71;85;99",4028965,2113.22,2800
"e10224ch_26_Quant1_10.cdf","c32","71;85;99",2792385,2335.82,3200
"e10224ch_26_Quant1_10.cdf","c36","71;85;99",1928124,2533.82,3600
"e10224ch_27_Quant1_5.cdf","c10","71;85;99",2603118,392.862,1000
"e10224ch_27_Quant1_5.cdf","c12","71;85;99",1887969,686.862,1200
"e10224ch_27_Quant1_5.cdf","c15","71;85;99",2019579,1085.46,1500
"e10224ch_27_Quant1_5.cdf","c18","71;85;99",1963352,1385.46,1800
"e10224ch_27_Quant1_5.cdf","c19","71;85;99",2394771,1473.66,1900
"e10224ch_27_Quant1_5.cdf","c22","71;85;99",3643541,1713.66,2200
"e10224ch_27_Quant1_5.cdf","c28","71;85;99",4129353,2112.66,2800
"e10224ch_27_Quant1_5.cdf","c32","71;85;99",2951031,2335.46,3200
"e10224ch_27_Quant1_5.cdf","c36","71;85;99",2053062,2533.46,3600
"e10224ch_28_Quant1_2.cdf","c10","71;85;99",2644022,393.047,1000
"e10224ch_28_Quant1_2.cdf","c12","71;85;99",1904833,687.047,1200
"e10224ch_28_Quant1_2.cdf","c15","71;85;99",2023725,1085.45,1500
"e10224ch_28_Quant1_2.cdf","c18","71;85;99",2034469,1385.65,1800
"e10224ch_28_Quant1_2.cdf","c19","71;85;99",2530814,1473.85,1900
"e10224ch_28_Quant1_2.cdf","c22","71;85;99",3699449,1713.85,2200
"e10224ch_28_Quant1_2.cdf","c28","71;85;99",4125782,2112.85,2800
"e10224ch_28_Quant1_2.cdf","c32","71;85;99",2843631,2335.45,3200
"e10224ch_28_Quant1_2.cdf","c36","71;85;99",1911433,2533.65,3600
"e10224ch_29_Quant1_1.cdf","c10","71;85;99",2641868,393.215,1000
"e10224ch_29_Quant1_1.cdf","c12","71;85;99",1962041,687.015,1200
"e10224ch_29_Quant1_1.cdf","c15","71;85;99",2092583,1085.42,1500
"e10224ch_29_Quant1_1.cdf","c18","71;85;99",2091199,1385.61,1800
"e10224ch_29_Quant1_1.cdf","c19","71;85;99",3247564,1473.82,1900
"e10224ch_29_Quant1_1.cdf","c22","71;85;99",3891135,1713.82,2200
"e10224ch_29_Quant1_1.cdf","c28","71;85;99",4206588,2112.82,2800
"e10224ch_29_Quant1_1.cdf","c32","71;85;99",2963414,2335.42,3200
"e10224ch_29_Quant1_1.cdf","c36","71;85;99",2223828,2533.61,3600
"e10224ch_30_wash.cdf","c10","71;85;99",11429879,394.631,1000
"e10224ch_30_wash.cdf","c12","71;85;99",6952398,687.631,1200
"e10224ch_30_wash.cdf","c15","71;85;99",6289236,1085.63,1500
"e10224ch_30_wash.cdf","c18","71;85;99",7950266,1385.83,1800
"e10224ch_30_wash.cdf","c19","71;85;99",10444721,1474.03,1900
"e10224ch_30_wash.cdf","c22","71;85;99",16774752,1714.43,2200
"e10224ch_30_wash.cdf","c28","71;85;99",15751852,2113.23,2800
"e10224ch_30_wash.cdf","c32","71;85;99",11449088,2335.83,3200
"e10224ch_30_wash.cdf","c36","71;85;99",6875770,2534.03,3600
"e10224ch_31_IdentA.cdf","c10","71;85;99",37013151,393.216,1000
"e10224ch_31_IdentA.cdf","c12","71;85;99",34738186,687.616,1200
"e10224ch_31_IdentA.cdf","c15","71;85;99",34651417,1085.82,1500
"e10224ch_31_IdentA.cdf","c18","71;85;99",33037701,1386.02,1800
"e10224ch_31_IdentA.cdf","c19","71;85;99",46504553,1474.42,1900
"e10224ch_31_IdentA.cdf","c22","71;85;99",66460375,1714.62,2200
"e10224ch_31_IdentA.cdf","c28","71;85;99",65867906,2113.62,2800
"e10224ch_31_IdentA.cdf","c32","71;85;99",56430866,2336.42,3200
"e10224ch_31_IdentA.cdf","c36","71;85;99",36389652,2534.22,3600
"e10224ch_33_IdentB.cdf","c10","71;85;99",37108914,393.232,1000
"e10224ch_33_IdentB.cdf","c12","71;85;99",31559067,687.432,1200
"e10224ch_33_IdentB.cdf","c15","71;85;99",33073103,1085.83,1500
"e10224ch_33_IdentB.cdf","c18","71;85;99",32494336,1386.03,1800
"e10224ch_33_IdentB.cdf","c19","71;85;99",45772539,1474.43,1900
"e10224ch_33_IdentB.cdf","c22","71;85;99",68047777,1714.63,2200
"e10224ch_33_IdentB.cdf","c28","71;85;99",73406807,2113.83,2800
"e10224ch_33_IdentB.cdf","c32","71;85;99",55960002,2336.23,3200
"e10224ch_33_IdentB.cdf","c36","71;85;99",33539843,2534.23,3600
"e10224ch_35_IdentC.cdf","c10","71;85;99",36978883,393,1000
"e10224ch_35_IdentC.cdf","c12","71;85;99",32995504,687.4,1200
"e10224ch_35_IdentC.cdf","c15","71;85;99",33381409,1085.6,1500
"e10224ch_35_IdentC.cdf","c18","71;85;99",34388268,1385.8,1800
"e10224ch_35_IdentC.cdf","c19","71;85;99",47675346,1474,1900
"e10224ch_35_IdentC.cdf","c22","71;85;99",70290471,1714.4,2200
"e10224ch_35_IdentC.cdf","c28","71;85;99",74826293,2113.4,2800
"e10224ch_35_IdentC.cdf","c32","71;85;99",56340692,2336,3200
"e10224ch_35_IdentC.cdf","c36","71;85;99",32013403,2534,3600
"e10224ch_37_IdentD.cdf","c10","71;85;99",37323670,393.016,1000
"e10224ch_37_IdentD.cdf","c12","71;85;99",33500084,687.216,1200
"e10224ch_37_IdentD.cdf","c15","71;85;99",32178431,1085.62,1500
"e10224ch_37_IdentD.cdf","c18","71;85;99",33829640,1385.82,1800
"e10224ch_37_IdentD.cdf","c19","71;85;99",48601885,1474.02,1900
"e10224ch_37_IdentD.cdf","c22","71;85;99",69495892,1714.42,2200
"e10224ch_37_IdentD.cdf","c28","71;85;99",67272335,2113.42,2800
"e10224ch_37_IdentD.cdf","c32","71;85;99",56286220,2336.22,3200
"e10224ch_37_IdentD.cdf","c36","71;85;99",35556854,2534.22,3600
