Metabolite,e18057cz_17.cdf,e18057cz_18.cdf,e18057cz_19.cdf,e18057cz_20.cdf,e18057cz_21.cdf,e18057cz_22.cdf,e18057cz_24.cdf,e18057cz_25.cdf,e18057cz_26.cdf,e18057cz_27.cdf,e18057cz_28.cdf,e18057cz_30.cdf,e18057cz_32.cdf,e18057cz_33.cdf,e18057cz_34.cdf,e18057cz_35.cdf,e18057cz_37.cdf,e18057cz_38.cdf,e18057cz_39.cdf,e18057cz_40.cdf,e18057cz_41.cdf,e18057cz_44.cdf,e18057cz_45.cdf,e18057cz_46.cdf,e18057cz_49.cdf,e18057cz_50.cdf,e18057cz_51.cdf,e18057cz_52.cdf,e18057cz_53.cdf,e18057cz_57.cdf,e18057cz_58.cdf,e18057cz_59.cdf,QuantMasses
Pyruvic acid_(1MEOX)(1TMS)_MP_RI:1045_IDENT:A+D,0.003796713070103072,0.309403592282723,0.3062950092474622,0.2855606648366251,0.2963670784730571,0.2793110112898711,0.2586801220758645,0.2803738784022111,0.2659523997980401,0.26967669615104123,0.27925692590505574,0.0022446386953543364,0.33235674997249204,0.26588521272096394,0.256472493171131,0.2664217295287432,0.3276842923046002,0.3176826329220774,0.2753818079860304,0.2791728624060986,0.2673929869320378,0.2836234163819856,0.2814732466991812,0.27406564364505237,0.31146574702446184,0.27161972001357765,0.2594460687499806,0.28881407500463496,0.2582049082048397,0.31927267136566967,0.3119837583371722,0.2547676633002929,174.0 175.0 176.0 177.0 178.0 
Lactic acid_(2TMS)_MP_RI:1055_IDENT:B+C,-4.371175696318407E-4,0.12207327407605899,0.12709018405476633,0.13944264246049717,0.09874323798994594,0.0683208802241092,0.1194422998730353,0.1297960011873941,0.1338467565325316,0.09097498697572677,0.05259288967060883,2.066450782065068E-5,0.1447540697403992,0.14674634966552727,0.09301576459573443,0.1022505060620451,0.15228973096138662,0.13919540368613753,0.179256555071163,0.10885096995670956,0.12369805293107211,0.12520223338886224,0.1293302319463381,0.09400245810961981,0.14349027483488647,0.12979696256814913,0.1360167039353252,0.10570872913820882,0.1049196752905436,0.15245183733534395,0.14108695091781037,0.10652641901091536,219.0 220.0 221.0 222.0 223.0 224.0 
Serine_(2TMS)_BP_RI:1260_IDENT:C+D,0.003944982247360186,0.0038361834371627894,0.0054948317111180554,0.003820318011504776,0.003874510749786997,0.02630186805146842,0.004761013970427398,0.004134218008055183,0.004791595006522552,7.171484274672274E-4,0.011841828947868834,-0.002502992736798361,-0.0013505488984348855,0.011527601847868855,0.009761678101654354,-0.004360864361275366,0.0043895933636219795,0.003342818174185645,0.008114653577440869,0.003130801386582733,-0.003136530803520349,-0.002331681320099807,0.045290610850968756,0.0022926210790669113,-0.0013642356430822915,0.0017153257724052695,0.008212284399332992,-0.012959383174106087,1.1438579339293727E-4,-0.006187843034534356,0.008290374657019308,3.002865059106315E-4,116.0 117.0 118.0 119.0 120.0 
Glycerol_(3TMS)_MP_RI:1280_IDENT:C+D,0.0101891441350614,0.04533487846539227,0.045358722483163805,0.05630020541218439,0.03937224298224906,-0.06331902737321078,0.049032426487111445,0.11957385064271454,0.12972170665324978,0.026386617928421126,-0.04833471065641712,0.00996608242820164,0.07237104145010341,0.11162461287235113,0.05260723124398595,0.03633539077437963,0.07127447057908022,0.08048567245376288,0.14860368511198813,0.04098316017289989,0.05183686919402077,0.09780204273213916,0.10067348819369669,0.03703204142433408,0.07221204146588855,0.07652461148834233,0.11086185087483048,0.03621994277011467,0.045144243625305294,0.07588813597240492,0.08959598578350463,0.03511202877741153,218.0 219.0 220.0 221.0 222.0 
Glycine_(3TMS)_MP_RI:1314_IDENT:A+C,-0.004493360038828182,-0.0027842096897836613,0.0062665464016808566,-2.3597987957190518E-4,0.004419158106421573,0.1201542583672774,0.0052461133112760815,-0.003483824768762071,1.0622989372849548E-4,-3.5491800870877043E-4,0.062300534148553764,5.9749713378469E-4,0.00593987933989551,-0.002085688967822895,0.004458889433753643,0.0028418057601647126,0.006373287185092712,0.004599882392097729,4.239952621578489E-4,0.004071181613634611,0.002835418000324382,0.006833052909845152,-0.012706411712825251,0.004924216427279108,-0.0037637773100567045,-5.800569563198655E-6,0.005030598730291269,0.00737314214404483,0.0036391632460337085,0.004678921969867467,7.973156490699185E-4,0.0013422316887518157,276.0 277.0 278.0 
Succinic acid 249_(2TMS)_MP_RI:1327_IDENT:A+D,1.5531294299691423E-4,0.007097444931131408,0.007474371983742139,0.011844297727671616,0.008559665351391571,0.018807530835223865,0.00715806292702129,0.008114360651768172,0.008162751347366328,0.004711574843461067,0.04007483201896065,-3.264286415392044E-4,0.013664327454267693,0.01713008197681992,0.010506284693304089,0.01269070038804917,0.009383359376820319,0.009581219828959299,0.011943903597690306,0.009004883104129216,0.007102475219538088,0.01469740485612653,-0.0017643740519921306,0.0055538029006985,0.005256018949775273,0.008125179830137509,0.011515433587242888,0.01145030163843742,0.009401833765027052,0.014127081472765573,0.010778326871387234,0.009548859974232413,247.0 248.0 249.0 250.0 251.0 252.0 
Fumaric acid 247_(2TMS)_MP_RI:1366_IDENT:A+C,0.07336330131868099,0.10895014288062425,0.11317414348229539,0.11426592519401751,0.1056059114991423,NA,0.098005398497798,0.10294379194663955,0.10553334330430028,0.09084530923863339,NA,0.07288213165002387,0.1260673503782371,0.12731217890732424,0.10818406457979131,0.11313952053987726,0.10241715878146467,0.10717147583746209,0.11442985696008195,0.17382645493412444,0.10511408994290923,0.12244987750834296,0.039169189939393174,0.11363283834390106,0.10165108628500208,0.09969201591864124,0.10604249930750663,0.09961211936563621,0.09898097591677261,0.12385814128615082,0.11652971268285829,0.11115967595574389,245.0 246.0 247.0 248.0 249.0 250.0 
Serine_(3TMS)_MP_RI:1373_IDENT:C+D,2.5208595190605033E-4,0.003960329955604675,0.0029727423444081183,0.003860262581554597,2.99387235900783E-4,NA,0.0030452268730375557,0.0029462199475108856,0.0023227317671395964,-5.402362331779596E-4,NA,-0.0010492729734672282,0.0012349987817335155,0.004152086779436714,-6.383063437700033E-4,6.207668446501996E-4,2.4207210577186942E-4,0.0029294690534012718,0.004991327355749081,-6.323811472565055E-4,6.006081305079054E-4,0.0036368801512991957,0.08245936193439594,2.2918070519874096E-5,0.0036120145127713004,0.0020370161691111036,0.0034259497738226407,7.858711508230702E-4,1.417927909245189E-4,0.003853186917683351,0.003977269757238594,1.7715784672497673E-4,204.0 205.0 206.0 207.0 208.0 
Glutaric acid_(2TMS)_MP_RI:1418_IDENT:A+B,0.1268478779208393,0.05059574523862579,0.02687132195557206,0.026644221638487058,0.028551575528559383,0.09389765255868603,0.018673983373602522,0.030405880888196,0.016277917867435158,0.06799155565261703,0.12867647058823528,0.14835867129817595,0.004914484711396072,0.05593648700620845,0.06025774991292233,0.021495335658637958,0.01678580342115536,NA,0.07220503054828216,0.04884670449122435,0.038914673330953234,0.04107415465615271,0.0577196519524618,0.0411804218351171,0.05133573825080094,0.048287509898062485,0.04405923884647928,0.07194367494262777,NA,0.00907563025210084,0.016546776846402315,0.06053438891637803,261.0 262.0 263.0 264.0 265.0 266.0 267.0 
Aspartic acid_(2TMS)_BP_RI:1433_IDENT:A+C,0.8936982162747761,0.8834758227512547,0.86331190921221,0.7245171753637795,0.732284746564256,NA,0.9030545427679751,0.8370717182255437,0.8501915690565373,0.7198333222059237,NA,0.8356439287423648,0.8983541863167364,0.7442377714209625,0.8531529645953596,0.8255673922242138,0.9319110476499347,0.9011244449647579,0.872782028904497,0.8791512690499159,0.6880407188239408,0.945064969487586,0.9295078157057004,0.8827113085574912,0.9408571604093691,0.8631827899862468,0.8781398485414598,0.9235561394406976,0.8127452822634352,0.9436249197929337,0.8943607359855723,0.8018395725424999,245.0 246.0 247.0 248.0 249.0 250.0 251.0 
Alanine_ beta-_(3TMS)_MP_RI:1435_IDENT:A+D,0.3697833907211466,0.35691457895691125,0.36365722931859396,0.3794703770977638,0.4089431025835989,0.36402954611721255,0.34814062039847227,0.3870068669606594,0.3559456490565425,0.4222040604127381,0.5930360080424054,0.4066669579455683,0.361205689319389,0.37063569643945404,0.4182881057902909,0.38500046577373115,0.3547706109095977,0.2809705864216563,0.33643114855838513,0.3688272121841427,0.40138038849112173,0.3362011370495933,0.33920941236992247,0.34337811752582076,0.3379964672034784,0.3862253442657063,0.3324474302802051,0.4216686934050056,0.40917357138910443,0.3306135286542813,0.337565636150893,0.35244846325433776,188.0 189.0 190.0 191.0 
Malic acid 247_(3TMS)_MP_RI:1487_IDENT:B+D,-0.003211565839726404,0.040763744222942676,0.04536070648154153,0.04707507876783573,0.04099542729687995,0.06903669546116638,0.02859241883177838,0.030516506206143646,0.035701080130937986,0.014769097378634627,NA,-0.0072237907597684356,0.060064542154094396,0.06088512755745301,0.037617913787943845,0.04351660377874205,0.03667497165243683,0.79454412788457,0.04192200078257894,0.026726343560113216,0.02560990982415766,0.05258567688505433,0.04087923414417544,0.024609712686283133,0.03301250150720802,0.028060641170192642,0.036826558455410614,0.02456693207033508,0.023215423980825683,0.05745303232782265,0.0523192701385675,0.029405043177336783,245.0 246.0 247.0 248.0 249.0 250.0 251.0 
Aspartic acid_(3TMS)_MP_RI:1517_IDENT:A+C,0.043565079246917424,0.04786530321365364,0.08906313951610421,0.06579911101633669,0.0721556625447824,NA,0.07973308599739161,0.07836948465156784,0.054786297078117586,0.11335761858045557,NA,0.13625679168818938,0.09767759944061061,0.09228314542798946,0.06656270123200132,0.075570639372421,0.10207055813457797,NA,0.07256830589760387,0.10509196635229218,0.07474602322700295,0.08396542798019047,0.16317340701947047,0.11950583875675969,NA,NA,0.06419992771561113,0.094683164936161,0.09422187383614025,0.09145748389477774,0.0854954885940867,0.11515411130845798,218.0 219.0 220.0 221.0 222.0 
Glutamic acid_(2TMS)_BP_RI:1533_IDENT:A+B,-0.04611839568067875,-0.08284868781179261,-0.08679395800684853,-0.0848133759956151,-0.06501437331821965,NA,-0.09289094634721114,-0.10008917357447877,-0.09059777193937255,-0.08288766595316774,NA,-0.0886400631000205,-0.08419379945518225,-0.06525991021849525,-0.09489824856890172,-0.07232552853575169,-0.09276827615520492,NA,-0.0930468720397105,-0.07812172014293521,-0.08759118675318929,-0.07955293582327579,-0.07920546548470629,-0.08275829063510437,-0.08764269266571946,-0.06817852246031929,-0.07398532888606972,NA,-0.07873320507914955,NA,-0.08108119340212698,-0.08170593041659763,276.0 277.0 278.0 279.0 280.0 281.0 282.0 283.0 
Serine_(4TMS)_BP_RI:1571_IDENT:C+D,0.05511044752242945,0.010214733074858335,0.02265950472645759,0.011739021772687847,0.007928348058991279,NA,0.014807698081484372,0.0034918398849041617,0.011552391305572297,-6.504047414505652E-4,NA,0.015395456911766574,0.001888136339501936,0.04942949681407312,-6.39570472156725E-4,-0.006059925660356176,-0.017800995365353834,NA,0.03784822891718139,-0.0029183253729683964,0.008370209961397233,0.007201480405592238,0.01770727447134451,-0.010307758637087008,0.0038818231214831052,0.011162302443576137,0.010469529464195862,0.002665884139472644,-7.856082650770505E-4,0.01465758573958117,0.003849792828945222,8.179698105326666E-4,290.0 291.0 292.0 293.0 294.0 295.0 
Glutaric acid_ 2-hydroxy-_(3TMS)_MP_RI:1577_IDENT:A+D,-0.010019161646649217,0.01149910974634222,0.018134483272739785,0.006864121891789532,0.006183944050337886,NA,0.003677454262220029,0.0096523623974218,-0.010442231890525063,0.006774541984332561,NA,0.004322943699292485,0.004591721506171878,0.009106470737242882,1.899094764828765E-4,0.0046801762526990885,0.0032985731881251365,NA,0.003242769500438212,0.005004506385090764,0.007984198032637545,0.0016114643440953368,0.0015452730729574576,0.0014025859412209677,0.005336393630755989,-0.013491155862325193,0.012520631083513816,0.005581248887208155,0.0043809303979488075,0.0054092277634811515,0.019976937452781424,0.007719364925190608,247.0 248.0 249.0 250.0 251.0 252.0 
Glutaric acid_ 2-oxo- 200_(1MEOX)(2TMS)_MP_RI:1579_IDENT:B+C,0.23716263777387708,0.16876031686017023,0.16871186330066676,0.17425545685636298,0.4482235519329633,NA,0.18544885125487365,0.19037952040768724,0.18627236217597665,0.1602816589495188,NA,0.08271067506984602,0.17909650318729503,0.17197857350776458,0.21926013932331626,0.22764947068498229,0.17298794175304952,0.8151910930307248,0.15984610631740034,0.17225175661202882,0.22549155384540523,0.16477314044791708,0.17668698491204227,0.1856149286310428,0.1694827317055253,0.17145418089752085,0.21020736535714932,0.2919007420851603,0.24325003868172676,0.17617541351409802,0.19243182012481833,0.15081798194704285,198.0 199.0 200.0 201.0 202.0 203.0 204.0 205.0 
Glutamic acid_(3TMS)_MP_RI:1620_IDENT:A+B,7.985261696582447E-5,0.010204784338776177,0.010626389225567724,0.012709846855726754,0.008800189372810548,NA,0.007475649700371811,0.008345106010697226,0.009805504259901668,0.004468079534461564,NA,2.2802731266314383E-4,0.01370943063668053,0.015204470330961168,0.008743897800614952,0.010682142540774854,0.008921214887743696,NA,0.011786391313434542,0.006611338842148606,0.007690821184022989,0.012609311719716175,0.013683144216446357,0.009233552711306953,0.00713286156040276,0.009236096317486165,0.010565506372946414,0.007323851814302632,0.007917569735002959,0.01343449721626696,0.011298701233145298,0.011031099943409195,246.0 247.0 248.0 249.0 250.0 251.0 252.0 253.0 
Dihydroxyacetone phosphate_(1MEOX)(3TMS)_MP_RI:1739_IDENT:A+B,0.2990961380443714,0.136567938227498,0.377530157432018,0.4654044750430293,0.25567019892173265,NA,-0.11239634868650268,0.2885066011316226,0.13703351974956912,0.882479468126711,NA,0.5301991511589944,0.5488197424892703,0.011613637043910323,0.3195643511754549,0.17100219058050384,0.01806205725175028,-0.06516496237700174,0.018499666514550497,0.5835650723025584,0.16629112212708427,0.7974459476545708,0.015542040737522926,0.39321378717921185,0.8375793069790142,0.3610874301411386,0.341403364792778,0.0073765234124438745,0.8376201610808002,0.7487053340238219,0.2560421400537079,0.35224534501642935,400.0 401.0 402.0 403.0 404.0 405.0 
Glycerol-3-phosphate_(4TMS)_MP_RI:1756_IDENT:B+C,0.007500621965154723,0.18096736281290882,0.20657825985944658,0.1863985511064408,0.17903945448299288,NA,0.13891423038804476,0.141518915656109,0.14836533731891183,0.11964163292071725,NA,0.006796018186436639,0.14941749880789346,0.12608575398775532,0.1526234391915768,0.08144848086759952,0.12612518358651834,0.12293781804367568,0.13483899879631853,0.13075967682521616,0.09611382645623695,0.11206774077942595,0.09523402926562217,0.10066233198638483,0.08658915288510147,0.09624039325975299,0.08937591225118019,0.07523245662331308,0.08271714855540922,0.1599773183404512,0.10427242529774888,0.10358235513029944,357.0 358.0 359.0 360.0 361.0 
Glyceric acid-3-phosphate_(4TMS)_MP_RI:1802_IDENT:B+D,0.24419908944949084,0.7535943832115847,0.7381398316422089,0.7780564387132447,0.7839522905936568,0.47512678097078,0.771040209652211,0.7293766714667764,0.7053621493455519,0.8119237450447642,0.40242309062834064,0.22519377662669143,0.7816102305475504,0.6477776169103808,0.7347340656164185,0.7553600691915513,0.7728992503236555,0.7744595736488005,0.747711820083682,0.7376393122222481,NA,0.694110718492344,0.7703852913877205,0.8117712282709779,0.7408708348829841,0.8094420103838953,0.8052092669545615,0.8144008148448008,0.8936359779380568,0.7539368586974643,0.737975580683612,0.7068901615236547,357.0 358.0 359.0 360.0 361.0 
Citric acid 275_(4TMS)_MP_RI:1814_IDENT:B+D,0.005790016488049364,0.11512911225601757,0.10919312493460819,0.12094825606383283,0.08489602424281655,NA,0.09305964810057069,0.09428023822414727,0.1086684825188037,0.04720030896743963,NA,0.007607243437186565,0.17167016244829955,0.190221908586039,0.11573012668846262,0.10362438901419735,0.11688411882699508,0.12061442445158344,0.15579950267281406,0.08330888364642706,0.09846040088223953,0.12476745440121462,0.21265398530161408,0.08946639988475558,0.08377615432355758,0.09395168045327909,0.10545802008357985,0.06999370736009602,0.07543578020885125,0.17475643200282404,0.12546705876016362,0.09098350271819379,273.0 274.0 275.0 276.0 277.0 278.0 279.0 
Fructose_(1MEOX)(5TMS)_MP_RI:1862_IDENT:B+C,-5.935524506217477E-4,0.01528433029279937,0.013499144425554194,0.02885419845846108,0.01300313734938096,0.007374463030047878,0.013671758086716874,0.014809854319036331,0.013845862866564255,0.015399893917696424,0.013950380462866724,-2.504863858458496E-4,0.011903408674378243,0.015869725314218798,0.01309726617102156,0.01366738626418071,0.012492904429703073,0.013992005831915318,0.014441129941070122,0.012346928320873645,0.012883730328399998,0.01451445200897019,0.027570969450298414,0.014119211798702368,0.013365838637321839,0.014675631086912236,0.014353531022552348,0.015235379873620428,0.013396289235708445,0.017696900206241137,0.016569626364909003,0.03908608917653135,217.0 218.0 219.0 220.0 221.0 
Glucose_(1MEOX)(5TMS)_MP_RI:1886_IDENT:B+D,-0.0013604076080565028,0.829472257877301,0.8262307240032815,0.8255759795622785,0.8213467737133131,0.7815660540991837,0.8085723211120874,0.8190702584258763,0.8207847901198143,0.7787623364558457,0.7812666237368522,-0.0011139113508570136,0.822294814953753,0.8059512084161667,0.7739829383592063,0.7701904506694487,0.8136950901037412,0.8264241554764453,0.8145262059403955,0.7895886859902024,0.7665356108638691,0.811166916151058,0.8268588518512822,0.8031525653109822,0.8192158415596222,0.8120482902426281,0.8204796369266064,0.7825493467182124,0.7741492276607039,0.8251118051212075,0.8177955460991382,0.7820447130797725,217.0 218.0 219.0 220.0 221.0 
Fructose-1-phosphate_(1MEOX)(6TMS)_MP_RI:2291_IDENT:B+D,NaN,NaN,NaN,NaN,NaN,NA,NaN,NaN,NaN,NaN,NA,NaN,NaN,NaN,NaN,NaN,NA,NaN,NaN,NaN,NaN,NaN,NaN,NA,NaN,NaN,NA,NaN,NA,NaN,NaN,NaN,217.0 218.0 219.0 220.0 221.0 222.0 
Glucose-1/6-phosphate_(1MEOX)(6TMS)_MP_RI:2316_IDENT:C+D/A+B,0.010196258760785002,0.6272957984521523,0.6669382346983668,0.6518420626243193,0.6539653738117044,NA,0.717996611352546,0.7209794909728292,0.7720881410951576,0.6044698789557805,NA,-0.01504050341704607,0.6993352716433091,0.6589383576836357,0.637612343631917,0.6041438975837163,0.631224014435624,0.6798438553113001,0.797662403157742,0.6025405331242136,0.5837999408765644,0.6775739798818929,0.661144873554205,0.6102221884792447,0.6922633772541535,0.6635534122824713,0.7238212034642769,0.6195755127723062,0.5954086167855568,0.6574267051863969,0.6656734038772966,0.6110018242130214,217.0 218.0 219.0 220.0 221.0 222.0 
Gluconic acid-6-phosphate_(7TMS)_MP_RI:2426_IDENT:A+D,-0.002821440552067858,0.25807744663447924,0.1604334069697966,0.27277381253178995,0.46838690067607036,NA,0.39050016455707465,0.29388226903259923,0.3030216194926711,0.3568048571945936,NA,-5.242635875575918E-4,0.3380656107828311,0.15224209629118002,0.25440611777935973,0.37913414732309464,0.3454049027510695,0.4176659861061707,0.35326894692188787,0.34365506709231064,0.26768546902064927,0.46262620042600955,0.3750305207792517,0.3994217710086343,0.2711704482190019,0.3930862131976264,0.334573438947895,0.3514949085414669,0.34716667501235526,0.39405299674021493,0.24031650875846391,0.44398844394452863,217.0 218.0 219.0 220.0 221.0 222.0 
Sucrose_(8TMS)_MP_RI:2632_IDENT:A+C,0.013291737217062874,0.3920473090260431,0.419097875599485,0.3882931458257012,0.5849892539268227,0.017543058093814033,0.4847331538839719,0.28396832847133413,0.3068808722926689,0.5256005783741791,0.052171811756177126,0.024710212064801135,0.44332776508287275,0.24999693675264825,0.36598404149029956,0.5331750116639272,0.4697878776302958,0.540459943588787,0.3222469808971193,0.4772637686351699,0.5002319294435196,0.49863611770940625,0.46651235071017944,0.577702192166621,0.45135834490677484,0.5098409404102929,0.4393949253015864,0.44490067108417664,0.5106740530200444,0.38598485886346207,0.33985057865708695,0.5949972096259418,217.0 218.0 219.0 220.0 221.0 
Fructose-1_6-diphosphate_(1MEOX)(7TMS)_MP_RI:2705_IDENT:B+C,-0.007910873824436783,0.3955339156158447,0.43703829018208096,0.3804253372877861,0.5733207278907373,NA,0.5377437263750219,0.3688008356872494,0.3142888161333298,0.4756561640478201,0.04212035734575757,-0.006207950610053952,0.5908342939698527,0.31242775754791613,0.44819630483821243,0.540223145766067,0.46479429211298695,0.5031129469899651,0.4642273499556388,0.4585541188372768,0.5111890370699556,0.5775060512715492,0.46112316702999384,0.5680381633175323,0.5084649978503287,0.5675132065497078,0.5548221763787577,0.45553869009557935,0.4622372306912497,0.4205516077363856,0.30777329507846973,0.5719790433786366,217.0 218.0 219.0 220.0 221.0 222.0 
Succinic acid 251_(2TMS)_MP_RI:1327_IDENT:A+D,0.0023827641453227594,0.003180514578503214,0.0013899916763520175,0.003065215186747971,6.374969812939308E-4,0.02293646080760095,0.001345240147495583,0.002201370959665467,-3.0777988701680145E-5,9.989920783834857E-5,0.030430606901814258,0.0015100950400120515,8.441678882234223E-4,9.298055756678943E-4,7.019207815653394E-4,0.0011116111983310475,0.001733182386842072,3.888970897010998E-4,0.002500335206979863,7.617522459803166E-4,3.047315080733558E-4,0.0035610255753657054,0.005143777840770524,7.60903158647391E-4,6.110592613574375E-4,0.0013039704017530828,0.0016519152777706267,0.001568219471291285,-1.8976580566394934E-4,0.002372560936293158,0.001537511198705402,7.383051560212764E-4,247.0 248.0 249.0 250.0 251.0 252.0 
Fumaric acid 249_(2TMS)_MP_RI:1366_IDENT:A+C,6.991929208596313E-4,0.013749271383446348,0.01256191405526254,0.012688226390543044,0.009037011491659643,NA,0.016515489265758816,0.018077193358069923,0.016883605087837743,0.013972138485854102,NA,0.006575419639039157,0.013971051317534922,0.01804061784199267,0.012715292265302106,0.013351786119652475,0.012228217819965975,0.013422748418711458,0.018955124021692495,0.023243519424400134,0.010174054857356077,0.013136591446392978,0.017697109224922222,0.020523500779190795,0.012280355241715982,0.0179652467053358,0.015502471831428903,0.016117276325865543,0.013011198707992392,0.0123964956451618,0.012947279372769599,0.017350545524661184,245.0 246.0 247.0 248.0 249.0 250.0 
Malic acid 248_(3TMS)_MP_RI:1487_IDENT:B+D,-0.001966950618074681,0.02229306644601829,0.024496144370705544,0.02795609099570574,0.018463251467112047,0.03971048686813138,0.019669516193881787,0.01861942355742724,0.022686077457599742,0.01747055216072986,NA,-2.638326956579925E-4,0.02745633146824219,0.031465224582402494,0.01862091690074949,0.02207359267651972,0.027148796584003286,0.8996729451606998,0.02821226331348543,0.021039666995411464,0.01754076983337387,0.026922231244752688,0.021942462727832266,0.016148808020674945,0.022001905699538544,0.019738620605872226,0.02352879637781188,0.02205490908732415,0.02079858704044459,0.03031254058265876,0.027194803750716534,0.020387173303618673,245.0 246.0 247.0 248.0 249.0 250.0 251.0 
Malic acid 249_(3TMS)_MP_RI:1487_IDENT:B+D,-0.0017562155686765579,0.005891038609380141,0.009020393783600351,0.010442565329830605,0.005112665647374925,0.06370597243491577,0.0034868302768788204,0.004598686675514207,0.004825373961058589,0.003254357066896896,NA,-0.002721402191722277,0.008015673375949169,0.008539314057965947,0.005703848065415658,0.0067273164552506875,0.007690567578453316,0.7470192919492812,0.010807053972257155,0.0036125257513029466,0.005753046685050233,0.00835838848303145,0.010055152865643863,0.005767381722653971,0.007390104495043979,0.003751491337057327,0.00504479655373262,0.001768490990638421,0.0042220842225084345,0.010625033192405115,0.01053850436804943,0.006713020042152347,245.0 246.0 247.0 248.0 249.0 250.0 251.0 
Glutaric acid_ 2-oxo- 203_(1MEOX)(2TMS)_MP_RI:1579_IDENT:B+C,0.7723095879724842,0.3681447316772276,0.36305043501450046,0.26333405854099373,0.8876328213421726,NA,0.40006832934745473,0.3789173507930025,0.3279030467028249,0.4812459255309199,NA,0.2486118537929147,0.30537409940287785,0.24783061992235209,0.3093474655204188,0.6346163540023685,0.48219450971235095,0.9778718667165702,0.34926785295293283,0.3641011631874504,0.3645959357132768,0.32681118396277,0.43981209493979645,0.6020582401231347,0.36792515461756176,0.3302567694705975,0.5392116948455348,0.5234760056043898,0.4894033791454558,0.44901939568319904,0.4139561013353645,0.521305973524131,198.0 199.0 200.0 201.0 202.0 203.0 204.0 205.0 
Glutaric acid_ 2-oxo- 290_(1MEOX)(2TMS)_MP_RI:1579_IDENT:B+C,0.18876999260060334,0.3117253858248351,0.24398762389218104,0.2470002750464141,0.5034747474747475,NA,0.37711504484914377,0.2442477275234886,0.43469571026491877,0.32606743327931903,NA,0.23736516454032744,0.3987465418039967,0.17577491764787326,0.4319112646139989,0.3480587656301265,0.25034378647956534,0.9266766098515686,0.218298753141787,0.45562627271530665,0.3257634743489921,0.4566066396928169,0.10345680539236905,0.3562412889014513,0.51854813718924,0.37120929386884083,0.19288157798966446,0.4852960247393885,0.5281164401954992,0.35367979705703584,0.22588535915149335,0.3664045817544466,198.0 199.0 200.0 201.0 202.0 203.0 204.0 205.0 
Glutaric acid_ 2-oxo- 293_(1MEOX)(2TMS)_MP_RI:1579_IDENT:B+C,0.06812795240196799,0.050895084905888906,0.08778679085306437,0.059554734966401165,0.07425542132371635,NA,0.13014803568039476,0.03486733720627764,0.08282546507702422,0.07581821832541329,NA,0.16274945900456841,0.11203558930831659,0.030238035444000243,0.11069602722160854,0.015111630007379586,0.006721137572778583,0.22916809311879494,0.07813294587722484,0.16613890272539672,0.09003129086493555,0.1314659532855248,0.054143238349375775,0.03763440860215054,0.16187354988399072,0.018007920496151835,0.12565751681102938,0.038901772326376274,0.0408589741590381,0.06847949811425665,0.05699068534290608,0.05121522964605859,198.0 199.0 200.0 201.0 202.0 203.0 204.0 205.0 
Citric acid 276_(4TMS)_MP_RI:1814_IDENT:B+D,0.0019137666545650663,0.04278941309747201,0.04352202338821982,0.04396104868496234,0.03408692836527091,NA,0.036344777818093914,0.03540921301409229,0.042430944353366945,0.02067313997019243,NA,0.0028712733063428523,0.07072065219196991,0.07610672023228887,0.043569725691126215,0.043462401282560396,0.04624234073848784,0.04879339625845701,0.06291054067145513,0.033084710789155966,0.039787647918013536,0.051809666296890204,0.06665343145092291,0.03631464463614482,0.033975347864952196,0.03863018630884922,0.04420438959028425,0.030727597962299655,0.03224404791843214,0.06936363292035602,0.05109628206209438,0.0375281449497057,273.0 274.0 275.0 276.0 277.0 278.0 279.0 
Citric acid 277_(4TMS)_MP_RI:1814_IDENT:B+D,0.007342653136046142,0.02481727341710275,0.02617850809659978,0.027083291519601798,0.022389213922675618,NA,0.020745041912517585,0.019526415977048975,0.022935737704431573,0.01484913100421913,NA,0.00853961443446044,0.0412116705046173,0.0435471736354728,0.0243432246916179,0.029061969528257587,0.025175628786945167,0.02866607341413809,0.033383296623321165,0.020300814958579473,0.023932666905565936,0.02911542550556708,0.034201613101333676,0.02417473102892907,0.018937350701483762,0.0235011634418877,0.024377997649326227,0.018076113028888306,0.024546704893381198,0.03940305685171323,0.029819552219640135,0.03117262122121968,273.0 274.0 275.0 276.0 277.0 278.0 279.0 
Citric acid 278_(4TMS)_MP_RI:1814_IDENT:B+D,0.0019403743024037988,0.007797636516760578,0.00931871511162894,0.008700216311052273,0.013025764697952674,NA,0.0073158631569550745,0.004085524217731892,0.007634556118710769,0.009011365861294487,NA,0.002887669723907258,0.011801274711009137,0.010591318981072923,0.008033999278465863,0.01110258621263812,0.008216899535541191,0.00929970896579492,0.009039902016931564,0.0082818160756109,0.009988650364589208,0.008752024894395687,0.010353141466512497,0.007938702714592774,0.006262700768817929,0.009612569932971963,0.0074741966947832915,0.006813801900719881,0.00858021961418527,0.00946520453213579,0.007080551850215435,0.010088862832800808,273.0 274.0 275.0 276.0 277.0 278.0 279.0 
Citric acid 377_(4TMS)_MP_RI:1814_IDENT:B+D,0.1485597369631027,0.23462827134848133,0.22927147908005582,0.23920609274215748,0.20821334637314412,NA,0.21765356121915616,0.2196244439665418,0.22868555537841273,0.1788562146774016,NA,0.14631206998878948,0.2867204913268932,0.301395655222654,0.2396269331505441,0.23090995088763813,0.2379561984796539,0.24468489445580446,0.27283011744370433,0.21157949797950934,0.22374449955366657,0.24909553434161583,0.2523259328263011,0.21594936313938828,0.21104764377194893,0.2211406219721721,0.23305019141650135,0.20079805317813731,0.20518120071790785,0.2869337954877394,0.2514709343374912,0.21531778671066376,273.0 274.0 275.0 276.0 277.0 278.0 279.0 
Citric acid 378_(4TMS)_MP_RI:1814_IDENT:B+D,6.29446461594603E-4,0.09577374370988823,0.08847904242597802,0.09759286260591743,0.07636546141490956,NA,0.08603336239880202,0.08455912455602642,0.09024111406811618,0.057641980556741204,NA,-0.0024955974593877995,0.11441679254841534,0.1233101387561147,0.08861060872370957,0.08827518352725662,0.09403217383937862,0.09765110262867663,0.11290339000165357,0.0783757382490679,0.08533215983709111,0.09886543874717105,0.10318411882756832,0.07897423019756622,0.07957794731538793,0.08624243601056696,0.09280967911733165,0.07323320844926125,0.07620371181072766,0.11415098470565525,0.09989502249711177,0.08221473722752708,273.0 274.0 275.0 276.0 277.0 278.0 279.0 
Citric acid 379_(4TMS)_MP_RI:1814_IDENT:B+D,-0.0015934764289389104,0.04638571298305309,0.04820870334741412,0.05535788352081319,0.03792204101791207,NA,0.041552478452405464,0.041661570053412506,0.041331099652066244,0.02056469883150197,NA,0.0013494021047381608,0.0675818710732612,0.07414597460513402,0.0483588799152833,0.044362829165902236,0.048721320895044835,0.04844836090164393,0.0615635867458195,0.03708945262063279,0.04045882441330646,0.052791233979203545,0.05560307672781694,0.04195952299598731,0.03907914352352786,0.041632588573749824,0.04419028078679145,0.032785720987106894,0.033719416977919386,0.07075269985877214,0.05431825385206863,0.04014961258368196,273.0 274.0 275.0 276.0 277.0 278.0 279.0 
Citric acid 380_(4TMS)_MP_RI:1814_IDENT:B+D,-0.00416828734477774,0.016621765315461244,0.018723242931915907,0.014057383488028584,0.012578820401990591,NA,0.012509021591215863,0.011776678364193624,0.012341064738030406,0.005363479666852889,NA,-0.004681650344335287,0.02254663961150704,0.027126671840051124,0.012113873726349783,0.015647406912688913,0.014895746547111342,0.016027757922081866,0.02091650615394099,0.010372266818852253,0.013601804475456454,0.014505575496666985,0.018334090310983826,0.013972531574520955,0.014538216064781152,0.01441311177279486,0.014210342862722656,0.011151365567382424,0.010842746144310394,0.0240178566878494,0.015070409400354378,0.013691458168166767,273.0 274.0 275.0 276.0 277.0 278.0 279.0 
Citric acid 381_(4TMS)_MP_RI:1814_IDENT:B+D,-0.0026204288835030053,0.010672363431847458,0.005377592730220931,0.009320752167672893,0.004128531232968577,NA,0.0037439444026803733,0.004218747066302643,0.004709058771632655,0.0028051051535364314,NA,-0.0024758977296884866,0.007635742291790624,0.009471746125228567,0.00495480896804849,0.005558669891610236,0.0036423585975320287,0.0033546433169131954,0.004907830801746104,0.0022439203709610934,0.007172386405995658,0.005436366660833511,0.005713068792753193,0.006157130407399541,0.003909745294846327,0.0045179651503522945,0.006979369740065013,0.004685105770179826,0.003643147205221303,0.00787175052425382,0.004889327590332616,0.009853420314577942,273.0 274.0 275.0 276.0 277.0 278.0 279.0 
