"file","metabolite","quantMasses","intensity","rt","ri"
"e18057cz_7_wash.cdf","c10","71;85;99",143778099,409.8,1000
"e18057cz_7_wash.cdf","c12","71;85;99",100256649,711.4,1200
"e18057cz_7_wash.cdf","c15","71;85;99",143633257,1114.6,1500
"e18057cz_7_wash.cdf","c17","71;85;99",154066425,1322.4,1700
"e18057cz_7_wash.cdf","c19","71;85;99",141762509,1499.2,1900
"e18057cz_7_wash.cdf","c22","71;85;99",138715743,1682.8,2200
"e18057cz_7_wash.cdf","c28","71;85;99",113608174,1933.6,2800
"e18057cz_7_wash.cdf","c32","71;85;99",96464353,2068,3200
"e18057cz_7_wash.cdf","c36","71;85;99",85106608,2252,3600
"e18057cz_10_Quant1_50.cdf","c10","71;85;99",158665539,410.2,1000
"e18057cz_10_Quant1_50.cdf","c12","71;85;99",117343537,711.4,1200
"e18057cz_10_Quant1_50.cdf","c15","71;85;99",165470491,1114.6,1500
"e18057cz_10_Quant1_50.cdf","c17","71;85;99",178289657,1322.4,1700
"e18057cz_10_Quant1_50.cdf","c19","71;85;99",165948316,1499.4,1900
"e18057cz_10_Quant1_50.cdf","c22","71;85;99",160144603,1682.8,2200
"e18057cz_10_Quant1_50.cdf","c28","71;85;99",129927169,1933.6,2800
"e18057cz_10_Quant1_50.cdf","c32","71;85;99",110759395,2068,3200
"e18057cz_10_Quant1_50.cdf","c36","71;85;99",97944862,2252,3600
"e18057cz_11_Quant1_20.cdf","c10","71;85;99",157017919,409.6,1000
"e18057cz_11_Quant1_20.cdf","c12","71;85;99",119235684,711.2,1200
"e18057cz_11_Quant1_20.cdf","c15","71;85;99",165375838,1114.6,1500
"e18057cz_11_Quant1_20.cdf","c17","71;85;99",180393103,1322.4,1700
"e18057cz_11_Quant1_20.cdf","c19","71;85;99",172904851,1499.2,1900
"e18057cz_11_Quant1_20.cdf","c22","71;85;99",161646602,1682.8,2200
"e18057cz_11_Quant1_20.cdf","c28","71;85;99",130322364,1933.4,2800
"e18057cz_11_Quant1_20.cdf","c32","71;85;99",110683110,2068,3200
"e18057cz_11_Quant1_20.cdf","c36","71;85;99",96625723,2251.8,3600
"e18057cz_12_Quant1_10.cdf","c10","71;85;99",147070780,409.4,1000
"e18057cz_12_Quant1_10.cdf","c12","71;85;99",109473414,710.6,1200
"e18057cz_12_Quant1_10.cdf","c15","71;85;99",151792314,1113.8,1500
"e18057cz_12_Quant1_10.cdf","c17","71;85;99",171576186,1321.6,1700
"e18057cz_12_Quant1_10.cdf","c19","71;85;99",168096472,1498.4,1900
"e18057cz_12_Quant1_10.cdf","c22","71;85;99",154049761,1682,2200
"e18057cz_12_Quant1_10.cdf","c28","71;85;99",123545932,1933,2800
"e18057cz_12_Quant1_10.cdf","c32","71;85;99",104156646,2067.4,3200
"e18057cz_12_Quant1_10.cdf","c36","71;85;99",90887470,2250.4,3600
"e18057cz_13_Quant1_5.cdf","c10","71;85;99",160824894,409.8,1000
"e18057cz_13_Quant1_5.cdf","c12","71;85;99",122221171,710.8,1200
"e18057cz_13_Quant1_5.cdf","c15","71;85;99",177116013,1114,1500
"e18057cz_13_Quant1_5.cdf","c17","71;85;99",195025458,1321.6,1700
"e18057cz_13_Quant1_5.cdf","c19","71;85;99",197990686,1498.4,1900
"e18057cz_13_Quant1_5.cdf","c22","71;85;99",176569622,1682,2200
"e18057cz_13_Quant1_5.cdf","c28","71;85;99",142149686,1933,2800
"e18057cz_13_Quant1_5.cdf","c32","71;85;99",118509000,2067.6,3200
"e18057cz_13_Quant1_5.cdf","c36","71;85;99",102770453,2250.6,3600
"e18057cz_14_Quant1_2.cdf","c10","71;85;99",163579795,409.8,1000
"e18057cz_14_Quant1_2.cdf","c12","71;85;99",127912774,710.8,1200
"e18057cz_14_Quant1_2.cdf","c15","71;85;99",194541282,1113.8,1500
"e18057cz_14_Quant1_2.cdf","c17","71;85;99",214824475,1321.4,1700
"e18057cz_14_Quant1_2.cdf","c19","71;85;99",213966771,1498.2,1900
"e18057cz_14_Quant1_2.cdf","c22","71;85;99",192873982,1681.8,2200
"e18057cz_14_Quant1_2.cdf","c28","71;85;99",157245732,1933,2800
"e18057cz_14_Quant1_2.cdf","c32","71;85;99",130585600,2067.4,3200
"e18057cz_14_Quant1_2.cdf","c36","71;85;99",112322976,2250.6,3600
"e18057cz_15_Quant1_1.cdf","c10","71;85;99",153918619,409.4,1000
"e18057cz_15_Quant1_1.cdf","c12","71;85;99",114896179,711,1200
"e18057cz_15_Quant1_1.cdf","c15","71;85;99",175374136,1114.4,1500
"e18057cz_15_Quant1_1.cdf","c17","71;85;99",202849764,1322.4,1700
"e18057cz_15_Quant1_1.cdf","c19","71;85;99",188897749,1499.2,1900
"e18057cz_15_Quant1_1.cdf","c22","71;85;99",171854570,1682.6,2200
"e18057cz_15_Quant1_1.cdf","c28","71;85;99",141889640,1933.6,2800
"e18057cz_15_Quant1_1.cdf","c32","71;85;99",123133359,2068,3200
"e18057cz_15_Quant1_1.cdf","c36","71;85;99",106502708,2251.8,3600
"e18057cz_8_Quant1_200.cdf","c10","71;85;99",158442998,409.6,1000
"e18057cz_8_Quant1_200.cdf","c12","71;85;99",117800140,711.2,1200
"e18057cz_8_Quant1_200.cdf","c15","71;85;99",162947076,1114.8,1500
"e18057cz_8_Quant1_200.cdf","c17","71;85;99",174836247,1322.6,1700
"e18057cz_8_Quant1_200.cdf","c19","71;85;99",160173187,1499.4,1900
"e18057cz_8_Quant1_200.cdf","c22","71;85;99",156505116,1683,2200
"e18057cz_8_Quant1_200.cdf","c28","71;85;99",127207945,1933.6,2800
"e18057cz_8_Quant1_200.cdf","c32","71;85;99",107729050,2068,3200
"e18057cz_8_Quant1_200.cdf","c36","71;85;99",94900436,2252.2,3600
"e18057cz_9_Quant1_100.cdf","c10","71;85;99",158134386,410,1000
"e18057cz_9_Quant1_100.cdf","c12","71;85;99",117139663,711.2,1200
"e18057cz_9_Quant1_100.cdf","c15","71;85;99",164859691,1114.6,1500
"e18057cz_9_Quant1_100.cdf","c17","71;85;99",179201302,1322.4,1700
"e18057cz_9_Quant1_100.cdf","c19","71;85;99",164642558,1499.4,1900
"e18057cz_9_Quant1_100.cdf","c22","71;85;99",160693694,1682.8,2200
"e18057cz_9_Quant1_100.cdf","c28","71;85;99",130920577,1933.4,2800
"e18057cz_9_Quant1_100.cdf","c32","71;85;99",111159280,2068,3200
"e18057cz_9_Quant1_100.cdf","c36","71;85;99",97368329,2252,3600
"e18057cz_3_IdentA.cdf","c10","71;85;99",171487749,410,1000
"e18057cz_3_IdentA.cdf","c12","71;85;99",118836300,711.4,1200
"e18057cz_3_IdentA.cdf","c15","71;85;99",170362854,1114.6,1500
"e18057cz_3_IdentA.cdf","c17","71;85;99",185407885,1322.4,1700
"e18057cz_3_IdentA.cdf","c19","71;85;99",174946845,1499.2,1900
"e18057cz_3_IdentA.cdf","c22","71;85;99",170745778,1682.8,2200
"e18057cz_3_IdentA.cdf","c28","71;85;99",140390745,1933.6,2800
"e18057cz_3_IdentA.cdf","c32","71;85;99",116625829,2068,3200
"e18057cz_3_IdentA.cdf","c36","71;85;99",101375708,2252,3600
"e18057cz_4_IdentB.cdf","c10","71;85;99",153756091,409.6,1000
"e18057cz_4_IdentB.cdf","c12","71;85;99",114517980,711.2,1200
"e18057cz_4_IdentB.cdf","c15","71;85;99",202323565,1114.6,1500
"e18057cz_4_IdentB.cdf","c17","71;85;99",191622703,1322.4,1700
"e18057cz_4_IdentB.cdf","c19","71;85;99",186720758,1499.2,1900
"e18057cz_4_IdentB.cdf","c22","71;85;99",172087041,1682.8,2200
"e18057cz_4_IdentB.cdf","c28","71;85;99",140364364,1933.4,2800
"e18057cz_4_IdentB.cdf","c32","71;85;99",116399316,2068,3200
"e18057cz_4_IdentB.cdf","c36","71;85;99",101563207,2252,3600
"e18057cz_5_IdentC.cdf","c10","71;85;99",152563384,409.8,1000
"e18057cz_5_IdentC.cdf","c12","71;85;99",113328410,711.2,1200
"e18057cz_5_IdentC.cdf","c15","71;85;99",197660052,1114.6,1500
"e18057cz_5_IdentC.cdf","c17","71;85;99",186103835,1322.4,1700
"e18057cz_5_IdentC.cdf","c19","71;85;99",171776587,1499.2,1900
"e18057cz_5_IdentC.cdf","c22","71;85;99",165661079,1682.8,2200
"e18057cz_5_IdentC.cdf","c28","71;85;99",136256036,1933.6,2800
"e18057cz_5_IdentC.cdf","c32","71;85;99",113296786,2068,3200
"e18057cz_5_IdentC.cdf","c36","71;85;99",97949754,2251.8,3600
"e18057cz_6_IdentD.cdf","c10","71;85;99",157397508,409.8,1000
"e18057cz_6_IdentD.cdf","c12","71;85;99",115749652,711.2,1200
"e18057cz_6_IdentD.cdf","c15","71;85;99",165351640,1114.6,1500
"e18057cz_6_IdentD.cdf","c17","71;85;99",180205045,1322.4,1700
"e18057cz_6_IdentD.cdf","c19","71;85;99",173266836,1499.4,1900
"e18057cz_6_IdentD.cdf","c22","71;85;99",164180750,1683,2200
"e18057cz_6_IdentD.cdf","c28","71;85;99",133756256,1933.6,2800
"e18057cz_6_IdentD.cdf","c32","71;85;99",111827633,2068,3200
"e18057cz_6_IdentD.cdf","c36","71;85;99",97503358,2252,3600
"e18057cz_17.cdf","c10","71;85;99",150341161,409.4,1000
"e18057cz_17.cdf","c12","71;85;99",114520104,711,1200
"e18057cz_17.cdf","c15","71;85;99",148168982,1114.4,1500
"e18057cz_17.cdf","c17","71;85;99",174589960,1322.2,1700
"e18057cz_17.cdf","c19","71;85;99",186709914,1499.4,1900
"e18057cz_17.cdf","c22","71;85;99",150047853,1682.6,2200
"e18057cz_17.cdf","c28","71;85;99",137495936,1933.4,2800
"e18057cz_17.cdf","c32","71;85;99",110382611,2068,3200
"e18057cz_17.cdf","c36","71;85;99",92063283,2251.8,3600
"e18057cz_18.cdf","c10","71;85;99",163807361,409.6,1000
"e18057cz_18.cdf","c12","71;85;99",120689655,710.6,1200
"e18057cz_18.cdf","c15","71;85;99",165953830,1113.6,1500
"e18057cz_18.cdf","c17","71;85;99",188743026,1321.2,1700
"e18057cz_18.cdf","c19","71;85;99",215591687,1498.2,1900
"e18057cz_18.cdf","c22","71;85;99",173399200,1681.8,2200
"e18057cz_18.cdf","c28","71;85;99",149857450,1932.8,2800
"e18057cz_18.cdf","c32","71;85;99",120697375,2067.2,3200
"e18057cz_18.cdf","c36","71;85;99",101462632,2250.2,3600
"e18057cz_19.cdf","c10","71;85;99",166552540,409.6,1000
"e18057cz_19.cdf","c12","71;85;99",124902122,710.6,1200
"e18057cz_19.cdf","c15","71;85;99",172424535,1113.8,1500
"e18057cz_19.cdf","c17","71;85;99",193310182,1321.4,1700
"e18057cz_19.cdf","c19","71;85;99",216313028,1498.6,1900
"e18057cz_19.cdf","c22","71;85;99",186192024,1682,2200
"e18057cz_19.cdf","c28","71;85;99",151516918,1933,2800
"e18057cz_19.cdf","c32","71;85;99",123647599,2067.4,3200
"e18057cz_19.cdf","c36","71;85;99",102971829,2250.6,3600
"e18057cz_20.cdf","c10","71;85;99",168407426,409.8,1000
"e18057cz_20.cdf","c12","71;85;99",125511960,711,1200
"e18057cz_20.cdf","c15","71;85;99",174975843,1114.2,1500
"e18057cz_20.cdf","c17","71;85;99",189088636,1322,1700
"e18057cz_20.cdf","c19","71;85;99",225418505,1499.2,1900
"e18057cz_20.cdf","c22","71;85;99",186982666,1682.4,2200
"e18057cz_20.cdf","c28","71;85;99",159527092,1933.4,2800
"e18057cz_20.cdf","c32","71;85;99",127869139,2067.8,3200
"e18057cz_20.cdf","c36","71;85;99",105375376,2251.4,3600
"e18057cz_21.cdf","c10","71;85;99",170910071,409.6,1000
"e18057cz_21.cdf","c12","71;85;99",123715802,710.6,1200
"e18057cz_21.cdf","c15","71;85;99",174633793,1113.8,1500
"e18057cz_21.cdf","c17","71;85;99",211576394,1321,1700
"e18057cz_21.cdf","c19","71;85;99",245979578,1498.4,1900
"e18057cz_21.cdf","c22","71;85;99",192446492,1681.6,2200
"e18057cz_21.cdf","c28","71;85;99",157068829,1932.6,2800
"e18057cz_21.cdf","c32","71;85;99",126668624,2067.2,3200
"e18057cz_21.cdf","c36","71;85;99",104706942,2250.2,3600
"e18057cz_22.cdf","c10","71;85;99",171416459,409.6,1000
"e18057cz_22.cdf","c12","71;85;99",120201788,710.6,1200
"e18057cz_22.cdf","c15","71;85;99",156928616,1113.6,1500
"e18057cz_22.cdf","c17","71;85;99",166009800,1321.2,1700
"e18057cz_22.cdf","c19","71;85;99",165057420,1498,1900
"e18057cz_22.cdf","c22","71;85;99",150048682,1681.8,2200
"e18057cz_22.cdf","c28","71;85;99",126897966,1932.6,2800
"e18057cz_22.cdf","c32","71;85;99",111466392,2067,3200
"e18057cz_22.cdf","c36","71;85;99",110184814,2249.8,3600
"e18057cz_24.cdf","c10","71;85;99",168521801,409.8,1000
"e18057cz_24.cdf","c12","71;85;99",133582462,711.2,1200
"e18057cz_24.cdf","c15","71;85;99",175061838,1114.6,1500
"e18057cz_24.cdf","c17","71;85;99",201964297,1322.4,1700
"e18057cz_24.cdf","c19","71;85;99",224194229,1499.4,1900
"e18057cz_24.cdf","c22","71;85;99",192304860,1682.8,2200
"e18057cz_24.cdf","c28","71;85;99",168413560,1933.4,2800
"e18057cz_24.cdf","c32","71;85;99",134915593,2067.6,3200
"e18057cz_24.cdf","c36","71;85;99",111357522,2251.4,3600
"e18057cz_25.cdf","c10","71;85;99",165693165,409.4,1000
"e18057cz_25.cdf","c12","71;85;99",124871426,711.2,1200
"e18057cz_25.cdf","c15","71;85;99",175246103,1114.6,1500
"e18057cz_25.cdf","c17","71;85;99",195951229,1322.2,1700
"e18057cz_25.cdf","c19","71;85;99",221706771,1499.4,1900
"e18057cz_25.cdf","c22","71;85;99",186720266,1682.8,2200
"e18057cz_25.cdf","c28","71;85;99",163176061,1933.4,2800
"e18057cz_25.cdf","c32","71;85;99",129804792,2067.8,3200
"e18057cz_25.cdf","c36","71;85;99",108511576,2251.4,3600
"e18057cz_26.cdf","c10","71;85;99",165432162,409.6,1000
"e18057cz_26.cdf","c12","71;85;99",122824795,711.2,1200
"e18057cz_26.cdf","c15","71;85;99",175097623,1114.6,1500
"e18057cz_26.cdf","c17","71;85;99",197913396,1322.2,1700
"e18057cz_26.cdf","c19","71;85;99",215071793,1499.4,1900
"e18057cz_26.cdf","c22","71;85;99",185896225,1682.8,2200
"e18057cz_26.cdf","c28","71;85;99",155630061,1933.4,2800
"e18057cz_26.cdf","c32","71;85;99",128894911,2067.8,3200
"e18057cz_26.cdf","c36","71;85;99",106767613,2251.4,3600
"e18057cz_27.cdf","c10","71;85;99",168238613,409.8,1000
"e18057cz_27.cdf","c12","71;85;99",122976465,711.2,1200
"e18057cz_27.cdf","c15","71;85;99",176506658,1114.4,1500
"e18057cz_27.cdf","c17","71;85;99",208765673,1322.2,1700
"e18057cz_27.cdf","c19","71;85;99",242302912,1499.4,1900
"e18057cz_27.cdf","c22","71;85;99",203026925,1682.6,2200
"e18057cz_27.cdf","c28","71;85;99",187265714,1933.4,2800
"e18057cz_27.cdf","c32","71;85;99",128461964,2067.6,3200
"e18057cz_27.cdf","c36","71;85;99",102037528,2251.2,3600
"e18057cz_28.cdf","c10","71;85;99",157085616,409.8,1000
"e18057cz_28.cdf","c12","71;85;99",116231883,711.2,1200
"e18057cz_28.cdf","c15","71;85;99",148874201,1114.6,1500
"e18057cz_28.cdf","c17","71;85;99",144423339,1322.2,1700
"e18057cz_28.cdf","c19","71;85;99",163494592,1499.2,1900
"e18057cz_28.cdf","c22","71;85;99",151399864,1682.6,2200
"e18057cz_28.cdf","c28","71;85;99",128304509,1933.2,2800
"e18057cz_28.cdf","c32","71;85;99",116006222,2067.6,3200
"e18057cz_28.cdf","c36","71;85;99",114831951,2251.2,3600
"e18057cz_30.cdf","c10","71;85;99",166707078,409.8,1000
"e18057cz_30.cdf","c12","71;85;99",126165522,711.2,1200
"e18057cz_30.cdf","c15","71;85;99",174446927,1114.6,1500
"e18057cz_30.cdf","c17","71;85;99",196766535,1322.4,1700
"e18057cz_30.cdf","c19","71;85;99",226553204,1499.4,1900
"e18057cz_30.cdf","c22","71;85;99",187070768,1682.8,2200
"e18057cz_30.cdf","c28","71;85;99",167482399,1933.4,2800
"e18057cz_30.cdf","c32","71;85;99",133180827,2067.8,3200
"e18057cz_30.cdf","c36","71;85;99",110675995,2251.4,3600
"e18057cz_32.cdf","c10","71;85;99",176664591,409.6,1000
"e18057cz_32.cdf","c12","71;85;99",138945973,711,1200
"e18057cz_32.cdf","c15","71;85;99",262891732,1114.6,1500
"e18057cz_32.cdf","c17","71;85;99",294132968,1322.2,1700
"e18057cz_32.cdf","c19","71;85;99",289074385,1499.6,1900
"e18057cz_32.cdf","c22","71;85;99",234381746,1682.8,2200
"e18057cz_32.cdf","c28","71;85;99",175927440,1933.4,2800
"e18057cz_32.cdf","c32","71;85;99",158904134,2067.8,3200
"e18057cz_32.cdf","c36","71;85;99",149133453,2251.4,3600
"e18057cz_33.cdf","c10","71;85;99",165815527,409.8,1000
"e18057cz_33.cdf","c12","71;85;99",137597978,711,1200
"e18057cz_33.cdf","c15","71;85;99",209165583,1114.6,1500
"e18057cz_33.cdf","c17","71;85;99",228141939,1322.4,1700
"e18057cz_33.cdf","c19","71;85;99",243295009,1499.4,1900
"e18057cz_33.cdf","c22","71;85;99",201565558,1682.8,2200
"e18057cz_33.cdf","c28","71;85;99",176102431,1933.4,2800
"e18057cz_33.cdf","c32","71;85;99",143937606,2067.8,3200
"e18057cz_33.cdf","c36","71;85;99",135984959,2251.2,3600
"e18057cz_34.cdf","c10","71;85;99",149683585,409.2,1000
"e18057cz_34.cdf","c12","71;85;99",117198816,710.8,1200
"e18057cz_34.cdf","c15","71;85;99",168132519,1114.4,1500
"e18057cz_34.cdf","c17","71;85;99",190045069,1322.4,1700
"e18057cz_34.cdf","c19","71;85;99",249133861,1499.6,1900
"e18057cz_34.cdf","c22","71;85;99",178330497,1682.8,2200
"e18057cz_34.cdf","c28","71;85;99",146341510,1933.2,2800
"e18057cz_34.cdf","c32","71;85;99",122499365,2067.6,3200
"e18057cz_34.cdf","c36","71;85;99",102743302,2251.2,3600
"e18057cz_35.cdf","c10","71;85;99",171886897,409.4,1000
"e18057cz_35.cdf","c12","71;85;99",131447766,711,1200
"e18057cz_35.cdf","c15","71;85;99",190728004,1114.6,1500
"e18057cz_35.cdf","c17","71;85;99",215457636,1322.2,1700
"e18057cz_35.cdf","c19","71;85;99",258934430,1499.6,1900
"e18057cz_35.cdf","c22","71;85;99",205378143,1682.8,2200
"e18057cz_35.cdf","c28","71;85;99",164823689,1933.4,2800
"e18057cz_35.cdf","c32","71;85;99",138095883,2067.6,3200
"e18057cz_35.cdf","c36","71;85;99",114286098,2251.2,3600
"e18057cz_37.cdf","c10","71;85;99",169324410,409.8,1000
"e18057cz_37.cdf","c12","71;85;99",128267657,711.2,1200
"e18057cz_37.cdf","c15","71;85;99",188465882,1114.6,1500
"e18057cz_37.cdf","c17","71;85;99",216472518,1322.4,1700
"e18057cz_37.cdf","c19","71;85;99",252458300,1499.6,1900
"e18057cz_37.cdf","c22","71;85;99",210149695,1682.8,2200
"e18057cz_37.cdf","c28","71;85;99",169298570,1933.4,2800
"e18057cz_37.cdf","c32","71;85;99",136855308,2067.8,3200
"e18057cz_37.cdf","c36","71;85;99",113271148,2251.2,3600
"e18057cz_38.cdf","c10","71;85;99",172032482,409.8,1000
"e18057cz_38.cdf","c12","71;85;99",128361233,711,1200
"e18057cz_38.cdf","c15","71;85;99",5208405,1098.6,1500
"e18057cz_38.cdf","c17","71;85;99",216973427,1322.4,1700
"e18057cz_38.cdf","c19","71;85;99",248738479,1499.4,1900
"e18057cz_38.cdf","c22","71;85;99",206955317,1682.8,2200
"e18057cz_38.cdf","c28","71;85;99",167494049,1933.2,2800
"e18057cz_38.cdf","c32","71;85;99",138245439,2067.6,3200
"e18057cz_38.cdf","c36","71;85;99",114186881,2251.4,3600
"e18057cz_39.cdf","c10","71;85;99",174440019,409.6,1000
"e18057cz_39.cdf","c12","71;85;99",130153402,710.6,1200
"e18057cz_39.cdf","c15","71;85;99",186573258,1113.8,1500
"e18057cz_39.cdf","c17","71;85;99",209274535,1321.4,1700
"e18057cz_39.cdf","c19","71;85;99",234096043,1498.2,1900
"e18057cz_39.cdf","c22","71;85;99",195174382,1682,2200
"e18057cz_39.cdf","c28","71;85;99",169530845,1932.8,2800
"e18057cz_39.cdf","c32","71;85;99",139626040,2067.2,3200
"e18057cz_39.cdf","c36","71;85;99",118594539,2250,3600
"e18057cz_40.cdf","c10","71;85;99",174841669,409.8,1000
"e18057cz_40.cdf","c12","71;85;99",130359166,711,1200
"e18057cz_40.cdf","c15","71;85;99",190862313,1114.6,1500
"e18057cz_40.cdf","c17","71;85;99",219127809,1322.4,1700
"e18057cz_40.cdf","c19","71;85;99",267181271,1499.6,1900
"e18057cz_40.cdf","c22","71;85;99",208912434,1682.8,2200
"e18057cz_40.cdf","c28","71;85;99",179935438,1933.4,2800
"e18057cz_40.cdf","c32","71;85;99",138983753,2067.8,3200
"e18057cz_40.cdf","c36","71;85;99",117200339,2251.2,3600
"e18057cz_41.cdf","c10","71;85;99",169978096,408.6,1000
"e18057cz_41.cdf","c12","71;85;99",125567170,711,1200
"e18057cz_41.cdf","c15","71;85;99",183687496,1114.8,1500
"e18057cz_41.cdf","c17","71;85;99",209837367,1322.4,1700
"e18057cz_41.cdf","c19","71;85;99",258244074,1499.6,1900
"e18057cz_41.cdf","c22","71;85;99",200012887,1682.8,2200
"e18057cz_41.cdf","c28","71;85;99",147640970,1933.4,2800
"e18057cz_41.cdf","c32","71;85;99",131603797,2067.8,3200
"e18057cz_41.cdf","c36","71;85;99",112962439,2251.4,3600
"e18057cz_44.cdf","c10","71;85;99",170587964,409.8,1000
"e18057cz_44.cdf","c12","71;85;99",130763328,711,1200
"e18057cz_44.cdf","c15","71;85;99",212092816,1114.4,1500
"e18057cz_44.cdf","c17","71;85;99",268168957,1322.4,1700
"e18057cz_44.cdf","c19","71;85;99",265522416,1499.6,1900
"e18057cz_44.cdf","c22","71;85;99",221578199,1682.8,2200
"e18057cz_44.cdf","c28","71;85;99",179633900,1933.2,2800
"e18057cz_44.cdf","c32","71;85;99",146861063,2067.8,3200
"e18057cz_44.cdf","c36","71;85;99",121450710,2251.2,3600
"e18057cz_45.cdf","c10","71;85;99",175070920,409.6,1000
"e18057cz_45.cdf","c12","71;85;99",129366677,711,1200
"e18057cz_45.cdf","c15","71;85;99",189344448,1114.4,1500
"e18057cz_45.cdf","c17","71;85;99",221155788,1322.2,1700
"e18057cz_45.cdf","c19","71;85;99",246519772,1499.4,1900
"e18057cz_45.cdf","c22","71;85;99",209768535,1682.8,2200
"e18057cz_45.cdf","c28","71;85;99",179746892,1933.4,2800
"e18057cz_45.cdf","c32","71;85;99",145690446,2067.6,3200
"e18057cz_45.cdf","c36","71;85;99",120467414,2251.2,3600
"e18057cz_46.cdf","c10","71;85;99",166900620,409.4,1000
"e18057cz_46.cdf","c12","71;85;99",122245908,711,1200
"e18057cz_46.cdf","c15","71;85;99",188291586,1114.4,1500
"e18057cz_46.cdf","c17","71;85;99",229306876,1322.2,1700
"e18057cz_46.cdf","c19","71;85;99",267866557,1499.6,1900
"e18057cz_46.cdf","c22","71;85;99",216143067,1682.8,2200
"e18057cz_46.cdf","c28","71;85;99",194925426,1933.4,2800
"e18057cz_46.cdf","c32","71;85;99",140685719,2067.8,3200
"e18057cz_46.cdf","c36","71;85;99",115603430,2251.2,3600
"e18057cz_49.cdf","c10","71;85;99",145952247,408.6,1000
"e18057cz_49.cdf","c12","71;85;99",107457361,710.8,1200
"e18057cz_49.cdf","c15","71;85;99",161111306,1114.4,1500
"e18057cz_49.cdf","c17","71;85;99",185151221,1322.2,1700
"e18057cz_49.cdf","c19","71;85;99",211053671,1499.4,1900
"e18057cz_49.cdf","c22","71;85;99",175399343,1682.8,2200
"e18057cz_49.cdf","c28","71;85;99",144712820,1933.4,2800
"e18057cz_49.cdf","c32","71;85;99",119118003,2067.6,3200
"e18057cz_49.cdf","c36","71;85;99",96877378,2251.2,3600
"e18057cz_50.cdf","c10","71;85;99",174675266,409.4,1000
"e18057cz_50.cdf","c12","71;85;99",127242083,711,1200
"e18057cz_50.cdf","c15","71;85;99",198478358,1114.6,1500
"e18057cz_50.cdf","c17","71;85;99",241602992,1322.4,1700
"e18057cz_50.cdf","c19","71;85;99",263775376,1499.6,1900
"e18057cz_50.cdf","c22","71;85;99",224192743,1683,2200
"e18057cz_50.cdf","c28","71;85;99",218815697,1933.6,2800
"e18057cz_50.cdf","c32","71;85;99",150901078,2067.8,3200
"e18057cz_50.cdf","c36","71;85;99",121547993,2251.4,3600
"e18057cz_51.cdf","c10","71;85;99",179728788,409.8,1000
"e18057cz_51.cdf","c12","71;85;99",130371704,711,1200
"e18057cz_51.cdf","c15","71;85;99",198760761,1114.6,1500
"e18057cz_51.cdf","c17","71;85;99",240447014,1322.4,1700
"e18057cz_51.cdf","c19","71;85;99",266493234,1499.6,1900
"e18057cz_51.cdf","c22","71;85;99",228345186,1683,2200
"e18057cz_51.cdf","c28","71;85;99",222839297,1933.8,2800
"e18057cz_51.cdf","c32","71;85;99",156990946,2068,3200
"e18057cz_51.cdf","c36","71;85;99",126789319,2251.8,3600
"e18057cz_52.cdf","c10","71;85;99",186230603,409.6,1000
"e18057cz_52.cdf","c12","71;85;99",135986307,710.6,1200
"e18057cz_52.cdf","c15","71;85;99",212601780,1113.8,1500
"e18057cz_52.cdf","c17","71;85;99",261310946,1321.6,1700
"e18057cz_52.cdf","c19","71;85;99",316240476,1499,1900
"e18057cz_52.cdf","c22","71;85;99",229010147,1682.4,2200
"e18057cz_52.cdf","c28","71;85;99",216430967,1933,2800
"e18057cz_52.cdf","c32","71;85;99",151137039,2067.4,3200
"e18057cz_52.cdf","c36","71;85;99",121764290,2250,3600
"e18057cz_53.cdf","c10","71;85;99",192588232,409.4,1000
"e18057cz_53.cdf","c12","71;85;99",144862047,710.6,1200
"e18057cz_53.cdf","c15","71;85;99",216279698,1114.2,1500
"e18057cz_53.cdf","c17","71;85;99",247576484,1321.6,1700
"e18057cz_53.cdf","c19","71;85;99",310070518,1498.8,1900
"e18057cz_53.cdf","c22","71;85;99",237417905,1682.2,2200
"e18057cz_53.cdf","c28","71;85;99",186290582,1932.8,2800
"e18057cz_53.cdf","c32","71;85;99",153704110,2067.2,3200
"e18057cz_53.cdf","c36","71;85;99",131057840,2250,3600
"e18057cz_57.cdf","c10","71;85;99",174272556,408.2,1000
"e18057cz_57.cdf","c12","71;85;99",127286798,709.6,1200
"e18057cz_57.cdf","c15","71;85;99",225867489,1113.8,1500
"e18057cz_57.cdf","c17","71;85;99",256954127,1321.8,1700
"e18057cz_57.cdf","c19","71;85;99",231496180,1499,1900
"e18057cz_57.cdf","c22","71;85;99",227940900,1682.6,2200
"e18057cz_57.cdf","c28","71;85;99",155341488,1933.2,2800
"e18057cz_57.cdf","c32","71;85;99",128115637,2067.6,3200
"e18057cz_57.cdf","c36","71;85;99",125845178,2251,3600
"e18057cz_58.cdf","c10","71;85;99",177343071,409.8,1000
"e18057cz_58.cdf","c12","71;85;99",125011094,711.2,1200
"e18057cz_58.cdf","c15","71;85;99",169233290,1114.6,1500
"e18057cz_58.cdf","c17","71;85;99",193313625,1322.4,1700
"e18057cz_58.cdf","c19","71;85;99",227682732,1499.6,1900
"e18057cz_58.cdf","c22","71;85;99",184309869,1682.8,2200
"e18057cz_58.cdf","c28","71;85;99",149815301,1933.4,2800
"e18057cz_58.cdf","c32","71;85;99",124689034,2067.8,3200
"e18057cz_58.cdf","c36","71;85;99",103915557,2251.4,3600
"e18057cz_59.cdf","c10","71;85;99",183301830,409.6,1000
"e18057cz_59.cdf","c12","71;85;99",130159550,711.2,1200
"e18057cz_59.cdf","c15","71;85;99",175632898,1114.4,1500
"e18057cz_59.cdf","c17","71;85;99",193641359,1322.4,1700
"e18057cz_59.cdf","c19","71;85;99",227136538,1499.6,1900
"e18057cz_59.cdf","c22","71;85;99",191446701,1682.8,2200
"e18057cz_59.cdf","c28","71;85;99",146735379,1933.2,2800
"e18057cz_59.cdf","c32","71;85;99",124765401,2067.8,3200
"e18057cz_59.cdf","c36","71;85;99",105840048,2251.4,3600
"e18057cz_3_IdentA.cdf","c10","71;85;99",171487749,410,1000
"e18057cz_3_IdentA.cdf","c12","71;85;99",118836300,711.4,1200
"e18057cz_3_IdentA.cdf","c15","71;85;99",170362854,1114.6,1500
"e18057cz_3_IdentA.cdf","c17","71;85;99",185407885,1322.4,1700
"e18057cz_3_IdentA.cdf","c19","71;85;99",174946845,1499.2,1900
"e18057cz_3_IdentA.cdf","c22","71;85;99",170745778,1682.8,2200
"e18057cz_3_IdentA.cdf","c28","71;85;99",140390745,1933.6,2800
"e18057cz_3_IdentA.cdf","c32","71;85;99",116625829,2068,3200
"e18057cz_3_IdentA.cdf","c36","71;85;99",101375708,2252,3600
"e18057cz_4_IdentB.cdf","c10","71;85;99",153756091,409.6,1000
"e18057cz_4_IdentB.cdf","c12","71;85;99",114517980,711.2,1200
"e18057cz_4_IdentB.cdf","c15","71;85;99",202323565,1114.6,1500
"e18057cz_4_IdentB.cdf","c17","71;85;99",191622703,1322.4,1700
"e18057cz_4_IdentB.cdf","c19","71;85;99",186720758,1499.2,1900
"e18057cz_4_IdentB.cdf","c22","71;85;99",172087041,1682.8,2200
"e18057cz_4_IdentB.cdf","c28","71;85;99",140364364,1933.4,2800
"e18057cz_4_IdentB.cdf","c32","71;85;99",116399316,2068,3200
"e18057cz_4_IdentB.cdf","c36","71;85;99",101563207,2252,3600
"e18057cz_5_IdentC.cdf","c10","71;85;99",152563384,409.8,1000
"e18057cz_5_IdentC.cdf","c12","71;85;99",113328410,711.2,1200
"e18057cz_5_IdentC.cdf","c15","71;85;99",197660052,1114.6,1500
"e18057cz_5_IdentC.cdf","c17","71;85;99",186103835,1322.4,1700
"e18057cz_5_IdentC.cdf","c19","71;85;99",171776587,1499.2,1900
"e18057cz_5_IdentC.cdf","c22","71;85;99",165661079,1682.8,2200
"e18057cz_5_IdentC.cdf","c28","71;85;99",136256036,1933.6,2800
"e18057cz_5_IdentC.cdf","c32","71;85;99",113296786,2068,3200
"e18057cz_5_IdentC.cdf","c36","71;85;99",97949754,2251.8,3600
"e18057cz_6_IdentD.cdf","c10","71;85;99",157397508,409.8,1000
"e18057cz_6_IdentD.cdf","c12","71;85;99",115749652,711.2,1200
"e18057cz_6_IdentD.cdf","c15","71;85;99",165351640,1114.6,1500
"e18057cz_6_IdentD.cdf","c17","71;85;99",180205045,1322.4,1700
"e18057cz_6_IdentD.cdf","c19","71;85;99",173266836,1499.4,1900
"e18057cz_6_IdentD.cdf","c22","71;85;99",164180750,1683,2200
"e18057cz_6_IdentD.cdf","c28","71;85;99",133756256,1933.6,2800
"e18057cz_6_IdentD.cdf","c32","71;85;99",111827633,2068,3200
"e18057cz_6_IdentD.cdf","c36","71;85;99",97503358,2252,3600
"e18060cz_10_Quant1_2.cdf","c10","71;85;99",176024422,409,1000
"e18060cz_10_Quant1_2.cdf","c12","71;85;99",154690223,710.8,1200
"e18060cz_10_Quant1_2.cdf","c15","71;85;99",273948425,1114.4,1500
"e18060cz_10_Quant1_2.cdf","c17","71;85;99",304865390,1322.2,1700
"e18060cz_10_Quant1_2.cdf","c19","71;85;99",300586491,1499.2,1900
"e18060cz_10_Quant1_2.cdf","c22","71;85;99",284036792,1682.8,2200
"e18060cz_10_Quant1_2.cdf","c28","71;85;99",229833052,1933.2,2800
"e18060cz_10_Quant1_2.cdf","c32","71;85;99",194347227,2067.6,3200
"e18060cz_10_Quant1_2.cdf","c36","71;85;99",173926513,2251,3600
"e18060cz_11_Quant1_1.cdf","c10","71;85;99",183922133,408.6,1000
"e18060cz_11_Quant1_1.cdf","c12","71;85;99",166693983,710.8,1200
"e18060cz_11_Quant1_1.cdf","c15","71;85;99",296439357,1114.8,1500
"e18060cz_11_Quant1_1.cdf","c17","71;85;99",325223806,1322.2,1700
"e18060cz_11_Quant1_1.cdf","c19","71;85;99",311877710,1499.2,1900
"e18060cz_11_Quant1_1.cdf","c22","71;85;99",266233966,1682.6,2200
"e18060cz_11_Quant1_1.cdf","c28","71;85;99",223855865,1933.2,2800
"e18060cz_11_Quant1_1.cdf","c32","71;85;99",215014129,2067.6,3200
"e18060cz_11_Quant1_1.cdf","c36","71;85;99",198680905,2250.8,3600
"e18060cz_4_Quant1_200.cdf","c10","71;85;99",155433477,408.4,1000
"e18060cz_4_Quant1_200.cdf","c12","71;85;99",113860974,710.8,1200
"e18060cz_4_Quant1_200.cdf","c15","71;85;99",184719792,1114.2,1500
"e18060cz_4_Quant1_200.cdf","c17","71;85;99",174017386,1322,1700
"e18060cz_4_Quant1_200.cdf","c19","71;85;99",173630432,1499,1900
"e18060cz_4_Quant1_200.cdf","c22","71;85;99",180315859,1682.6,2200
"e18060cz_4_Quant1_200.cdf","c28","71;85;99",135790566,1933.2,2800
"e18060cz_4_Quant1_200.cdf","c32","71;85;99",115940857,2067.4,3200
"e18060cz_4_Quant1_200.cdf","c36","71;85;99",112941727,2250.6,3600
"e18060cz_5_Quant1_100.cdf","c10","71;85;99",173172447,408.4,1000
"e18060cz_5_Quant1_100.cdf","c12","71;85;99",131031535,710.8,1200
"e18060cz_5_Quant1_100.cdf","c15","71;85;99",207410527,1114.4,1500
"e18060cz_5_Quant1_100.cdf","c17","71;85;99",175401231,1322.2,1700
"e18060cz_5_Quant1_100.cdf","c19","71;85;99",187370330,1499,1900
"e18060cz_5_Quant1_100.cdf","c22","71;85;99",207300242,1682.8,2200
"e18060cz_5_Quant1_100.cdf","c28","71;85;99",152129955,1933.2,2800
"e18060cz_5_Quant1_100.cdf","c32","71;85;99",127964985,2067.4,3200
"e18060cz_5_Quant1_100.cdf","c36","71;85;99",117140714,2250.8,3600
"e18060cz_6_Quant1_50.cdf","c10","71;85;99",174100951,408.8,1000
"e18060cz_6_Quant1_50.cdf","c12","71;85;99",134151469,710.8,1200
"e18060cz_6_Quant1_50.cdf","c15","71;85;99",220206031,1114.4,1500
"e18060cz_6_Quant1_50.cdf","c17","71;85;99",198280146,1322.2,1700
"e18060cz_6_Quant1_50.cdf","c19","71;85;99",207125459,1499,1900
"e18060cz_6_Quant1_50.cdf","c22","71;85;99",221005445,1682.6,2200
"e18060cz_6_Quant1_50.cdf","c28","71;85;99",159665075,1933,2800
"e18060cz_6_Quant1_50.cdf","c32","71;85;99",133050284,2067.4,3200
"e18060cz_6_Quant1_50.cdf","c36","71;85;99",123559752,2250.6,3600
"e18060cz_7_Quant1_20.cdf","c10","71;85;99",174866151,408.8,1000
"e18060cz_7_Quant1_20.cdf","c12","71;85;99",147002736,710.8,1200
"e18060cz_7_Quant1_20.cdf","c15","71;85;99",220971512,1114.2,1500
"e18060cz_7_Quant1_20.cdf","c17","71;85;99",205935675,1322,1700
"e18060cz_7_Quant1_20.cdf","c19","71;85;99",218586491,1499,1900
"e18060cz_7_Quant1_20.cdf","c22","71;85;99",220095012,1682.6,2200
"e18060cz_7_Quant1_20.cdf","c28","71;85;99",152100669,1933.2,2800
"e18060cz_7_Quant1_20.cdf","c32","71;85;99",129030455,2067.4,3200
"e18060cz_7_Quant1_20.cdf","c36","71;85;99",126000290,2250.8,3600
"e18060cz_8_Quant1_10.cdf","c10","71;85;99",177792577,409,1000
"e18060cz_8_Quant1_10.cdf","c12","71;85;99",148327942,710.8,1200
"e18060cz_8_Quant1_10.cdf","c15","71;85;99",218215915,1114.2,1500
"e18060cz_8_Quant1_10.cdf","c17","71;85;99",234314563,1322,1700
"e18060cz_8_Quant1_10.cdf","c19","71;85;99",247941187,1499,1900
"e18060cz_8_Quant1_10.cdf","c22","71;85;99",224383559,1682.6,2200
"e18060cz_8_Quant1_10.cdf","c28","71;85;99",169021467,1933,2800
"e18060cz_8_Quant1_10.cdf","c32","71;85;99",137018754,2067.4,3200
"e18060cz_8_Quant1_10.cdf","c36","71;85;99",124901340,2250.6,3600
"e18060cz_9_Quant1_5.cdf","c10","71;85;99",176475621,409.2,1000
"e18060cz_9_Quant1_5.cdf","c12","71;85;99",148293628,710.8,1200
"e18060cz_9_Quant1_5.cdf","c15","71;85;99",3243020,1098.4,1500
"e18060cz_9_Quant1_5.cdf","c17","71;85;99",268699354,1322.4,1700
"e18060cz_9_Quant1_5.cdf","c19","71;85;99",282039903,1499,1900
"e18060cz_9_Quant1_5.cdf","c22","71;85;99",256762399,1682.6,2200
"e18060cz_9_Quant1_5.cdf","c28","71;85;99",196767519,1933.2,2800
"e18060cz_9_Quant1_5.cdf","c32","71;85;99",164030631,2067.4,3200
"e18060cz_9_Quant1_5.cdf","c36","71;85;99",143649907,2250.8,3600
"e18060cz_12_wash.cdf","c10","71;85;99",180741221,409.4,1000
"e18060cz_12_wash.cdf","c12","71;85;99",140419995,710.8,1200
"e18060cz_12_wash.cdf","c15","71;85;99",192359638,1114.2,1500
"e18060cz_12_wash.cdf","c17","71;85;99",195453752,1322,1700
"e18060cz_12_wash.cdf","c19","71;85;99",192172196,1499,1900
"e18060cz_12_wash.cdf","c22","71;85;99",189645296,1682.6,2200
"e18060cz_12_wash.cdf","c28","71;85;99",143125319,1933,2800
"e18060cz_12_wash.cdf","c32","71;85;99",120939521,2067.4,3200
"e18060cz_12_wash.cdf","c36","71;85;99",116740806,2250.6,3600
"e18060cz_13.cdf","c10","71;85;99",182815344,408.4,1000
"e18060cz_13.cdf","c12","71;85;99",152468155,710.8,1200
"e18060cz_13.cdf","c15","71;85;99",244136762,1114.2,1500
"e18060cz_13.cdf","c17","71;85;99",292295474,1322,1700
"e18060cz_13.cdf","c19","71;85;99",267745067,1499.2,1900
"e18060cz_13.cdf","c22","71;85;99",230202857,1682.6,2200
"e18060cz_13.cdf","c28","71;85;99",204173674,1933,2800
"e18060cz_13.cdf","c32","71;85;99",178731767,2067.4,3200
"e18060cz_13.cdf","c36","71;85;99",152842665,2250.8,3600
"e18060cz_14.cdf","c10","71;85;99",185732009,408.8,1000
"e18060cz_14.cdf","c12","71;85;99",150811092,710.8,1200
"e18060cz_14.cdf","c15","71;85;99",231688575,1114.4,1500
"e18060cz_14.cdf","c17","71;85;99",260675838,1322.2,1700
"e18060cz_14.cdf","c19","71;85;99",285095639,1499.4,1900
"e18060cz_14.cdf","c22","71;85;99",260996369,1682.6,2200
"e18060cz_14.cdf","c28","71;85;99",211776460,1933.2,2800
"e18060cz_14.cdf","c32","71;85;99",178920842,2067.4,3200
"e18060cz_14.cdf","c36","71;85;99",154428463,2251,3600
"e18060cz_15.cdf","c10","71;85;99",182072254,408.6,1000
"e18060cz_15.cdf","c12","71;85;99",144034288,710.8,1200
"e18060cz_15.cdf","c15","71;85;99",223687765,1114.2,1500
"e18060cz_15.cdf","c17","71;85;99",259505408,1322,1700
"e18060cz_15.cdf","c19","71;85;99",279218044,1499.4,1900
"e18060cz_15.cdf","c22","71;85;99",258129732,1682.8,2200
"e18060cz_15.cdf","c28","71;85;99",245396650,1933.4,2800
"e18060cz_15.cdf","c32","71;85;99",172158310,2067.6,3200
"e18060cz_15.cdf","c36","71;85;99",141176338,2250.8,3600
"e18060cz_16.cdf","c10","71;85;99",192019572,409,1000
"e18060cz_16.cdf","c12","71;85;99",155847646,710.8,1200
"e18060cz_16.cdf","c15","71;85;99",244912101,1114.2,1500
"e18060cz_16.cdf","c17","71;85;99",284377536,1322,1700
"e18060cz_16.cdf","c19","71;85;99",304134132,1499.2,1900
"e18060cz_16.cdf","c22","71;85;99",276825061,1682.6,2200
"e18060cz_16.cdf","c28","71;85;99",231106749,1933.2,2800
"e18060cz_16.cdf","c32","71;85;99",190364778,2067.6,3200
"e18060cz_16.cdf","c36","71;85;99",169283174,2250.8,3600
"e18060cz_17.cdf","c10","71;85;99",188094278,408.4,1000
"e18060cz_17.cdf","c12","71;85;99",151602897,710.8,1200
"e18060cz_17.cdf","c15","71;85;99",244388427,1114.4,1500
"e18060cz_17.cdf","c17","71;85;99",273358595,1322.2,1700
"e18060cz_17.cdf","c19","71;85;99",319404899,1499.6,1900
"e18060cz_17.cdf","c22","71;85;99",280093169,1682.8,2200
"e18060cz_17.cdf","c28","71;85;99",210663417,1933.2,2800
"e18060cz_17.cdf","c32","71;85;99",180705329,2067.4,3200
"e18060cz_17.cdf","c36","71;85;99",155065905,2251,3600
"e18060cz_18.cdf","c10","71;85;99",178886036,408.2,1000
"e18060cz_18.cdf","c12","71;85;99",142577915,710.6,1200
"e18060cz_18.cdf","c15","71;85;99",6252343,1098.4,1500
"e18060cz_18.cdf","c17","71;85;99",249672837,1322,1700
"e18060cz_18.cdf","c19","71;85;99",288149211,1499.4,1900
"e18060cz_18.cdf","c22","71;85;99",251160905,1682.6,2200
"e18060cz_18.cdf","c28","71;85;99",192370096,1933,2800
"e18060cz_18.cdf","c32","71;85;99",161559190,2067.4,3200
"e18060cz_18.cdf","c36","71;85;99",140136329,2251,3600
"e18060cz_20.cdf","c10","71;85;99",188187605,408.8,1000
"e18060cz_20.cdf","c12","71;85;99",145943934,710.8,1200
"e18060cz_20.cdf","c15","71;85;99",232364733,1114.2,1500
"e18060cz_20.cdf","c17","71;85;99",281665887,1322,1700
"e18060cz_20.cdf","c19","71;85;99",284942005,1499.2,1900
"e18060cz_20.cdf","c22","71;85;99",269943491,1682.6,2200
"e18060cz_20.cdf","c28","71;85;99",253899527,1933.2,2800
"e18060cz_20.cdf","c32","71;85;99",187762326,2067.4,3200
"e18060cz_20.cdf","c36","71;85;99",150373465,2251,3600
"e18060cz_21.cdf","c10","71;85;99",195329149,408.8,1000
"e18060cz_21.cdf","c12","71;85;99",151446686,710.8,1200
"e18060cz_21.cdf","c15","71;85;99",244281765,1114.2,1500
"e18060cz_21.cdf","c17","71;85;99",279545115,1322,1700
"e18060cz_21.cdf","c19","71;85;99",304780729,1499.4,1900
"e18060cz_21.cdf","c22","71;85;99",272948744,1682.6,2200
"e18060cz_21.cdf","c28","71;85;99",215252568,1933.2,2800
"e18060cz_21.cdf","c32","71;85;99",185459038,2067.6,3200
"e18060cz_21.cdf","c36","71;85;99",157307782,2250.8,3600
"e18060cz_22.cdf","c10","71;85;99",182629492,409,1000
"e18060cz_22.cdf","c12","71;85;99",137235411,710.8,1200
"e18060cz_22.cdf","c15","71;85;99",223099763,1114.2,1500
"e18060cz_22.cdf","c17","71;85;99",264134643,1322.2,1700
"e18060cz_22.cdf","c19","71;85;99",274290898,1499.2,1900
"e18060cz_22.cdf","c22","71;85;99",244336388,1682.6,2200
"e18060cz_22.cdf","c28","71;85;99",231954582,1933.4,2800
"e18060cz_22.cdf","c32","71;85;99",168834167,2067.6,3200
"e18060cz_22.cdf","c36","71;85;99",139842753,2250.8,3600
"e18060cz_23.cdf","c10","71;85;99",200161114,408.6,1000
"e18060cz_23.cdf","c12","71;85;99",151133351,710.8,1200
"e18060cz_23.cdf","c15","71;85;99",7436351,1098.2,1500
"e18060cz_23.cdf","c17","71;85;99",280438933,1322.2,1700
"e18060cz_23.cdf","c19","71;85;99",329285994,1499.6,1900
"e18060cz_23.cdf","c22","71;85;99",272049635,1682.8,2200
"e18060cz_23.cdf","c28","71;85;99",208104583,1933.2,2800
"e18060cz_23.cdf","c32","71;85;99",179267566,2067.6,3200
"e18060cz_23.cdf","c36","71;85;99",156751714,2251,3600
"e18060cz_24.cdf","c10","71;85;99",192953228,408.6,1000
"e18060cz_24.cdf","c12","71;85;99",143226032,710.6,1200
"e18060cz_24.cdf","c15","71;85;99",229012909,1114.2,1500
"e18060cz_24.cdf","c17","71;85;99",270113175,1322,1700
"e18060cz_24.cdf","c19","71;85;99",293872442,1499.4,1900
"e18060cz_24.cdf","c22","71;85;99",258410930,1682.6,2200
"e18060cz_24.cdf","c28","71;85;99",247744555,1933.4,2800
"e18060cz_24.cdf","c32","71;85;99",174637003,2067.4,3200
"e18060cz_24.cdf","c36","71;85;99",142253617,2250.8,3600
"e18060cz_26.cdf","c10","71;85;99",197410149,408.2,1000
"e18060cz_26.cdf","c12","71;85;99",149927604,710.6,1200
"e18060cz_26.cdf","c15","71;85;99",267930370,1114.4,1500
"e18060cz_26.cdf","c17","71;85;99",319669087,1322.2,1700
"e18060cz_26.cdf","c19","71;85;99",321689107,1499.4,1900
"e18060cz_26.cdf","c22","71;85;99",302138051,1682.6,2200
"e18060cz_26.cdf","c28","71;85;99",282918173,1933.4,2800
"e18060cz_26.cdf","c32","71;85;99",207777272,2067.6,3200
"e18060cz_26.cdf","c36","71;85;99",164409208,2250.8,3600
"e18060cz_29.cdf","c10","71;85;99",189866480,407.4,1000
"e18060cz_29.cdf","c12","71;85;99",165442627,710.6,1200
"e18060cz_29.cdf","c15","71;85;99",25128791,1098.6,1500
"e18060cz_29.cdf","c17","71;85;99",403717389,1322,1700
"e18060cz_29.cdf","c19","71;85;99",349132053,1499.4,1900
"e18060cz_29.cdf","c22","71;85;99",316659300,1682.6,2200
"e18060cz_29.cdf","c28","71;85;99",267021690,1933.2,2800
"e18060cz_29.cdf","c32","71;85;99",196805121,2067.6,3200
"e18060cz_29.cdf","c36","71;85;99",162293566,2250.8,3600
"e18060cz_30.cdf","c10","71;85;99",173217149,408.4,1000
"e18060cz_30.cdf","c12","71;85;99",145924410,710.6,1200
"e18060cz_30.cdf","c15","71;85;99",230103475,1114.2,1500
"e18060cz_30.cdf","c17","71;85;99",271132732,1322,1700
"e18060cz_30.cdf","c19","71;85;99",302774348,1499.4,1900
"e18060cz_30.cdf","c22","71;85;99",262000474,1682.6,2200
"e18060cz_30.cdf","c28","71;85;99",202568077,1933.2,2800
"e18060cz_30.cdf","c32","71;85;99",169355876,2067.4,3200
"e18060cz_30.cdf","c36","71;85;99",143992125,2251,3600
"e18060cz_32.cdf","c10","71;85;99",179007617,408.4,1000
"e18060cz_32.cdf","c12","71;85;99",152138731,710.6,1200
"e18060cz_32.cdf","c15","71;85;99",232780787,1114.2,1500
"e18060cz_32.cdf","c17","71;85;99",277358553,1322,1700
"e18060cz_32.cdf","c19","71;85;99",278927910,1499.2,1900
"e18060cz_32.cdf","c22","71;85;99",267408516,1682.6,2200
"e18060cz_32.cdf","c28","71;85;99",261411779,1933.4,2800
"e18060cz_32.cdf","c32","71;85;99",184172193,2067.6,3200
"e18060cz_32.cdf","c36","71;85;99",151710436,2251,3600
"e18060cz_33.cdf","c10","71;85;99",199977235,409,1000
"e18060cz_33.cdf","c12","71;85;99",165277938,710.6,1200
"e18060cz_33.cdf","c15","71;85;99",295835906,1114.2,1500
"e18060cz_33.cdf","c17","71;85;99",349056826,1322,1700
"e18060cz_33.cdf","c19","71;85;99",367463533,1499.8,1900
"e18060cz_33.cdf","c22","71;85;99",328015368,1682.6,2200
"e18060cz_33.cdf","c28","71;85;99",298931023,1933,2800
"e18060cz_33.cdf","c32","71;85;99",227927306,2067.4,3200
"e18060cz_33.cdf","c36","71;85;99",181624798,2250.8,3600
"e18060cz_35.cdf","c10","71;85;99",192154084,407.8,1000
"e18060cz_35.cdf","c12","71;85;99",153046864,710.6,1200
"e18060cz_35.cdf","c15","71;85;99",260582288,1114.2,1500
"e18060cz_35.cdf","c17","71;85;99",299245356,1322,1700
"e18060cz_35.cdf","c19","71;85;99",313244888,1499.2,1900
"e18060cz_35.cdf","c22","71;85;99",280647817,1682.6,2200
"e18060cz_35.cdf","c28","71;85;99",273792381,1933.2,2800
"e18060cz_35.cdf","c32","71;85;99",197356181,2067.4,3200
"e18060cz_35.cdf","c36","71;85;99",154291165,2250.8,3600
"e18060cz_36.cdf","c10","71;85;99",199598423,408.4,1000
"e18060cz_36.cdf","c12","71;85;99",159007494,710.6,1200
"e18060cz_36.cdf","c15","71;85;99",278711119,1114.2,1500
"e18060cz_36.cdf","c17","71;85;99",327197015,1322,1700
"e18060cz_36.cdf","c19","71;85;99",330357360,1499.2,1900
"e18060cz_36.cdf","c22","71;85;99",301639993,1682.6,2200
"e18060cz_36.cdf","c28","71;85;99",282429071,1933.4,2800
"e18060cz_36.cdf","c32","71;85;99",204913001,2067.6,3200
"e18060cz_36.cdf","c36","71;85;99",163360710,2250.8,3600
"e18060cz_37.cdf","c10","71;85;99",206117846,409,1000
"e18060cz_37.cdf","c12","71;85;99",162998823,710.8,1200
"e18060cz_37.cdf","c15","71;85;99",285891392,1114.2,1500
"e18060cz_37.cdf","c17","71;85;99",326201304,1322,1700
"e18060cz_37.cdf","c19","71;85;99",354673881,1499.4,1900
"e18060cz_37.cdf","c22","71;85;99",304774756,1682.6,2200
"e18060cz_37.cdf","c28","71;85;99",249534235,1933.2,2800
"e18060cz_37.cdf","c32","71;85;99",200664189,2067.6,3200
"e18060cz_37.cdf","c36","71;85;99",175657571,2250.8,3600
"e18060cz_38.cdf","c10","71;85;99",206200982,407.6,1000
"e18060cz_38.cdf","c12","71;85;99",167502113,710.6,1200
"e18060cz_38.cdf","c15","71;85;99",16700899,1098.4,1500
"e18060cz_38.cdf","c17","71;85;99",342251593,1322,1700
"e18060cz_38.cdf","c19","71;85;99",351930056,1499.4,1900
"e18060cz_38.cdf","c22","71;85;99",301947591,1682.6,2200
"e18060cz_38.cdf","c28","71;85;99",279068177,1933.4,2800
"e18060cz_38.cdf","c32","71;85;99",199626990,2067.6,3200
"e18060cz_38.cdf","c36","71;85;99",164492593,2250.8,3600
"e18060cz_39.cdf","c10","71;85;99",207877061,408.4,1000
"e18060cz_39.cdf","c12","71;85;99",167558795,710.6,1200
"e18060cz_39.cdf","c15","71;85;99",295975513,1114.8,1500
"e18060cz_39.cdf","c17","71;85;99",350556365,1322,1700
"e18060cz_39.cdf","c19","71;85;99",375453112,1499.6,1900
"e18060cz_39.cdf","c22","71;85;99",312614419,1682.8,2200
"e18060cz_39.cdf","c28","71;85;99",277543700,1933.4,2800
"e18060cz_39.cdf","c32","71;85;99",209042253,2067.6,3200
"e18060cz_39.cdf","c36","71;85;99",174267132,2250.8,3600
"e18060cz_41.cdf","c10","71;85;99",205761883,408.2,1000
"e18060cz_41.cdf","c12","71;85;99",164728256,710.6,1200
"e18060cz_41.cdf","c15","71;85;99",305155503,1114.4,1500
"e18060cz_41.cdf","c17","71;85;99",347456687,1322,1700
"e18060cz_41.cdf","c19","71;85;99",363479927,1499.4,1900
"e18060cz_41.cdf","c22","71;85;99",338856771,1682.6,2200
"e18060cz_41.cdf","c28","71;85;99",315755869,1933.4,2800
"e18060cz_41.cdf","c32","71;85;99",226220064,2067.4,3200
"e18060cz_41.cdf","c36","71;85;99",182614708,2250.8,3600
"e18060cz_42.cdf","c10","71;85;99",175221739,408,1000
"e18060cz_42.cdf","c12","71;85;99",138987060,710.6,1200
"e18060cz_42.cdf","c15","71;85;99",235817078,1114.2,1500
"e18060cz_42.cdf","c17","71;85;99",276733054,1322,1700
"e18060cz_42.cdf","c19","71;85;99",285619937,1499.2,1900
"e18060cz_42.cdf","c22","71;85;99",258364712,1682.6,2200
"e18060cz_42.cdf","c28","71;85;99",248223151,1933.2,2800
"e18060cz_42.cdf","c32","71;85;99",173118588,2067.6,3200
"e18060cz_42.cdf","c36","71;85;99",147219074,2250.8,3600
"e18060cz_43.cdf","c10","71;85;99",207603117,408.6,1000
"e18060cz_43.cdf","c12","71;85;99",172840430,710.6,1200
"e18060cz_43.cdf","c15","71;85;99",313325798,1114.2,1500
"e18060cz_43.cdf","c17","71;85;99",371907848,1322,1700
"e18060cz_43.cdf","c19","71;85;99",390326445,1499.4,1900
"e18060cz_43.cdf","c22","71;85;99",344841630,1682.6,2200
"e18060cz_43.cdf","c28","71;85;99",314031471,1933.4,2800
"e18060cz_43.cdf","c32","71;85;99",229257415,2067.4,3200
"e18060cz_43.cdf","c36","71;85;99",191818147,2250.8,3600
"e18060cz_44.cdf","c10","71;85;99",215808892,408.4,1000
"e18060cz_44.cdf","c12","71;85;99",174128461,710.6,1200
"e18060cz_44.cdf","c15","71;85;99",304590824,1114.8,1500
"e18060cz_44.cdf","c17","71;85;99",353218090,1322,1700
"e18060cz_44.cdf","c19","71;85;99",400818807,1499.4,1900
"e18060cz_44.cdf","c22","71;85;99",320677911,1682.6,2200
"e18060cz_44.cdf","c28","71;85;99",259018535,1933.2,2800
"e18060cz_44.cdf","c32","71;85;99",222800751,2067.4,3200
"e18060cz_44.cdf","c36","71;85;99",190107762,2250.8,3600
"e18060cz_45.cdf","c10","71;85;99",206816551,408,1000
"e18060cz_45.cdf","c12","71;85;99",173840616,710.6,1200
"e18060cz_45.cdf","c15","71;85;99",29310933,1098.4,1500
"e18060cz_45.cdf","c17","71;85;99",370379554,1322,1700
"e18060cz_45.cdf","c19","71;85;99",28678333,1505,1900
"e18060cz_45.cdf","c22","71;85;99",346821106,1682.6,2200
"e18060cz_45.cdf","c28","71;85;99",295111822,1933.4,2800
"e18060cz_45.cdf","c32","71;85;99",215740352,2067.4,3200
"e18060cz_45.cdf","c36","71;85;99",180867849,2251,3600
"e18060cz_47.cdf","c10","71;85;99",212003690,408.4,1000
"e18060cz_47.cdf","c12","71;85;99",172511463,710.6,1200
"e18060cz_47.cdf","c15","71;85;99",324838115,1114.2,1500
"e18060cz_47.cdf","c17","71;85;99",392149892,1322,1700
"e18060cz_47.cdf","c19","71;85;99",387782649,1499.2,1900
"e18060cz_47.cdf","c22","71;85;99",358203370,1682.6,2200
"e18060cz_47.cdf","c28","71;85;99",325303033,1933.4,2800
"e18060cz_47.cdf","c32","71;85;99",240320918,2067.4,3200
"e18060cz_47.cdf","c36","71;85;99",196047207,2250.8,3600
"e18060cz_48.cdf","c10","71;85;99",220570015,408.2,1000
"e18060cz_48.cdf","c12","71;85;99",205528875,710.6,1200
"e18060cz_48.cdf","c15","71;85;99",379501887,1114.6,1500
"e18060cz_48.cdf","c17","71;85;99",462024993,1322,1700
"e18060cz_48.cdf","c19","71;85;99",486995572,1499.4,1900
"e18060cz_48.cdf","c22","71;85;99",434307860,1682.6,2200
"e18060cz_48.cdf","c28","71;85;99",385812208,1933.4,2800
"e18060cz_48.cdf","c32","71;85;99",286942619,2067.4,3200
"e18060cz_48.cdf","c36","71;85;99",240092034,2250.6,3600
"e18060cz_49.cdf","c10","71;85;99",201011242,408,1000
"e18060cz_49.cdf","c12","71;85;99",161461864,710.6,1200
"e18060cz_49.cdf","c15","71;85;99",289725102,1114.2,1500
"e18060cz_49.cdf","c17","71;85;99",347604242,1322,1700
"e18060cz_49.cdf","c19","71;85;99",366427259,1499.2,1900
"e18060cz_49.cdf","c22","71;85;99",305502588,1682.6,2200
"e18060cz_49.cdf","c28","71;85;99",290632420,1933.2,2800
"e18060cz_49.cdf","c32","71;85;99",207462859,2067.4,3200
"e18060cz_49.cdf","c36","71;85;99",172434719,2250.6,3600
"e18060cz_50.cdf","c10","71;85;99",205792838,408,1000
"e18060cz_50.cdf","c12","71;85;99",180312456,710.6,1200
"e18060cz_50.cdf","c15","71;85;99",341608848,1114.6,1500
"e18060cz_50.cdf","c17","71;85;99",399036675,1322,1700
"e18060cz_50.cdf","c19","71;85;99",461400050,1500,1900
"e18060cz_50.cdf","c22","71;85;99",391963166,1682.6,2200
"e18060cz_50.cdf","c28","71;85;99",294090755,1933,2800
"e18060cz_50.cdf","c32","71;85;99",261099179,2067.4,3200
"e18060cz_50.cdf","c36","71;85;99",219199698,2250.6,3600
"e18060cz_51.cdf","c10","71;85;99",184522756,408,1000
"e18060cz_51.cdf","c12","71;85;99",153774972,710.6,1200
"e18060cz_51.cdf","c15","71;85;99",33965704,1098.4,1500
"e18060cz_51.cdf","c17","71;85;99",345545266,1322,1700
"e18060cz_51.cdf","c19","71;85;99",372164395,1499.4,1900
"e18060cz_51.cdf","c22","71;85;99",320350111,1682.6,2200
"e18060cz_51.cdf","c28","71;85;99",274012652,1933.4,2800
"e18060cz_51.cdf","c32","71;85;99",199463432,2067.4,3200
"e18060cz_51.cdf","c36","71;85;99",163571806,2250.6,3600
"e18060cz_53.cdf","c10","71;85;99",189595223,408.2,1000
"e18060cz_53.cdf","c12","71;85;99",152974846,710.4,1200
"e18060cz_53.cdf","c15","71;85;99",267548158,1114.2,1500
"e18060cz_53.cdf","c17","71;85;99",229760823,1321.8,1700
"e18060cz_53.cdf","c19","71;85;99",247697446,1498.8,1900
"e18060cz_53.cdf","c22","71;85;99",248557277,1682.6,2200
"e18060cz_53.cdf","c28","71;85;99",184482607,1933,2800
"e18060cz_53.cdf","c32","71;85;99",149120089,2067.4,3200
"e18060cz_53.cdf","c36","71;85;99",139032537,2250.6,3600
"e18060cz_54.cdf","c10","71;85;99",196804334,407.8,1000
"e18060cz_54.cdf","c12","71;85;99",150129937,710.4,1200
"e18060cz_54.cdf","c15","71;85;99",237497016,1114,1500
"e18060cz_54.cdf","c17","71;85;99",167449286,1321.8,1700
"e18060cz_54.cdf","c19","71;85;99",190846495,1498.8,1900
"e18060cz_54.cdf","c22","71;85;99",236418583,1682.4,2200
"e18060cz_54.cdf","c28","71;85;99",180365682,1933,2800
"e18060cz_54.cdf","c32","71;85;99",160451528,2067.4,3200
"e18060cz_54.cdf","c36","71;85;99",170462797,2250.8,3600
"e18060cz_55.cdf","c10","71;85;99",183832744,408.2,1000
"e18060cz_55.cdf","c12","71;85;99",145414022,710.4,1200
"e18060cz_55.cdf","c15","71;85;99",235576205,1114,1500
"e18060cz_55.cdf","c17","71;85;99",193183762,1321.8,1700
"e18060cz_55.cdf","c19","71;85;99",230296875,1498.8,1900
"e18060cz_55.cdf","c22","71;85;99",252913473,1682.6,2200
"e18060cz_55.cdf","c28","71;85;99",240154600,1933,2800
"e18060cz_55.cdf","c32","71;85;99",206471482,2067.4,3200
"e18060cz_55.cdf","c36","71;85;99",185396998,2250.8,3600
"e18060cz_56.cdf","c10","71;85;99",199739437,408.6,1000
"e18060cz_56.cdf","c12","71;85;99",159453280,710.6,1200
"e18060cz_56.cdf","c15","71;85;99",289196449,1114.2,1500
"e18060cz_56.cdf","c17","71;85;99",281166156,1321.8,1700
"e18060cz_56.cdf","c19","71;85;99",300740019,1498.8,1900
"e18060cz_56.cdf","c22","71;85;99",337792983,1682.4,2200
"e18060cz_56.cdf","c28","71;85;99",312317790,1933,2800
"e18060cz_56.cdf","c32","71;85;99",268473142,2067.4,3200
"e18060cz_56.cdf","c36","71;85;99",240355228,2250.6,3600
"e18060cz_57.cdf","c10","71;85;99",185882223,408,1000
"e18060cz_57.cdf","c12","71;85;99",146981238,710.2,1200
"e18060cz_57.cdf","c15","71;85;99",231800097,1114,1500
"e18060cz_57.cdf","c17","71;85;99",205963307,1321.8,1700
"e18060cz_57.cdf","c19","71;85;99",240458684,1498.8,1900
"e18060cz_57.cdf","c22","71;85;99",262213561,1682.4,2200
"e18060cz_57.cdf","c28","71;85;99",227864838,1933,2800
"e18060cz_57.cdf","c32","71;85;99",183860099,2067.2,3200
"e18060cz_57.cdf","c36","71;85;99",154445009,2250.4,3600
"e18060cz_58.cdf","c10","71;85;99",205388482,408,1000
"e18060cz_58.cdf","c12","71;85;99",166154303,710.4,1200
"e18060cz_58.cdf","c15","71;85;99",264370845,1114,1500
"e18060cz_58.cdf","c17","71;85;99",203567439,1321.8,1700
"e18060cz_58.cdf","c19","71;85;99",237758754,1498.8,1900
"e18060cz_58.cdf","c22","71;85;99",243121391,1682.4,2200
"e18060cz_58.cdf","c28","71;85;99",195524146,1933,2800
"e18060cz_58.cdf","c32","71;85;99",168073603,2067.2,3200
"e18060cz_58.cdf","c36","71;85;99",163297668,2250.4,3600
"e18060cz_59.cdf","c10","71;85;99",203030057,408.8,1000
"e18060cz_59.cdf","c12","71;85;99",164224182,710.6,1200
"e18060cz_59.cdf","c15","71;85;99",275148792,1114.2,1500
"e18060cz_59.cdf","c17","71;85;99",287233452,1321.8,1700
"e18060cz_59.cdf","c19","71;85;99",317851167,1498.8,1900
"e18060cz_59.cdf","c22","71;85;99",327691697,1682.6,2200
"e18060cz_59.cdf","c28","71;85;99",284469016,1933,2800
"e18060cz_59.cdf","c32","71;85;99",232710429,2067.2,3200
"e18060cz_59.cdf","c36","71;85;99",218343503,2250.6,3600
"e18060cz_60.cdf","c10","71;85;99",198743195,408.8,1000
"e18060cz_60.cdf","c12","71;85;99",186954808,710.6,1200
"e18060cz_60.cdf","c15","71;85;99",306878310,1114.2,1500
"e18060cz_60.cdf","c17","71;85;99",326962969,1322,1700
"e18060cz_60.cdf","c19","71;85;99",334300793,1499,1900
"e18060cz_60.cdf","c22","71;85;99",326328006,1682.4,2200
"e18060cz_60.cdf","c28","71;85;99",263209937,1933,2800
"e18060cz_60.cdf","c32","71;85;99",213971279,2067.4,3200
"e18060cz_60.cdf","c36","71;85;99",191812677,2250.4,3600
"e18061cz_8_wash.cdf","c10","71;85;99",124061183,408,1000
"e18061cz_8_wash.cdf","c12","71;85;99",91628608,710.4,1200
"e18061cz_8_wash.cdf","c15","71;85;99",120169192,1114,1500
"e18061cz_8_wash.cdf","c17","71;85;99",87187008,1321.8,1700
"e18061cz_8_wash.cdf","c19","71;85;99",94995103,1498.6,1900
"e18061cz_8_wash.cdf","c22","71;85;99",106946747,1682.4,2200
"e18061cz_8_wash.cdf","c28","71;85;99",88305855,1933,2800
"e18061cz_8_wash.cdf","c32","71;85;99",74565511,2067.2,3200
"e18061cz_8_wash.cdf","c36","71;85;99",58107534,2250.4,3600
"e18061cz_10_Quant1_100.cdf","c10","71;85;99",159329065,408.4,1000
"e18061cz_10_Quant1_100.cdf","c12","71;85;99",117317752,710.6,1200
"e18061cz_10_Quant1_100.cdf","c15","71;85;99",170152899,1114,1500
"e18061cz_10_Quant1_100.cdf","c17","71;85;99",149929146,1321.8,1700
"e18061cz_10_Quant1_100.cdf","c19","71;85;99",148809598,1498.8,1900
"e18061cz_10_Quant1_100.cdf","c22","71;85;99",154042527,1682.4,2200
"e18061cz_10_Quant1_100.cdf","c28","71;85;99",116068215,1932.8,2800
"e18061cz_10_Quant1_100.cdf","c32","71;85;99",95651769,2067,3200
"e18061cz_10_Quant1_100.cdf","c36","71;85;99",69389923,2250.4,3600
"e18061cz_11_Quant1_50.cdf","c10","71;85;99",157148631,408.4,1000
"e18061cz_11_Quant1_50.cdf","c12","71;85;99",114830993,710.8,1200
"e18061cz_11_Quant1_50.cdf","c15","71;85;99",167308085,1114,1500
"e18061cz_11_Quant1_50.cdf","c17","71;85;99",150088452,1321.8,1700
"e18061cz_11_Quant1_50.cdf","c19","71;85;99",149161018,1498.8,1900
"e18061cz_11_Quant1_50.cdf","c22","71;85;99",151751502,1682.4,2200
"e18061cz_11_Quant1_50.cdf","c28","71;85;99",113097929,1933,2800
"e18061cz_11_Quant1_50.cdf","c32","71;85;99",86510680,2067.2,3200
"e18061cz_11_Quant1_50.cdf","c36","71;85;99",66556059,2250.2,3600
"e18061cz_12_Quant1_20.cdf","c10","71;85;99",156097845,408,1000
"e18061cz_12_Quant1_20.cdf","c12","71;85;99",115885100,710.8,1200
"e18061cz_12_Quant1_20.cdf","c15","71;85;99",170518993,1114,1500
"e18061cz_12_Quant1_20.cdf","c17","71;85;99",153767251,1321.8,1700
"e18061cz_12_Quant1_20.cdf","c19","71;85;99",158846470,1498.8,1900
"e18061cz_12_Quant1_20.cdf","c22","71;85;99",159117283,1682.4,2200
"e18061cz_12_Quant1_20.cdf","c28","71;85;99",116020631,1932.8,2800
"e18061cz_12_Quant1_20.cdf","c32","71;85;99",89987829,2067.2,3200
"e18061cz_12_Quant1_20.cdf","c36","71;85;99",71017993,2250.2,3600
"e18061cz_13_Quant1_10.cdf","c10","71;85;99",158275303,407.4,1000
"e18061cz_13_Quant1_10.cdf","c12","71;85;99",119269639,710.8,1200
"e18061cz_13_Quant1_10.cdf","c15","71;85;99",173395542,1114.2,1500
"e18061cz_13_Quant1_10.cdf","c17","71;85;99",153713156,1321.8,1700
"e18061cz_13_Quant1_10.cdf","c19","71;85;99",167191266,1498.8,1900
"e18061cz_13_Quant1_10.cdf","c22","71;85;99",163388804,1682.4,2200
"e18061cz_13_Quant1_10.cdf","c28","71;85;99",121179085,1932.8,2800
"e18061cz_13_Quant1_10.cdf","c32","71;85;99",93077850,2067.2,3200
"e18061cz_13_Quant1_10.cdf","c36","71;85;99",76602646,2250.2,3600
"e18061cz_14_Quant1_5.cdf","c10","71;85;99",155025091,408,1000
"e18061cz_14_Quant1_5.cdf","c12","71;85;99",120064135,710.6,1200
"e18061cz_14_Quant1_5.cdf","c15","71;85;99",176474666,1114.2,1500
"e18061cz_14_Quant1_5.cdf","c17","71;85;99",167838416,1321.8,1700
"e18061cz_14_Quant1_5.cdf","c19","71;85;99",185553759,1498.8,1900
"e18061cz_14_Quant1_5.cdf","c22","71;85;99",169966579,1682.4,2200
"e18061cz_14_Quant1_5.cdf","c28","71;85;99",120834776,1932.8,2800
"e18061cz_14_Quant1_5.cdf","c32","71;85;99",89112678,2067.2,3200
"e18061cz_14_Quant1_5.cdf","c36","71;85;99",71948450,2250.2,3600
"e18061cz_15_Quant1_2.cdf","c10","71;85;99",154527413,408,1000
"e18061cz_15_Quant1_2.cdf","c12","71;85;99",124529416,710.8,1200
"e18061cz_15_Quant1_2.cdf","c15","71;85;99",5181667,1098.4,1500
"e18061cz_15_Quant1_2.cdf","c17","71;85;99",212436774,1321.8,1700
"e18061cz_15_Quant1_2.cdf","c19","71;85;99",217905817,1498.8,1900
"e18061cz_15_Quant1_2.cdf","c22","71;85;99",202228469,1682.4,2200
"e18061cz_15_Quant1_2.cdf","c28","71;85;99",153285838,1933,2800
"e18061cz_15_Quant1_2.cdf","c32","71;85;99",117558603,2067.2,3200
"e18061cz_15_Quant1_2.cdf","c36","71;85;99",89814711,2250.4,3600
"e18061cz_16_Quant1_1.cdf","c10","71;85;99",155754413,408.2,1000
"e18061cz_16_Quant1_1.cdf","c12","71;85;99",132814953,710.6,1200
"e18061cz_16_Quant1_1.cdf","c15","71;85;99",4661497,1098.2,1500
"e18061cz_16_Quant1_1.cdf","c17","71;85;99",210690372,1321.8,1700
"e18061cz_16_Quant1_1.cdf","c19","71;85;99",200916221,1498.8,1900
"e18061cz_16_Quant1_1.cdf","c22","71;85;99",168747385,1682.4,2200
"e18061cz_16_Quant1_1.cdf","c28","71;85;99",129667955,1933,2800
"e18061cz_16_Quant1_1.cdf","c32","71;85;99",120986715,2067.2,3200
"e18061cz_16_Quant1_1.cdf","c36","71;85;99",107052638,2250,3600
"e18061cz_9_Quant1_200.cdf","c10","71;85;99",146965136,408.2,1000
"e18061cz_9_Quant1_200.cdf","c12","71;85;99",109606870,710.6,1200
"e18061cz_9_Quant1_200.cdf","c15","71;85;99",155363523,1114,1500
"e18061cz_9_Quant1_200.cdf","c17","71;85;99",143493780,1321.8,1700
"e18061cz_9_Quant1_200.cdf","c19","71;85;99",139070620,1498.8,1900
"e18061cz_9_Quant1_200.cdf","c22","71;85;99",141845516,1682.4,2200
"e18061cz_9_Quant1_200.cdf","c28","71;85;99",105637550,1933,2800
"e18061cz_9_Quant1_200.cdf","c32","71;85;99",81069045,2067.2,3200
"e18061cz_9_Quant1_200.cdf","c36","71;85;99",61387602,2250.4,3600
"e18061cz_4_IdentA.cdf","c10","71;85;99",172736708,408.6,1000
"e18061cz_4_IdentA.cdf","c12","71;85;99",154984709,710.8,1200
"e18061cz_4_IdentA.cdf","c15","71;85;99",170028207,1114.2,1500
"e18061cz_4_IdentA.cdf","c17","71;85;99",141018765,1321.8,1700
"e18061cz_4_IdentA.cdf","c19","71;85;99",152211332,1498.8,1900
"e18061cz_4_IdentA.cdf","c22","71;85;99",156544802,1682.4,2200
"e18061cz_4_IdentA.cdf","c28","71;85;99",110154522,1932.8,2800
"e18061cz_4_IdentA.cdf","c32","71;85;99",86823528,2067.2,3200
"e18061cz_4_IdentA.cdf","c36","71;85;99",66804972,2250.2,3600
"e18061cz_5_IdentB.cdf","c10","71;85;99",156956382,408.4,1000
"e18061cz_5_IdentB.cdf","c12","71;85;99",135625259,710.6,1200
"e18061cz_5_IdentB.cdf","c15","71;85;99",181489983,1114.2,1500
"e18061cz_5_IdentB.cdf","c17","71;85;99",148016481,1321.8,1700
"e18061cz_5_IdentB.cdf","c19","71;85;99",160493269,1499,1900
"e18061cz_5_IdentB.cdf","c22","71;85;99",152571422,1682.4,2200
"e18061cz_5_IdentB.cdf","c28","71;85;99",108822740,1933,2800
"e18061cz_5_IdentB.cdf","c32","71;85;99",83922052,2067.2,3200
"e18061cz_5_IdentB.cdf","c36","71;85;99",65633817,2250.2,3600
"e18061cz_6_IdentC.cdf","c10","71;85;99",157869310,408.4,1000
"e18061cz_6_IdentC.cdf","c12","71;85;99",134674458,710.6,1200
"e18061cz_6_IdentC.cdf","c15","71;85;99",3798507,1098.2,1500
"e18061cz_6_IdentC.cdf","c17","71;85;99",160850792,1321.8,1700
"e18061cz_6_IdentC.cdf","c19","71;85;99",157465115,1498.8,1900
"e18061cz_6_IdentC.cdf","c22","71;85;99",153519123,1682.4,2200
"e18061cz_6_IdentC.cdf","c28","71;85;99",107885785,1932.8,2800
"e18061cz_6_IdentC.cdf","c32","71;85;99",79904560,2067,3200
"e18061cz_6_IdentC.cdf","c36","71;85;99",64279521,2250.2,3600
"e18061cz_7_IdentD.cdf","c10","71;85;99",155040173,408.2,1000
"e18061cz_7_IdentD.cdf","c12","71;85;99",132777281,710.6,1200
"e18061cz_7_IdentD.cdf","c15","71;85;99",168568957,1114,1500
"e18061cz_7_IdentD.cdf","c17","71;85;99",154076815,1321.8,1700
"e18061cz_7_IdentD.cdf","c19","71;85;99",158992792,1498.8,1900
"e18061cz_7_IdentD.cdf","c22","71;85;99",157155042,1682.4,2200
"e18061cz_7_IdentD.cdf","c28","71;85;99",114137334,1933,2800
"e18061cz_7_IdentD.cdf","c32","71;85;99",86112309,2067,3200
"e18061cz_7_IdentD.cdf","c36","71;85;99",67727035,2250,3600
"e18061cz_18.cdf","c10","71;85;99",162653305,408.2,1000
"e18061cz_18.cdf","c12","71;85;99",135409949,710.8,1200
"e18061cz_18.cdf","c15","71;85;99",181918091,1114,1500
"e18061cz_18.cdf","c17","71;85;99",198976094,1321.8,1700
"e18061cz_18.cdf","c19","71;85;99",223585013,1499,1900
"e18061cz_18.cdf","c22","71;85;99",178343047,1682.4,2200
"e18061cz_18.cdf","c28","71;85;99",152408227,1933,2800
"e18061cz_18.cdf","c32","71;85;99",122930324,2067.2,3200
"e18061cz_18.cdf","c36","71;85;99",101288411,2250.4,3600
"e18061cz_19.cdf","c10","71;85;99",135469662,406.8,1000
"e18061cz_19.cdf","c12","71;85;99",113828724,710.4,1200
"e18061cz_19.cdf","c15","71;85;99",157850887,1114,1500
"e18061cz_19.cdf","c17","71;85;99",153321438,1321.8,1700
"e18061cz_19.cdf","c19","71;85;99",203260133,1499,1900
"e18061cz_19.cdf","c22","71;85;99",154622002,1682.4,2200
"e18061cz_19.cdf","c28","71;85;99",139326605,1932.8,2800
"e18061cz_19.cdf","c32","71;85;99",94106616,2067.2,3200
"e18061cz_19.cdf","c36","71;85;99",75068191,2250.2,3600
"e18061cz_20.cdf","c10","71;85;99",163685240,408.4,1000
"e18061cz_20.cdf","c12","71;85;99",134116889,710.6,1200
"e18061cz_20.cdf","c15","71;85;99",181790790,1114,1500
"e18061cz_20.cdf","c17","71;85;99",184110241,1321.8,1700
"e18061cz_20.cdf","c19","71;85;99",222510573,1499,1900
"e18061cz_20.cdf","c22","71;85;99",177846302,1682.4,2200
"e18061cz_20.cdf","c28","71;85;99",141216623,1933,2800
"e18061cz_20.cdf","c32","71;85;99",114386690,2067,3200
"e18061cz_20.cdf","c36","71;85;99",93944429,2250.2,3600
"e18061cz_21.cdf","c10","71;85;99",161330172,407.6,1000
"e18061cz_21.cdf","c12","71;85;99",137426199,710.6,1200
"e18061cz_21.cdf","c15","71;85;99",197895458,1114.2,1500
"e18061cz_21.cdf","c17","71;85;99",185812529,1322,1700
"e18061cz_21.cdf","c19","71;85;99",258102898,1499.2,1900
"e18061cz_21.cdf","c22","71;85;99",193432877,1682.6,2200
"e18061cz_21.cdf","c28","71;85;99",145932514,1933,2800
"e18061cz_21.cdf","c32","71;85;99",123460389,2067.2,3200
"e18061cz_21.cdf","c36","71;85;99",96127499,2250.4,3600
"e18061cz_22.cdf","c10","71;85;99",160874036,408,1000
"e18061cz_22.cdf","c12","71;85;99",137630919,710.6,1200
"e18061cz_22.cdf","c15","71;85;99",9142195,1098.4,1500
"e18061cz_22.cdf","c17","71;85;99",194176461,1321.8,1700
"e18061cz_22.cdf","c19","71;85;99",256556586,1499.4,1900
"e18061cz_22.cdf","c22","71;85;99",209835760,1682.6,2200
"e18061cz_22.cdf","c28","71;85;99",144165060,1933,2800
"e18061cz_22.cdf","c32","71;85;99",125095350,2067.2,3200
"e18061cz_22.cdf","c36","71;85;99",98800546,2250.2,3600
"e18061cz_23.cdf","c10","71;85;99",160187829,408.2,1000
"e18061cz_23.cdf","c12","71;85;99",135275103,710.6,1200
"e18061cz_23.cdf","c15","71;85;99",188341001,1114.2,1500
"e18061cz_23.cdf","c17","71;85;99",187478977,1322,1700
"e18061cz_23.cdf","c19","71;85;99",241263187,1499.2,1900
"e18061cz_23.cdf","c22","71;85;99",197339992,1682.6,2200
"e18061cz_23.cdf","c28","71;85;99",136206204,1933,2800
"e18061cz_23.cdf","c32","71;85;99",107001003,2067.2,3200
"e18061cz_23.cdf","c36","71;85;99",90123116,2250.2,3600
"e18061cz_25.cdf","c10","71;85;99",163843832,407.8,1000
"e18061cz_25.cdf","c12","71;85;99",128662198,710.6,1200
"e18061cz_25.cdf","c15","71;85;99",170831627,1114.2,1500
"e18061cz_25.cdf","c17","71;85;99",153251496,1322,1700
"e18061cz_25.cdf","c19","71;85;99",196423039,1499,1900
"e18061cz_25.cdf","c22","71;85;99",168071975,1682.6,2200
"e18061cz_25.cdf","c28","71;85;99",124433673,1933,2800
"e18061cz_25.cdf","c32","71;85;99",110443456,2067.2,3200
"e18061cz_25.cdf","c36","71;85;99",76261856,2250.4,3600
"e18061cz_26.cdf","c10","71;85;99",149253035,407.6,1000
"e18061cz_26.cdf","c12","71;85;99",121501762,710.8,1200
"e18061cz_26.cdf","c15","71;85;99",165334690,1114.2,1500
"e18061cz_26.cdf","c17","71;85;99",166562437,1321.8,1700
"e18061cz_26.cdf","c19","71;85;99",209057180,1499,1900
"e18061cz_26.cdf","c22","71;85;99",167411276,1682.6,2200
"e18061cz_26.cdf","c28","71;85;99",113882632,1933,2800
"e18061cz_26.cdf","c32","71;85;99",89059295,2067.2,3200
"e18061cz_26.cdf","c36","71;85;99",71254214,2250.6,3600
"e18061cz_27.cdf","c10","71;85;99",149040993,408.4,1000
"e18061cz_27.cdf","c12","71;85;99",125516026,710.6,1200
"e18061cz_27.cdf","c15","71;85;99",169230616,1114,1500
"e18061cz_27.cdf","c17","71;85;99",167168681,1321.8,1700
"e18061cz_27.cdf","c19","71;85;99",204476002,1499,1900
"e18061cz_27.cdf","c22","71;85;99",159340396,1682.6,2200
"e18061cz_27.cdf","c28","71;85;99",105072101,1933,2800
"e18061cz_27.cdf","c32","71;85;99",91117206,2067.2,3200
"e18061cz_27.cdf","c36","71;85;99",74500624,2250.2,3600
"e18061cz_28.cdf","c10","71;85;99",167227693,407.8,1000
"e18061cz_28.cdf","c12","71;85;99",142903450,710.6,1200
"e18061cz_28.cdf","c15","71;85;99",13779266,1098.4,1500
"e18061cz_28.cdf","c17","71;85;99",193290913,1322,1700
"e18061cz_28.cdf","c19","71;85;99",292878224,1499.6,1900
"e18061cz_28.cdf","c22","71;85;99",199019869,1682.6,2200
"e18061cz_28.cdf","c28","71;85;99",142707096,1933,2800
"e18061cz_28.cdf","c32","71;85;99",105168005,2067.2,3200
"e18061cz_28.cdf","c36","71;85;99",87344961,2250.8,3600
"e18061cz_29.cdf","c10","71;85;99",136617526,407.2,1000
"e18061cz_29.cdf","c12","71;85;99",116263477,710.4,1200
"e18061cz_29.cdf","c15","71;85;99",161691735,1114.2,1500
"e18061cz_29.cdf","c17","71;85;99",158599800,1321.8,1700
"e18061cz_29.cdf","c19","71;85;99",217594711,1499.4,1900
"e18061cz_29.cdf","c22","71;85;99",162111952,1682.6,2200
"e18061cz_29.cdf","c28","71;85;99",95671976,1933,2800
"e18061cz_29.cdf","c32","71;85;99",90289119,2067.2,3200
"e18061cz_29.cdf","c36","71;85;99",75073968,2250,3600
"e18061cz_31.cdf","c10","71;85;99",165547494,408.4,1000
"e18061cz_31.cdf","c12","71;85;99",136973529,710.6,1200
"e18061cz_31.cdf","c15","71;85;99",189407658,1114.2,1500
"e18061cz_31.cdf","c17","71;85;99",173918427,1322,1700
"e18061cz_31.cdf","c19","71;85;99",250767150,1499.2,1900
"e18061cz_31.cdf","c22","71;85;99",183186389,1682.6,2200
"e18061cz_31.cdf","c28","71;85;99",139718183,1933,2800
"e18061cz_31.cdf","c32","71;85;99",119223825,2067.2,3200
"e18061cz_31.cdf","c36","71;85;99",81229385,2250.2,3600
"e18061cz_32.cdf","c10","71;85;99",128365628,407,1000
"e18061cz_32.cdf","c12","71;85;99",115155342,710.2,1200
"e18061cz_32.cdf","c15","71;85;99",173127391,1114.2,1500
"e18061cz_32.cdf","c17","71;85;99",139564842,1321.8,1700
"e18061cz_32.cdf","c19","71;85;99",193018087,1499,1900
"e18061cz_32.cdf","c22","71;85;99",154844960,1682.4,2200
"e18061cz_32.cdf","c28","71;85;99",95118647,1933,2800
"e18061cz_32.cdf","c32","71;85;99",93688002,2067.2,3200
"e18061cz_32.cdf","c36","71;85;99",69923161,2250.4,3600
"e18061cz_33.cdf","c10","71;85;99",151888867,407.2,1000
"e18061cz_33.cdf","c12","71;85;99",131484491,710.6,1200
"e18061cz_33.cdf","c15","71;85;99",189161283,1114.2,1500
"e18061cz_33.cdf","c17","71;85;99",152582932,1321.8,1700
"e18061cz_33.cdf","c19","71;85;99",212987423,1499,1900
"e18061cz_33.cdf","c22","71;85;99",190610146,1682.6,2200
"e18061cz_33.cdf","c28","71;85;99",118620489,1932.8,2800
"e18061cz_33.cdf","c32","71;85;99",118261111,2067.2,3200
"e18061cz_33.cdf","c36","71;85;99",86765966,2250.6,3600
"e18061cz_34.cdf","c10","71;85;99",163283595,408,1000
"e18061cz_34.cdf","c12","71;85;99",135856418,710.6,1200
"e18061cz_34.cdf","c15","71;85;99",190479765,1114.2,1500
"e18061cz_34.cdf","c17","71;85;99",153101030,1321.8,1700
"e18061cz_34.cdf","c19","71;85;99",213715295,1499,1900
"e18061cz_34.cdf","c22","71;85;99",181008859,1682.6,2200
"e18061cz_34.cdf","c28","71;85;99",110968213,1933,2800
"e18061cz_34.cdf","c32","71;85;99",100296808,2067,3200
"e18061cz_34.cdf","c36","71;85;99",88423422,2250,3600
"e18061cz_35.cdf","c10","71;85;99",153166183,407.6,1000
"e18061cz_35.cdf","c12","71;85;99",132097138,710.4,1200
"e18061cz_35.cdf","c15","71;85;99",201615933,1114.2,1500
"e18061cz_35.cdf","c17","71;85;99",164077596,1322,1700
"e18061cz_35.cdf","c19","71;85;99",240465476,1499.2,1900
"e18061cz_35.cdf","c22","71;85;99",200015107,1682.6,2200
"e18061cz_35.cdf","c28","71;85;99",134633930,1933,2800
"e18061cz_35.cdf","c32","71;85;99",115236623,2067.2,3200
"e18061cz_35.cdf","c36","71;85;99",92759297,2250,3600
"e18061cz_36.cdf","c10","71;85;99",146221639,406.6,1000
"e18061cz_36.cdf","c12","71;85;99",132475176,710.4,1200
"e18061cz_36.cdf","c15","71;85;99",190089756,1114.2,1500
"e18061cz_36.cdf","c17","71;85;99",170197028,1321.8,1700
"e18061cz_36.cdf","c19","71;85;99",246740536,1499.2,1900
"e18061cz_36.cdf","c22","71;85;99",193907198,1682.6,2200
"e18061cz_36.cdf","c28","71;85;99",127164386,1933,2800
"e18061cz_36.cdf","c32","71;85;99",107621270,2067.2,3200
"e18061cz_36.cdf","c36","71;85;99",84853555,2250.8,3600
"e18061cz_38.cdf","c10","71;85;99",148285766,406.8,1000
"e18061cz_38.cdf","c12","71;85;99",154955745,710.4,1200
"e18061cz_38.cdf","c15","71;85;99",265617545,1114.2,1500
"e18061cz_38.cdf","c17","71;85;99",213303578,1322,1700
"e18061cz_38.cdf","c19","71;85;99",276854717,1499.2,1900
"e18061cz_38.cdf","c22","71;85;99",268788695,1682.6,2200
"e18061cz_38.cdf","c28","71;85;99",199997829,1933,2800
"e18061cz_38.cdf","c32","71;85;99",174552337,2067.2,3200
"e18061cz_38.cdf","c36","71;85;99",113605410,2250.2,3600
"e18061cz_39.cdf","c10","71;85;99",152952262,407.4,1000
"e18061cz_39.cdf","c12","71;85;99",136578145,710.6,1200
"e18061cz_39.cdf","c15","71;85;99",214210980,1114.4,1500
"e18061cz_39.cdf","c17","71;85;99",178727346,1322,1700
"e18061cz_39.cdf","c19","71;85;99",250407985,1499.2,1900
"e18061cz_39.cdf","c22","71;85;99",222819711,1682.6,2200
"e18061cz_39.cdf","c28","71;85;99",144978755,1933,2800
"e18061cz_39.cdf","c32","71;85;99",132660828,2067.2,3200
"e18061cz_39.cdf","c36","71;85;99",100547291,2250.2,3600
"e18061cz_40.cdf","c10","71;85;99",150734076,407.4,1000
"e18061cz_40.cdf","c12","71;85;99",136033407,710.6,1200
"e18061cz_40.cdf","c15","71;85;99",212481263,1114.2,1500
"e18061cz_40.cdf","c17","71;85;99",169586808,1322,1700
"e18061cz_40.cdf","c19","71;85;99",237661440,1499,1900
"e18061cz_40.cdf","c22","71;85;99",211784458,1682.6,2200
"e18061cz_40.cdf","c28","71;85;99",135406909,1933,2800
"e18061cz_40.cdf","c32","71;85;99",120477577,2067.2,3200
"e18061cz_40.cdf","c36","71;85;99",99830433,2250.2,3600
"e18061cz_41.cdf","c10","71;85;99",159388622,408,1000
"e18061cz_41.cdf","c12","71;85;99",138768545,710.6,1200
"e18061cz_41.cdf","c15","71;85;99",15490328,1098.4,1500
"e18061cz_41.cdf","c17","71;85;99",224144424,1322,1700
"e18061cz_41.cdf","c19","71;85;99",277219681,1499.4,1900
"e18061cz_41.cdf","c22","71;85;99",223535430,1682.6,2200
"e18061cz_41.cdf","c28","71;85;99",148989958,1933,2800
"e18061cz_41.cdf","c32","71;85;99",124086530,2067.2,3200
"e18061cz_41.cdf","c36","71;85;99",102268962,2250.2,3600
"e18061cz_42.cdf","c10","71;85;99",149425172,407.6,1000
"e18061cz_42.cdf","c12","71;85;99",126962771,710.4,1200
"e18061cz_42.cdf","c15","71;85;99",16027011,1098.4,1500
"e18061cz_42.cdf","c17","71;85;99",191709062,1322,1700
"e18061cz_42.cdf","c19","71;85;99",245238793,1499.4,1900
"e18061cz_42.cdf","c22","71;85;99",180420357,1682.6,2200
"e18061cz_42.cdf","c28","71;85;99",116338012,1932.8,2800
"e18061cz_42.cdf","c32","71;85;99",98030870,2067,3200
"e18061cz_42.cdf","c36","71;85;99",79993604,2250,3600
"e18061cz_44.cdf","c10","71;85;99",159024734,407.2,1000
"e18061cz_44.cdf","c12","71;85;99",132212864,710.6,1200
"e18061cz_44.cdf","c15","71;85;99",193843083,1114.2,1500
"e18061cz_44.cdf","c17","71;85;99",153752402,1321.8,1700
"e18061cz_44.cdf","c19","71;85;99",242659637,1499,1900
"e18061cz_44.cdf","c22","71;85;99",195995235,1682.4,2200
"e18061cz_44.cdf","c28","71;85;99",126494243,1932.8,2800
"e18061cz_44.cdf","c32","71;85;99",159350274,2067.2,3200
"e18061cz_44.cdf","c36","71;85;99",88998182,2250.2,3600
"e18061cz_45.cdf","c10","71;85;99",153124342,407.4,1000
"e18061cz_45.cdf","c12","71;85;99",130608245,710.4,1200
"e18061cz_45.cdf","c15","71;85;99",203457136,1114.2,1500
"e18061cz_45.cdf","c17","71;85;99",155973297,1321.8,1700
"e18061cz_45.cdf","c19","71;85;99",222162805,1499,1900
"e18061cz_45.cdf","c22","71;85;99",214326954,1682.4,2200
"e18061cz_45.cdf","c28","71;85;99",141441813,1933,2800
"e18061cz_45.cdf","c32","71;85;99",140295812,2067.2,3200
"e18061cz_45.cdf","c36","71;85;99",99924588,2250.6,3600
"e18061cz_46.cdf","c10","71;85;99",122373159,406.8,1000
"e18061cz_46.cdf","c12","71;85;99",104393072,710.2,1200
"e18061cz_46.cdf","c15","71;85;99",154932735,1114,1500
"e18061cz_46.cdf","c17","71;85;99",144316238,1321.8,1700
"e18061cz_46.cdf","c19","71;85;99",193820608,1499,1900
"e18061cz_46.cdf","c22","71;85;99",148828525,1682.4,2200
"e18061cz_46.cdf","c28","71;85;99",99358890,1932.8,2800
"e18061cz_46.cdf","c32","71;85;99",82901326,2067,3200
"e18061cz_46.cdf","c36","71;85;99",66787945,2250.2,3600
"e18061cz_47.cdf","c10","71;85;99",160714723,407.6,1000
"e18061cz_47.cdf","c12","71;85;99",140724724,710.6,1200
"e18061cz_47.cdf","c15","71;85;99",209329514,1114.2,1500
"e18061cz_47.cdf","c17","71;85;99",191155534,1321.8,1700
"e18061cz_47.cdf","c19","71;85;99",266834836,1499.2,1900
"e18061cz_47.cdf","c22","71;85;99",225582831,1682.4,2200
"e18061cz_47.cdf","c28","71;85;99",161123323,1932.8,2800
"e18061cz_47.cdf","c32","71;85;99",149263948,2067.2,3200
"e18061cz_47.cdf","c36","71;85;99",105910679,2250.8,3600
"e18061cz_48.cdf","c10","71;85;99",158920270,407.2,1000
"e18061cz_48.cdf","c12","71;85;99",134726219,710.4,1200
"e18061cz_48.cdf","c15","71;85;99",15434949,1098.4,1500
"e18061cz_48.cdf","c17","71;85;99",164171660,1321.8,1700
"e18061cz_48.cdf","c19","71;85;99",252786539,1499.2,1900
"e18061cz_48.cdf","c22","71;85;99",204340492,1682.4,2200
"e18061cz_48.cdf","c28","71;85;99",127687313,1932.8,2800
"e18061cz_48.cdf","c32","71;85;99",129304656,2067.2,3200
"e18061cz_48.cdf","c36","71;85;99",92981661,2250.6,3600
"e18061cz_50.cdf","c10","71;85;99",159967903,408,1000
"e18061cz_50.cdf","c12","71;85;99",132044058,710.4,1200
"e18061cz_50.cdf","c15","71;85;99",193281150,1114,1500
"e18061cz_50.cdf","c17","71;85;99",144307126,1321.8,1700
"e18061cz_50.cdf","c19","71;85;99",204029288,1498.8,1900
"e18061cz_50.cdf","c22","71;85;99",194676992,1682.4,2200
"e18061cz_50.cdf","c28","71;85;99",135905160,1932.8,2800
"e18061cz_50.cdf","c32","71;85;99",111673583,2067.4,3200
"e18061cz_50.cdf","c36","71;85;99",93946818,2250.4,3600
"e18061cz_51.cdf","c10","71;85;99",161779715,407.6,1000
"e18061cz_51.cdf","c12","71;85;99",137769617,710.4,1200
"e18061cz_51.cdf","c15","71;85;99",201933928,1114.2,1500
"e18061cz_51.cdf","c17","71;85;99",180681752,1321.8,1700
"e18061cz_51.cdf","c19","71;85;99",7709997,1504.6,1900
"e18061cz_51.cdf","c22","71;85;99",204053976,1682.4,2200
"e18061cz_51.cdf","c28","71;85;99",145847544,1932.8,2800
"e18061cz_51.cdf","c32","71;85;99",148157780,2067,3200
"e18061cz_51.cdf","c36","71;85;99",91217894,2249.8,3600
"e18061cz_52.cdf","c10","71;85;99",155304760,407,1000
"e18061cz_52.cdf","c12","71;85;99",144320286,710.8,1200
"e18061cz_52.cdf","c15","71;85;99",228563809,1114.2,1500
"e18061cz_52.cdf","c17","71;85;99",181304987,1321.8,1700
"e18061cz_52.cdf","c19","71;85;99",255522283,1499,1900
"e18061cz_52.cdf","c22","71;85;99",243541071,1682.6,2200
"e18061cz_52.cdf","c28","71;85;99",154913332,1932.8,2800
"e18061cz_52.cdf","c32","71;85;99",181190842,2067,3200
"e18061cz_52.cdf","c36","71;85;99",111466929,2250.6,3600
"e18061cz_53.cdf","c10","71;85;99",160609516,407.8,1000
"e18061cz_53.cdf","c12","71;85;99",137934025,710.6,1200
"e18061cz_53.cdf","c15","71;85;99",208116113,1114,1500
"e18061cz_53.cdf","c17","71;85;99",201654835,1321.8,1700
"e18061cz_53.cdf","c19","71;85;99",269015503,1499.2,1900
"e18061cz_53.cdf","c22","71;85;99",207488972,1682.4,2200
"e18061cz_53.cdf","c28","71;85;99",155673003,1932.8,2800
"e18061cz_53.cdf","c32","71;85;99",159417550,2067,3200
"e18061cz_53.cdf","c36","71;85;99",99272618,2250.4,3600
"e18061cz_54.cdf","c10","71;85;99",152574771,407.6,1000
"e18061cz_54.cdf","c12","71;85;99",131815982,710.4,1200
"e18061cz_54.cdf","c15","71;85;99",14580880,1098.4,1500
"e18061cz_54.cdf","c17","71;85;99",213239923,1321.8,1700
"e18061cz_54.cdf","c19","71;85;99",298167075,1499.4,1900
"e18061cz_54.cdf","c22","71;85;99",201905151,1682.4,2200
"e18061cz_54.cdf","c28","71;85;99",187260122,1932.8,2800
"e18061cz_54.cdf","c32","71;85;99",116276700,2067,3200
"e18061cz_54.cdf","c36","71;85;99",87096775,2250.2,3600
