"Metabolite","QuantMasses","e18057cz_17.cdf","e18057cz_18.cdf","e18057cz_19.cdf","e18057cz_20.cdf","e18057cz_21.cdf","e18057cz_22.cdf","e18057cz_24.cdf","e18057cz_25.cdf","e18057cz_26.cdf","e18057cz_27.cdf","e18057cz_28.cdf","e18057cz_30.cdf","e18057cz_32.cdf","e18057cz_33.cdf","e18057cz_34.cdf","e18057cz_35.cdf","e18057cz_37.cdf","e18057cz_38.cdf","e18057cz_39.cdf","e18057cz_40.cdf","e18057cz_41.cdf","e18057cz_44.cdf","e18057cz_45.cdf","e18057cz_46.cdf","e18057cz_49.cdf","e18057cz_50.cdf","e18057cz_51.cdf","e18057cz_52.cdf","e18057cz_53.cdf","e18057cz_57.cdf","e18057cz_58.cdf","e18057cz_59.cdf","e18060cz_13.cdf","e18060cz_14.cdf","e18060cz_15.cdf","e18060cz_16.cdf","e18060cz_17.cdf","e18060cz_18.cdf","e18060cz_20.cdf","e18060cz_21.cdf","e18060cz_22.cdf","e18060cz_23.cdf","e18060cz_24.cdf","e18060cz_26.cdf","e18060cz_29.cdf","e18060cz_30.cdf","e18060cz_32.cdf","e18060cz_33.cdf","e18060cz_35.cdf","e18060cz_36.cdf","e18060cz_37.cdf","e18060cz_38.cdf","e18060cz_39.cdf","e18060cz_41.cdf","e18060cz_42.cdf","e18060cz_43.cdf","e18060cz_44.cdf","e18060cz_45.cdf","e18060cz_47.cdf","e18060cz_48.cdf","e18060cz_49.cdf","e18060cz_50.cdf","e18060cz_51.cdf","e18060cz_53.cdf","e18060cz_54.cdf","e18060cz_55.cdf","e18060cz_56.cdf","e18060cz_57.cdf","e18060cz_58.cdf","e18060cz_59.cdf","e18060cz_60.cdf","e18061cz_18.cdf","e18061cz_19.cdf","e18061cz_20.cdf","e18061cz_21.cdf","e18061cz_22.cdf","e18061cz_23.cdf","e18061cz_25.cdf","e18061cz_26.cdf","e18061cz_27.cdf","e18061cz_28.cdf","e18061cz_29.cdf","e18061cz_31.cdf","e18061cz_32.cdf","e18061cz_33.cdf","e18061cz_34.cdf","e18061cz_35.cdf","e18061cz_36.cdf","e18061cz_38.cdf","e18061cz_39.cdf","e18061cz_40.cdf","e18061cz_41.cdf","e18061cz_42.cdf","e18061cz_44.cdf","e18061cz_45.cdf","e18061cz_46.cdf","e18061cz_47.cdf","e18061cz_48.cdf","e18061cz_50.cdf","e18061cz_51.cdf","e18061cz_52.cdf","e18061cz_53.cdf","e18061cz_54.cdf"
"Aconitic acid_ cis-_(3TMS)_MP_RI:1747_IDENT:A+D","97.0 133.0 211.0 229.0 149.0 ",1299128,2144498,1967096,2576562,3691021,NA,1970599,1585319,1808392,3478789,NA,1648830,4008801,2149117,2744862,3674233,3913746,2992314,2058175,2635885,3100386,3252256,2684911,3267796,2818118,2885462,3060339,3420802,3505360,2303979,2237638,2716814,1579755,2577440,2096113,1095434,3843630,2315327,2022252,1387031,2138840,2857820,2922934,3203146,3939618,2541753,1668542,2525126,2210379,3020835,1859583,2457882,3953181,3970864,2114410,3699842,3204934,5934474,3172270,4450236,2987859,4550691,4024524,NA,NA,NA,NA,NA,NA,NA,NA,1813827,1506087,1534349,1317894,2522908,2941503,1121742,2256919,1979659,2791262,2627730,1343802,2437480,3724099,2518777,3945287,3871655,2111844,5677549,4243988,9720329,4096952,1888054,2249157,2458891,3695661,5472372,340535,3080062,2203199,3625409,4026673
"Alanine_ beta-_(2TMS)_BP_RI:1188_IDENT:A+D","86.0 102.0 176.0 117.0 99.0 ",5355022,NA,35475695,13537268,49814973,NA,22020375,54718745,95396422,7208142,NA,7724556,59770561,NA,NA,57639256,26934761,23519668,220534356,15144903,37006251,41929768,74224834,18754025,29945885,35375750,103860513,65860574,56739734,83994559,57306676,59366471,6617585,16078893,8856821,46872737,NA,91391235,17329244,NA,10388778,7810702,NA,25962173,NA,6729879,79984261,33737075,13741156,19212776,45744372,203942508,153383958,6626645,113531105,16947383,189178896,9200172,58906276,12845600,138892275,43768428,NA,NA,NA,NA,NA,NA,NA,NA,NA,NA,5745146,26321579,NA,NA,NA,168867923,58639512,31002926,15252704,19755822,NA,NA,NA,16490208,NA,122824398,NA,17525178,50573108,19566466,NA,173231790,NA,140152631,35176608,17330434,108856397,320297762,194966078,NA,28447674
"Alanine_ beta-_(3TMS)_MP_RI:1435_IDENT:A+D","86.0 248.0 174.0 133.0 100.0 ",66585315,101269524,91400216,60571749,50588725,425931,121129426,54493932,80865454,38917039,457122,45996545,105335740,45013871,82303665,44573842,120184125,2374376,65119459,64354516,22595624,136505114,83434559,60312121,125136127,50855689,76873043,72049208,70039675,122094817,66858656,38021850,101329348,23214063,14668845,36601985,28231718,2528955,32770575,16481539,66349683,3059166,16667136,29832481,3318781,33855553,42492217,34959696,19930234,23598199,44094399,5050891,22203343,24079309,102203502,31333930,34091671,3013923,46656386,16059802,27921015,25233797,3076361,NA,NA,NA,NA,NA,NA,NA,NA,162888568,61831369,18632253,26383352,30100021,51600941,93616272,98813671,91770507,42099416,48977183,16414498,25289329,38803499,30760310,9735010,28639043,13367362,34505431,30431033,60973881,56230316,59252485,22812141,70671228,46389811,36413828,20137400,52971801,64033664,55564097,42293589
"Alanine_(2TMS)_BP_RI:1097_IDENT:B+C","86.0 117.0 116.0 100.0 103.0 118.0 ",91918911,59760821,53158634,30006184,73142617,NA,64744203,52498353,46510683,15198087,NA,62135131,63927025,52103707,38941451,117930343,64568046,39403483,62221988,32471037,82791786,69622706,83535978,60126823,63375258,74245395,49114660,111656164,66853855,85220096,77613944,133063816,123954441,82764856,82887144,81406391,59638603,220371548,74648376,72371921,52523013,133459896,66488878,55177810,193740708,116787811,145147159,107216995,65724838,131881513,98246547,231615132,290825928,60386420,124266966,114363466,238221974,216312541,175104982,172258141,211466694,246420862,115427402,NA,NA,NA,NA,NA,NA,NA,NA,129005564,60968933,93025842,54812266,91892043,75218115,104977787,93876646,69740916,81957411,139695390,79730176,NA,71490550,37441433,50160960,119401170,53560865,79682049,85470369,166716846,162900039,72833721,41056760,92061465,101895789,99199740,38083163,174660533,111763707,112423409,185948688
"Asparagine_(3TMS)_MP_RI:1667_IDENT:B+D","141.0 132.0 100.0 116.0 231.0 ",16396442,15796280,13848310,21508106,25550941,NA,15155702,24901161,40872324,15621692,NA,13062557,56519350,91588811,39020433,20638071,27301696,26482126,47677696,19706782,9603470,39401090,35956823,22172672,32355898,18585606,36809576,28328623,15093072,39980540,42527557,59476742,20202735,21583931,15347770,32563625,10655732,29373199,16451468,16020750,82531895,15545438,8803172,27439113,27255700,23237351,35096389,26437151,14198524,20189044,40922371,149992229,59663030,10362693,106165926,6565423,115398751,6459894,34886176,27983353,80473105,55653281,32502295,NA,NA,NA,NA,NA,NA,NA,NA,NA,NA,NA,NA,NA,NA,NA,NA,NA,NA,NA,NA,NA,NA,NA,NA,NA,NA,NA,NA,NA,NA,NA,NA,NA,NA,NA,NA,NA,NA,NA,NA
"Aspartic acid_(2TMS)_BP_RI:1433_IDENT:A+C","117.0 116.0 100.0 130.0 160.0 163.0 132.0 102.0 118.0 ",38123919,60669636,61654301,66239024,53277131,NA,65298560,41707140,58739322,47858342,NA,33209892,64759339,45749075,56761024,34382330,58183201,67352410,43631033,39271415,27409736,66342305,43722619,41302514,63413844,36169958,53575218,36884402,54869142,60602638,43929103,32951958,50289711,18523549,13526213,20212987,27365318,NA,NA,18112854,NA,NA,17968164,21123099,NA,19506332,NA,26921524,23770294,NA,NA,NA,NA,23314152,NA,26314198,NA,NA,NA,21510974,NA,NA,NA,NA,NA,NA,NA,NA,NA,NA,NA,NA,37685885,26002884,33308003,48790490,47858268,NA,43150027,50410767,3800127,29465880,17543750,99604679,56360685,NA,59536276,19322797,142339554,67147684,70167148,46771337,44828285,39499251,61087276,NA,30262481,31403458,23972631,33340539,59264318,34163973,34812762
"Aspartic acid_(3TMS)_MP_RI:1517_IDENT:A+C","233.0 100.0 218.0 232.0 117.0 220.0 235.0 119.0 102.0 ",68039202,152045040,220248103,187628047,170268896,NA,209196001,203005230,354128773,148873047,NA,99044275,258185663,219167056,157820254,185326140,174434857,NA,215393648,152627344,135649393,239662667,206373890,181853770,NA,NA,257343862,220806117,221309787,243328523,198305321,189079858,NA,NA,NA,NA,NA,NA,NA,NA,NA,NA,NA,NA,NA,NA,NA,NA,NA,NA,NA,NA,NA,NA,NA,NA,NA,NA,NA,NA,NA,NA,NA,NA,NA,NA,NA,NA,NA,NA,NA,NA,NA,NA,NA,NA,NA,NA,NA,NA,NA,NA,NA,NA,NA,NA,NA,NA,NA,NA,NA,NA,NA,NA,NA,NA,NA,NA,NA,NA,NA,NA,NA
"Butanoic acid_ 3-hydroxy-_(2TMS)_MP_RI:1156_IDENT:A+B","191.0 88.0 117.0 149.0 133.0 ",12756103,9708498,11836510,9590545,19185913,NA,10125078,9154129,11767383,15105630,NA,10049790,14967357,9995858,13667164,16668555,13835301,16174434,8408638,15991203,16485441,10769095,12197303,15659098,10987158,12078429,15327895,16243496,24322329,9479206,11823394,15639692,11670233,13101834,12463060,12238843,20988564,17658577,12568087,14243972,10229944,19626324,20272788,22174063,26713629,15499486,10704175,21199461,18005961,13657924,16370710,26968542,30232981,19311085,9617426,17257927,27086417,35642078,16885622,18862406,21180742,24008657,21409254,NA,NA,NA,NA,NA,NA,NA,NA,11378014,9424538,9840026,18882410,18395529,12604950,9254399,8781052,9073901,21834322,18251682,13105348,9040769,15832342,8230225,22855280,23017174,25717222,22370307,17791765,23785232,17480373,15696676,21275797,7324094,21931176,18774445,12020214,16963976,18572687,13921600,25504294
"Citric acid_(4TMS)_MP_RI:1814_IDENT:B+D","149.0 273.0 183.0 133.0 211.0 275.0 277.0 278.0 ",24886575,31731143,39769920,30605716,58735718,NA,43177687,40203102,57386190,45519713,NA,31949885,88246365,57764279,55269797,73405896,71337227,69937806,65756428,61091213,67174947,72088257,60017746,60749702,63092584,53227547,64157323,74113111,70418917,64218024,67512144,60576527,36079886,30741962,22651572,29885555,35765643,37811436,26265213,27708484,26318782,40348918,25160902,35882105,42702187,30717687,29565136,36109450,31254320,30560436,40742416,51042182,68121392,35641510,32942409,42832658,61630932,57265718,50730028,58287247,50195195,70364909,52446984,2196023,2744321,7473059,28140107,34918046,78526113,430631035,1121653109,36735272,28253762,32567000,37554218,58542526,42605700,28915421,26982140,24561065,42339922,40230035,38544191,869203818,633422236,433930952,245882923,267093106,676653548,672343560,710683415,291769885,276864398,63897103,53592805,47600596,71684652,60447168,30443621,51464965,51663275,70044394,78896356
"Dihydroxyacetone phosphate_(1MEOX)(3TMS)_MP_RI:1739_IDENT:A+B","103.0 299.0 142.0 89.0 133.0 400.0 403.0 ",1156878,1689848,2976938,1723329,4265565,NA,2831377,2642896,2827570,2613894,NA,2310027,4923217,3531397,4072550,5415362,3591747,3921833,2011360,3478169,3977637,2861120,1754025,2795920,3511211,2073052,1376861,1660941,5763354,1630643,2154187,3191548,1468253,2812246,2214112,2345970,5693222,4657985,2747800,4255873,2305179,5982254,2403723,3946929,5352088,4298306,1225001,3869658,3277828,2979469,5227511,3648657,8311370,4044560,1752301,3757416,5976377,6172220,5801539,6586432,5238812,6212078,4897823,NA,NA,NA,NA,NA,NA,NA,NA,844204,3164401,6193100,4094365,10021477,10389963,4504057,4389450,4722448,10208699,10135194,NA,2052624,NA,NA,8128941,6073238,3149922,15657519,8470956,11996565,10805635,2382157,NA,5416994,11339402,8820555,831609,5046698,4713968,8677084,11425579
"Erythritol_(4TMS)_MP_RI:1503_IDENT:A+B","133.0 117.0 129.0 103.0 217.0 ",64443782,70691284,90287121,72977223,155271515,5194775,74666314,65843146,80510132,136310721,4600925,82009450,156738376,69653970,128134182,172792582,121255216,14629496,56110650,144346624,151941777,90188228,89837979,140218021,89612549,90783198,74476542,173514187,168356980,94439700,86088566,148860527,99095313,103635416,102239285,96032763,175839194,13898835,102450964,113649060,85965708,14989848,121075908,110470770,17388371,150960290,98917691,131607977,108618367,103143951,143371846,27247526,292615021,128710510,106301271,162738909,11385461,16897322,156979512,200231004,167361229,247665806,18634086,NA,NA,NA,NA,NA,NA,NA,NA,83912797,70270039,85522842,101335992,12655733,117240955,43731537,60334170,59441044,10870407,125599024,98969896,55357315,48358834,52278657,138397661,102717473,95299691,86568624,57300267,17158880,17202938,73403682,76657725,64570133,108635427,10266532,35216773,75583682,60764467,145308021,12275734
"Erythrose-4-phosphate_(1MEOX)(4TMS)_MP_RI:1904_IDENT:A+D","211.0 133.0 101.0 357.0 299.0 ",144697899,215224553,170009156,220101295,306356705,11900295,152922368,177289451,157163399,365604067,13222479,180120418,340259748,146775479,341777342,281935558,286038352,234539157,122996532,355345673,301977746,178499662,205010304,350729786,168047471,232132336,135083956,472634258,271462787,247500156,264021737,221186227,NA,NA,NA,NA,NA,NA,NA,NA,NA,NA,NA,NA,NA,NA,NA,NA,NA,NA,NA,NA,NA,NA,NA,NA,NA,NA,NA,NA,NA,NA,NA,NA,NA,NA,NA,NA,NA,NA,NA,NA,NA,NA,NA,NA,NA,NA,NA,NA,NA,NA,NA,NA,NA,NA,NA,NA,NA,NA,NA,NA,NA,NA,NA,NA,NA,NA,NA,NA,NA,NA,NA
"Fructose-1-phosphate_(1MEOX)(6TMS)_MP_RI:2291_IDENT:B+D","133.0 387.0 103.0 89.0 299.0 ",14555116,9465573,11102887,17215996,14888227,NA,10093918,11441278,7498581,36237773,NA,20789593,12981317,10276967,17662339,28062500,NA,13384071,3649316,17853846,29017804,9770829,19521340,NA,5345304,20918617,NA,20036879,NA,12931077,15149243,23098042,NA,NA,NA,NA,NA,NA,NA,NA,NA,NA,NA,NA,NA,NA,NA,NA,NA,NA,NA,NA,NA,NA,NA,NA,NA,NA,NA,NA,NA,NA,NA,NA,NA,NA,NA,NA,NA,NA,NA,12784510,9977690,4089485,13308464,29140879,19784454,3535653,6413304,4171339,15817529,14787060,35509894,7986865,7821787,8238191,14096268,NA,NA,24380164,NA,32289176,NA,10380177,NA,8499659,8957392,17320018,2604436,4698143,7207030,14423747,20226917
"Fructose-1_6-diphosphate_(1MEOX)(7TMS)_MP_RI:2705_IDENT:B+C","217.0 299.0 387.0 315.0 129.0 220.0 ",7492224,9222756,7911500,7578396,7521990,NA,8296485,7198051,5433795,9908739,900368,8496111,8217200,5938848,7296246,15351842,8367721,5451264,5171378,9726537,18917466,6084043,5397791,13399711,5179713,10104051,7793123,13717593,12514120,6258907,7531415,14762794,6052718,6309814,4330129,4645575,7609010,10135218,5767523,6931958,4276075,14670151,4792247,7515352,8817012,5046364,3538034,7345120,5811973,5913095,6940733,5809620,29209988,6818753,4416528,7559951,8274241,18592303,9778812,8293284,8544414,14955917,11398669,NA,NA,NA,NA,NA,NA,NA,NA,NA,NA,NA,NA,NA,NA,NA,NA,NA,NA,NA,NA,NA,NA,NA,NA,NA,NA,NA,NA,NA,NA,NA,NA,NA,NA,NA,NA,NA,NA,NA,NA
"Fructose_(1MEOX)(5TMS)_MP_RI:1862_IDENT:B+C","133.0 103.0 217.0 89.0 117.0 220.0 ",317531548,454941897,389558620,538856600,739847161,46279451,313954455,417235160,377936523,823881013,27840967,374830013,855780879,380890625,850020196,660591552,599118985,536973533,247044663,767972361,617533143,430879981,436191125,729399756,374426236,468152164,290905992,1074741203,639814449,620577662,601233004,515326497,243364865,241898600,338520008,249970185,518939202,436925087,300697023,306614779,283356859,581668254,268743175,315647699,702073603,452289567,281286248,422936247,381336096,339053309,423235326,489198216,970224508,397326392,272070117,677387367,750113884,689623236,455798487,598078269,60264597,879526194,634825756,NA,NA,NA,NA,NA,NA,NA,NA,506951878,763649788,560950358,1096599251,965876458,726067321,376906114,615407497,442814548,1333385164,898624128,815189505,631157606,502219887,477803138,959677747,1341396969,639376079,950408941,477456205,1373966725,1181843622,844327580,554904870,579576501,925336277,928542957,267863686,561014299,551416560,1101010341,1637040508
"Fumaric acid_(2TMS)_MP_RI:1366_IDENT:A+C","143.0 246.0 133.0 115.0 245.0 247.0 249.0 ",4580743,5504809,7141264,6237331,8540190,NA,5741832,6370572,8134666,6864533,NA,6584868,11261363,8456010,9249229,10185474,8362003,9725139,7907956,9650528,8821175,6808857,6550263,7567973,6634265,5742617,7109524,8585867,9522493,8176597,6853319,7589135,8260927,9211031,7618674,9487215,8217364,NA,9589133,10124141,10316511,NA,9281844,12315407,NA,10756884,10750025,13526093,10714392,12388929,15969054,NA,17326072,11038588,9678102,12365447,12781528,NA,18273815,22155630,13513997,20194080,NA,NA,NA,NA,NA,NA,NA,NA,NA,7616243,24457037,9206133,31328406,12045173,8584797,5234774,4941192,6641931,8046266,6975320,7389362,10812697,13141542,17271788,9757785,31620047,18445246,24291468,18751208,14473597,13256438,22424097,9068123,23141152,30901169,8559469,12491081,12536482,23017030,11999274,12140438
"Galacturonic acid_(1MEOX)(5TMS)_BP_RI:1957_IDENT:B+D","333.0 103.0 133.0 89.0 160.0 ",18754212,19612607,17643450,24095329,34149482,NA,14603020,21139573,19126668,35129690,NA,22289373,32293462,16541414,38321866,28687455,28221417,26163306,13973668,33934422,32569933,18069786,18389922,32653029,16264546,17047508,16223188,36316055,32739381,21979327,23332881,27275983,12550317,9151337,15074755,9821439,21387916,13445053,8347096,14980232,12738859,38990541,13750186,10337877,22472466,14320405,8739264,11731202,12287531,11493736,19680568,23499397,47108749,13961379,9635244,26340172,33167689,32719168,13654601,23212902,32165618,44169649,22960801,NA,NA,NA,NA,NA,NA,NA,NA,20987582,20741976,16874476,23505458,27353032,25350289,15107778,21008710,16757776,42895063,32345049,32445897,18440983,12321500,15123224,27804769,34993453,14742947,24593749,14965436,35253396,37335614,23774774,12892317,11541210,21398262,24680898,6551927,9642038,15666052,28342017,50326291
"Gluconic acid-6-phosphate_(7TMS)_MP_RI:2426_IDENT:A+D","129.0 299.0 133.0 387.0 101.0 220.0 ",9444385,11395399,14118856,9795528,14084170,NA,12479011,10549037,12685143,13387687,NA,12125616,12531772,12351553,10482906,15381522,19112275,20974562,13011449,14130761,13910639,17463282,17504695,22003333,11882352,15764662,15107878,19912217,19650700,16111661,13050904,23040088,16738296,11867764,13243865,13194078,20785815,21352572,12705314,13183266,10779286,23546246,15536767,23798220,17865686,17081618,15329717,14378105,11658040,12720617,20159677,19393461,22561798,12504666,21596205,13517965,27306007,19260497,16049320,16892502,18488477,18020387,14432903,NA,NA,NA,NA,8738943,9249376,20513776,46330343,11514718,8049837,9944177,9348388,12867245,11833496,NA,9634688,8392293,8719784,10288596,9588140,7372965,8681509,8559509,10701449,14568119,NA,15218364,8694048,12243373,9773543,843756,1910305,6795210,9026335,8567791,8091241,9268926,18083761,13124375,9199299
"Gluconic acid_(6TMS)_MP_RI:1996_IDENT:B+C","217.0 117.0 333.0 205.0 103.0 ",19723602,17415364,25394630,19998020,47794515,NA,22707087,21446408,23327301,46042225,NA,26460341,37312632,15731360,39489002,53682077,38696622,49189725,13524425,52805463,46434747,24448963,29129171,58523126,29203559,29717943,30668251,56109820,63508791,24532445,25529806,55398331,29305666,26639743,23244915,NA,51499966,59301690,31192707,37035937,NA,NA,34794999,30831229,52606557,40606907,NA,31956394,34617306,34592817,42312357,72989010,87192292,37954578,31855427,41661447,75316675,13656185,51168518,61273978,62498138,84610509,62360026,NA,NA,NA,NA,NA,NA,NA,NA,23374016,18464546,19776858,24972760,64816057,38604319,NA,20800511,19503681,50276303,46037049,40032173,16212890,18758807,21953188,48599688,43147291,39922455,33353109,27886905,77870266,67718677,24522645,25894648,18234016,56716538,47462957,10723848,22487860,23764703,47933250,65989204
"Glucosamine_ N-acetyl-_(1MEOX)(4TMS)_BP_RI:2073_IDENT:A+C","117.0 87.0 129.0 202.0 103.0 ",794828,1308204,1825888,1935360,2536359,NA,1769100,1852275,2455013,2969741,NA,799235,2650321,2333605,2090913,2525325,2185404,2764887,2690099,2183454,2035483,1779326,2059563,3134038,1938066,2922186,2977413,4265845,2463691,2165309,2267325,2348112,NA,NA,NA,NA,NA,NA,NA,NA,NA,NA,NA,NA,NA,NA,NA,NA,NA,NA,NA,NA,NA,NA,NA,NA,NA,NA,NA,NA,NA,NA,NA,NA,NA,NA,NA,NA,NA,NA,NA,NA,NA,NA,NA,NA,NA,NA,NA,NA,NA,NA,NA,NA,NA,NA,NA,NA,NA,NA,NA,NA,NA,NA,NA,NA,NA,NA,NA,NA,NA,NA,NA
"Glucose-1/6-phosphate_(1MEOX)(6TMS)_MP_RI:2316_IDENT:C+D/A+B","160.0 299.0 129.0 387.0 133.0 220.0 162.0 132.0 ",13035309,16482201,29473006,21366756,36618779,NA,32895457,19303451,20885756,40072427,NA,12600645,28845676,17605315,25254038,32275511,25979664,29866335,16602472,32507803,36687891,25081533,19000697,43128532,15666377,25810634,32990474,38759976,43837175,23895039,35903007,45586598,NA,NA,NA,NA,NA,NA,NA,NA,NA,NA,NA,NA,NA,NA,NA,NA,NA,NA,NA,NA,NA,NA,NA,NA,NA,NA,NA,NA,NA,NA,NA,NA,NA,NA,NA,NA,NA,NA,NA,9550119,15201529,14669636,22743125,44413471,32478296,10634875,16899048,10190146,26451269,30005462,21899322,18099239,18964228,18099560,34157445,47779877,64258085,29081236,22140245,55790831,49336448,21447123,27797335,19980850,31046736,36754939,6291651,17213717,25554370,29654380,42047440
"Glucose_ 2-deoxy-_(1MEOX)(4TMS)_MP_RI:1785_IDENT:C+D","117.0 103.0 105.0 217.0 133.0 ",NA,2056148,2157590,3205407,NA,NA,2100956,2070956,3353141,1401439,NA,942150,2242236,2051056,2263246,NA,1605507,2998700,2557183,NA,NA,2196012,1548140,NA,1841299,1128405,2579135,1581840,NA,5615481,1663544,NA,NA,NA,NA,NA,NA,NA,NA,NA,NA,NA,NA,NA,NA,NA,NA,NA,NA,NA,NA,NA,NA,NA,NA,NA,NA,NA,NA,NA,NA,NA,NA,NA,NA,NA,NA,NA,NA,NA,NA,NA,2826118,3306011,4462649,2640654,2207737,NA,3683738,NA,2404956,2080219,3455269,1760243,2383099,NA,2529330,2813034,4116042,7228611,NA,NA,1547063,3743018,3511037,2893220,NA,2416546,1324071,3166008,4618228,2540869,1524755
"Glucose_(1MEOX)(5TMS)_MP_RI:1886_IDENT:B+D","160.0 117.0 129.0 205.0 103.0 217.0 220.0 162.0 132.0 207.0 ",6491502065,6141991090,6214829248,6181635710,8769319950,357517200,5352740841,5687638999,5633907676,3498511296,377966103,7614512906,8467120212,4989980661,9073971937,6953041173,7748706732,7424633615,4037825728,8977490330,8359607482,6179096316,6358763720,8744559373,6273204866,6695440479,5026825436,3920818033,8293924654,6581551786,6924678013,7701499057,6106036046,4804569446,5781000864,4856928364,7455158955,7055641455,5359992283,5609621195,4926910779,7934168609,5722219161,5562769508,7806207839,6953061849,5186323452,NA,6308116410,5808016454,6589193051,7473859597,6542824885,6516909544,5340007783,8059904643,8475661054,8128192842,6894724820,7744541411,7613993273,8891537485,8103002744,NA,NA,NA,NA,NA,NA,NA,NA,4220058988,6994806305,6603605319,2179446612,9269647367,7902515417,5010093610,5966542760,5763345681,9731386725,8577851306,10574669939,5383091280,5464215098,5341688575,8189338210,2621584044,6707199328,7280468454,5483127001,9235207902,8861517740,7502645121,6454421032,5862756909,8651062849,8524468688,3870654908,6242281337,6028764592,4091568786,10417455660
"Glucuronic acid_(1MEOX)(5TMS)_MP_RI:1927_IDENT:A+C","160.0 133.0 333.0 89.0 103.0 ",69039027,71126830,87340596,71600172,159623667,3163271,70306144,63367713,72514798,151420541,2327816,87733166,138148210,62830280,137312573,171248813,118578429,121408075,50697676,148465225,159706712,87010311,87285258,166169467,89614494,91138277,70356647,193233838,182278479,84443409,89144336,147442098,91197983,98181659,105823666,89178619,202079638,185373010,97214416,111065496,84471003,194761084,115773319,106947032,212219048,151952615,96426827,126244572,113222638,99349747,136953378,210309377,441885638,126058365,94977898,165678463,263880765,274527155,146679231,210975524,181308112,306310499,225675171,NA,NA,NA,NA,NA,NA,NA,NA,86115465,87037009,84555459,118111380,218183869,149198641,64010709,77625526,77200718,182757337,164911231,139901581,76164604,77600039,82034117,172171379,159518893,109518819,114324265,87369475,253477480,226380526,104705323,90845432,77331292,166004558,175961226,42450106,14040404,88182187,184944129,263621823
"Glutamic acid_(2TMS)_BP_RI:1533_IDENT:A+B","174.0 156.0 158.0 140.0 186.0 178.0 162.0 144.0 191.0 ",39711955,55219923,69637181,68349702,90896382,NA,46732304,44085935,70235154,122841661,NA,89953137,139791350,85840906,120690958,169724553,112572604,NA,110941976,151207139,158690038,105945387,102843501,99920429,87704070,109453500,112592562,NA,169430396,NA,113869086,102457786,60169275,93527767,89174701,103570284,128860520,NA,108554282,128923097,118186123,NA,117745166,104998871,NA,79216865,92029777,NA,108426755,112416467,154399647,NA,NA,150858911,129034196,188614181,NA,NA,152823427,NA,181403116,180267016,NA,NA,NA,NA,NA,NA,NA,NA,NA,54729017,46543063,86008842,96826350,101345012,121749556,72891643,80594901,113223708,100810970,133129508,110851048,27868327,44144127,57861889,79136617,NA,24970603,33948198,70367491,195302536,141570332,38439571,31767843,158021165,89833877,75251714,23907634,60235078,NA,115524404,157358172
"Glutamic acid_(3TMS)_MP_RI:1620_IDENT:A+B","246.0 247.0 100.0 156.0 128.0 250.0 101.0 160.0 131.0 ",374922866,483780929,559930704,398904507,579669356,NA,546900710,584388381,932433565,446664197,NA,412999615,1100528910,809216283,554005750,595415519,795297067,NA,876907763,576194189,473737495,727964868,553015450,404065241,512021620,503998369,806293523,486976098,497167007,686053462,525041839,465929883,343847600,365741171,273035947,445293583,376715115,321307508,364247913,380391954,426920994,403868356,253130379,198495280,145642149,126552897,244767277,303720813,237911449,247028982,471112288,164045404,223356146,302799477,391368906,455315926,408942669,307864512,288679216,78157780,470290868,215077849,289141287,NA,NA,NA,NA,NA,NA,NA,NA,293134254,105432928,172702092,129175450,179130329,203551111,163344708,207961041,170340561,132113946,255448108,151424061,6100733,22159899,54982310,63239488,15956354,NA,36063091,42572675,192573185,174319343,49809823,5896064,69772019,108050472,76647906,18734303,18757081,33427472,150029936,135403984
"Glutaric acid_ 2-hydroxy-_(3TMS)_MP_RI:1577_IDENT:A+D","117.0 103.0 105.0 89.0 133.0 ",5507289,5028694,5310547,2566049,14275852,NA,4033514,4374433,5646438,10416725,NA,4180757,11987045,6308573,12130731,20189281,12061612,NA,6091663,12425404,14415156,7361094,9956279,16167090,6121444,5473147,21557359,18564456,12233993,10025385,3906711,11297228,NA,NA,NA,NA,NA,NA,NA,NA,NA,NA,NA,NA,NA,NA,NA,NA,NA,NA,NA,NA,NA,NA,NA,NA,NA,NA,NA,NA,NA,NA,NA,NA,NA,NA,NA,NA,NA,NA,NA,NA,NA,NA,NA,NA,NA,NA,NA,NA,NA,NA,NA,NA,NA,NA,NA,NA,NA,NA,NA,NA,NA,NA,NA,NA,NA,NA,NA,NA,NA,NA,NA
"Glutaric acid_ 2-hydroxy-_(3TMS)_MP_RI:1577_IDENT:A+D","157.0 149.0 247.0 203.0 129.0 251.0 ",NA,NA,NA,NA,NA,NA,NA,NA,NA,NA,NA,NA,NA,NA,NA,NA,NA,NA,NA,NA,NA,NA,NA,NA,NA,NA,NA,NA,NA,NA,NA,NA,4009639,4648712,5217705,4103685,10849105,NA,4868435,5507868,3942401,NA,9096698,5650559,NA,10799587,4605652,9063589,6509470,5377422,9576698,6652061,NA,7197966,5615479,11209006,21839773,NA,9934014,15533440,13615236,17381778,NA,NA,NA,NA,NA,NA,NA,NA,NA,NA,NA,NA,NA,NA,NA,NA,NA,NA,NA,NA,NA,NA,NA,NA,NA,NA,NA,NA,NA,NA,NA,NA,NA,NA,NA,NA,NA,NA,NA,NA,NA
"Glutaric acid_ 2-oxo-_(1MEOX)(2TMS)_MP_RI:1579_IDENT:B+C","156.0 112.0 170.0 89.0 198.0 200.0 203.0 ",4859313,4172229,3946448,3981471,16743943,NA,5287664,5160997,7221094,6973894,NA,4240985,11800435,4705732,6701219,11586682,9258033,11758530,7130648,10117236,5196226,7734602,6344638,10163389,7786376,5081730,8311149,13252963,9311792,12987128,8142156,4560130,3492600,3578983,3492938,3838022,7889285,13193733,4323493,3414739,3395028,33401263,3231835,5841509,17262113,4011851,5534263,6656099,4833570,5601929,7994370,15275851,19634172,7795960,11700032,8298709,15855882,38169327,11296281,14659386,21156884,NA,31309813,NA,NA,NA,NA,NA,NA,NA,NA,6061462,3739581,5587058,6159639,14478740,6921676,3228117,4183594,3429030,10851384,17067141,5771337,2355890,2350091,1525038,9718583,6904221,10707128,3762283,3477271,18113301,24881760,4657045,2561031,5518157,8533359,7681387,920373,5074490,4491357,9250690,30796257
"Glutaric acid_(2TMS)_MP_RI:1418_IDENT:A+B","116.0 149.0 129.0 158.0 97.0 ",3027081,8748473,9422367,9898740,4493749,577391,10064721,11540658,15691515,3572443,444028,3571055,10486266,12695497,4114826,3343719,8000398,NA,11695663,5072423,4004610,10724983,11173775,3330319,9704475,12492966,13053187,4219727,NA,8611385,9617416,4746410,4338462,4196078,3651749,4109957,128693591,5741117,3633630,5187936,3393590,6417054,10693576,4419582,4756176,12788031,3336395,5770118,4702336,5672271,6439891,8847143,14660316,5868486,3978115,7541357,13836085,9614945,8155312,8048742,5922493,18136926,NA,NA,NA,NA,NA,NA,NA,NA,NA,3200356,8046025,10017534,12059894,4738282,5920157,7284517,8905485,9226381,3853790,4606309,4777960,7975923,7531927,10700895,6850138,4904238,18500016,12498104,8425380,9721283,10583314,9603470,19158807,6952842,5612394,6734348,6126296,10038804,11830463,4884418,15253143
"Glyceric acid-3-phosphate_(4TMS)_MP_RI:1802_IDENT:B+D","211.0 227.0 299.0 101.0 133.0 357.0 359.0 ",13091750,9845589,18159067,8071585,26029955,147574,15191332,8511772,12457769,22882767,73423,17493146,22533076,9224993,15053093,32907267,21692020,24421259,9041628,24919000,NA,16384934,16098355,28081062,19087242,16895002,14761797,26446372,37902423,12502110,11940087,32175755,NA,NA,NA,NA,NA,NA,NA,NA,NA,NA,NA,NA,NA,NA,NA,NA,NA,NA,NA,NA,NA,NA,NA,NA,NA,NA,NA,NA,NA,NA,NA,NA,NA,NA,NA,NA,NA,NA,NA,NA,NA,NA,NA,NA,NA,NA,NA,NA,NA,NA,NA,NA,NA,NA,NA,NA,NA,NA,NA,NA,NA,NA,NA,NA,NA,NA,NA,NA,NA,NA,NA
"Glyceric acid_(3TMS)_MP_RI:1342_IDENT:A+B","102.0 117.0 103.0 133.0 189.0 ",5462380,7320969,8537684,8371231,11257292,1653845,8570400,8295616,11603746,10853263,NA,7168539,12914212,9077074,10507078,12750403,9687791,NA,8678963,11090200,11608786,9532622,9912253,11145823,8675926,10483162,10563796,11566988,13647496,8160806,8579440,14241463,8528848,9898661,9103270,17677366,12821148,NA,9328473,10923432,9080539,NA,10097241,10401419,NA,11863540,9310462,17152376,9402985,10970983,14218338,NA,17654463,10860007,10431473,13294448,15943493,NA,16012220,17222210,14119482,NA,NA,NA,NA,NA,NA,NA,NA,NA,NA,9222349,6972639,7517229,9648398,17175735,14328992,8356082,6840730,7875924,16008185,13429510,13180716,7403920,8236893,7759500,14866592,7323542,20391420,12387351,8660130,21050273,13156323,13429214,11102153,10541228,13575855,20572932,5392325,12425351,10905862,19264354,21154996
"Glycerol-3-phosphate_(4TMS)_MP_RI:1756_IDENT:B+C","101.0 299.0 133.0 357.0 103.0 359.0 ",31360240,28729185,36791832,28282858,43067461,NA,47019494,48313233,70743000,38995677,NA,41500630,53672867,45431479,34334807,37598579,52848386,61293592,61558496,43902651,48367335,45735553,42025934,36095232,40338121,43832772,67872429,58368292,64553254,38678304,43870538,35590087,88026952,73513620,44312809,77882078,49195444,63922434,80158072,69985118,80435803,62926238,46417921,77606677,50875607,38346829,48180508,56166175,57775886,73535439,91935648,130856002,69164867,58059551,64590858,61499147,61922560,54488718,138237933,128825734,84483126,127280898,75815742,NA,NA,NA,NA,NA,NA,NA,NA,115946736,99289248,97772501,114225189,108450789,91841022,166203680,171081503,121389022,129423867,105002248,72774040,105964732,121964549,87020352,65537676,132851747,290611060,224154127,185034731,177884623,119529059,140280520,92943526,97970685,112760387,81018866,85925185,223449204,280483872,212950828,170306794
"Glycerol_(3TMS)_MP_RI:1280_IDENT:C+D","101.0 117.0 133.0 205.0 103.0 218.0 221.0 ",203750791,237166300,287510713,252962732,529096885,74897548,279943360,368509110,488185840,459827481,70315598,253256396,487116362,421688344,430854319,572271989,435763756,453732517,425231386,460166304,472737781,419505498,317848423,472827870,404386209,434166432,480402702,623929527,619294937,375143701,413227941,491167864,380156705,453577671,393199557,450693608,519775500,599854604,436561432,454720246,404448102,527381562,380389727,517759582,582507796,469094997,462708991,514182100,444573621,505995569,588514145,807356097,884167729,491289199,500943433,571907031,757577480,742775874,710962912,748702975,671504627,826124434,635840902,NA,NA,NA,NA,NA,NA,NA,NA,459932694,342871174,393622034,454383742,532904320,425112326,318314646,371091727,318027666,512042270,396626843,417890156,348531818,342474104,340677993,449992789,466436074,315313183,474562162,345618752,578722410,512339425,457670073,392682127,371517401,477318103,473658832,307136587,485283587,490657939,541775160,621519361
"Glycine_(2TMS)_BP_RI:1117_IDENT:A+C","86.0 176.0 103.0 104.0 102.0 276.0 277.0 ",45236833,27715935,40298794,28889368,55455660,NA,49316962,44438795,45909899,59695114,NA,54349697,89981605,77618515,52561138,69578075,82199107,55544364,82343032,66350379,79696345,66674845,94281025,96340722,61009485,76576620,82288947,170607994,84946979,126192127,87181361,174863653,109267901,136863355,118548809,122561657,80444582,291195266,118210082,94384488,82789309,152598571,79658547,137827102,191857439,157376767,213235666,193761786,141274950,128140546,159140519,412369394,428714461,137804256,141271724,153355986,383566715,285360982,241087256,215795024,355419459,340774371,149969781,NA,NA,NA,NA,NA,NA,NA,NA,54760265,50409220,75949891,62453278,93718212,54061514,134783840,104778562,81245659,145012168,138786741,123897067,74916541,82912455,80871089,48362833,286296025,201763573,57778569,116827095,175014235,185082783,105772328,72854484,95256227,140552119,124736140,133328663,325803950,233675560,185571494,43579152
"Glycine_(3TMS)_MP_RI:1314_IDENT:A+C","86.0 133.0 175.0 100.0 174.0 ",365665003,374878967,280298847,243899121,262778616,3247095,310184964,157471663,185445358,219621257,2480479,228396500,354667800,123493362,227474714,229481468,327264927,267916031,127498997,277448620,132723742,298282596,223405718,257161125,310513574,170694848,153187786,320690484,233127517,297906938,216149376,196335532,353639065,176931191,155739062,204744464,286087304,352097807,221930116,189807473,325716754,223344643,164173059,262000980,176037958,271953344,273674347,269802238,217216129,223707439,333795240,392857278,424118142,237457021,482216250,284535700,399529450,301115403,355283881,258853041,298764680,351246010,248252074,NA,NA,NA,NA,NA,NA,NA,NA,631075542,263538793,150691751,203135887,286381174,287453262,334298138,329604521,247201445,350539143,322805197,222855311,110143711,174869424,137179425,111007311,308545187,113370701,224789728,161825456,466043262,446020035,241120594,89042883,238693912,258753493,207625358,92360175,254843403,228799603,382124382,400492449
"Hypotaurine_(3TMS)_MP_RI:1597_IDENT:A+C","86.0 114.0 100.0 188.0 130.0 ",44564513,71192788,83266708,65985141,101209937,NA,94740924,81536890,149994814,67329168,NA,61044623,139152516,123435499,97875905,88553670,108515289,NA,137573585,106725865,56483421,127390681,102766205,79428132,99805580,70869958,139110700,105189658,110109605,117620767,85518977,67032472,72407436,92370462,60382547,119133784,67615732,NA,99166268,82785399,142204220,NA,59208549,118720695,NA,81383334,111248718,129667257,81542538,106190634,182719149,NA,129625092,93503400,153058427,117804941,135472753,NA,183656952,156262735,142040761,147819014,NA,NA,NA,NA,NA,NA,NA,NA,NA,109739447,77910559,83453014,62958071,73778276,75374794,112978900,154522297,114571793,79583366,84766159,31746406,47235079,49142992,46100569,18586939,48736409,44038830,36159545,48094298,118890887,92082509,62808902,33340647,95536767,76096886,34050617,29234273,100975525,62771552,96710265,107142303
"Inosine_(4TMS)_MP_RI:2586_IDENT:C+D","217.0 193.0 230.0 245.0 103.0 ",11360723,6306658,15644457,5685535,14452038,NA,12033238,10777306,10433722,15831728,NA,10372543,14069618,12302759,10040597,18061728,14094769,8961856,4362558,16867572,10099182,10682379,14271105,13480060,10483113,7932230,6791236,20448928,17476124,11071056,14256564,13523440,13873082,5411829,3525229,4514504,10223897,21507426,4588455,5508055,3953676,14609352,1487216,6462971,10470055,11026126,NA,3202580,4763478,2880501,6497074,16719947,13833759,5566289,6067388,6762985,20277256,16488884,10741679,8140587,10148815,14605383,10662602,NA,NA,NA,NA,NA,NA,NA,NA,NA,NA,NA,NA,NA,NA,NA,NA,NA,NA,NA,NA,NA,NA,NA,NA,NA,NA,NA,NA,NA,NA,NA,NA,NA,NA,NA,NA,NA,NA,NA,NA
"Inositol_ myo-_(6TMS)_MP_RI:2088_IDENT:C+D","129.0 191.0 305.0 217.0 133.0 ",368777582,413556587,524996834,428478778,762801141,13128109,479882720,415947205,546748866,717855624,13192598,469234627,740727501,433314078,NA,832228239,643673514,709015082,406921706,732370529,769977748,554976946,568559907,792850983,547205771,558422754,549018517,911171651,939574415,506447260,538915653,749665475,557576636,615079980,567471857,581972470,936469532,940465382,611393973,639847427,544522475,919845428,618705332,697247125,999190939,742393523,577821819,733348050,650572175,625293716,809421316,1123764719,1438078496,765423365,607257597,902845707,1202148497,1234908369,944257396,1122627584,933631950,1341361202,1063089220,NA,NA,NA,NA,NA,NA,NA,NA,520932149,615785012,621499239,788122358,1254119594,920195522,2893855964,2426711334,2374287926,2480199986,2387537765,669087987,477730783,NA,481217083,837468275,811000423,1112262691,939476505,867920826,1430788200,1135527077,819781810,674514191,547548764,979050767,916818016,2137917690,2730002650,3174186368,2679315681,2557211547
"Isoleucine_(1TMS)_BP_RI:1174_IDENT:A+D","86.0 87.0 130.0 146.0 103.0 ",138308494,175522057,129352911,183661245,147179139,8838143,171442959,122174615,126447128,175699707,14253712,191410034,192660641,109615592,201230902,131312707,218378674,230099650,72730519,225609099,202820657,169805209,158220924,245235307,203084493,202036547,124791901,153229603,193531323,128049631,186623354,157476182,203845890,190507048,172465081,116802906,254219867,70727169,228163301,224549928,156168335,205120493,224977455,210709079,330154444,224355576,83758229,218206853,215793133,191867638,199643973,83333588,90862539,272060125,34130768,279582851,117830156,369662929,240874928,305516280,56275140,268521260,315688555,NA,NA,NA,NA,NA,NA,NA,NA,151162051,108357124,90020707,187511012,249503175,162072321,77899251,81267679,86556486,171640851,132374607,186244634,156111175,69071307,72745976,242563031,63829122,177118521,85868452,66714265,210094815,244686527,84727375,143637259,66836626,139121059,134578947,39494367,45348414,75216638,166884502,205305378
"Isoleucine_(2TMS)_MP_RI:1302_IDENT:A+D","218.0 100.0 159.0 158.0 102.0 ",501098941,556112752,865075964,528896422,1462426446,NA,583367797,588832682,766437306,1263183303,NA,586786711,1246314408,611146520,1113853489,1668329931,930935537,959065578,541479914,1178505313,1202537276,703206178,NA,1137129406,732181780,662467835,641845809,1741336732,1588355819,732978649,761901983,1343106300,658957686,731917213,786562214,881053254,1443563224,1860265964,686562359,806434346,684702090,1487252828,717451408,805679612,1373616608,1032439506,995338912,974908098,821767459,766440972,1149305017,2151362885,2710506608,852367805,1084167410,1186389824,2202422164,1712887196,1191261002,NA,1714488346,1967198373,1366464704,NA,NA,NA,NA,NA,NA,NA,NA,637380648,760531579,915484287,905483889,1645669722,1205111743,511112082,699332889,611913961,1449419760,1212268232,766270594,398561060,551835640,554664867,1091383868,1284116078,302425177,831311510,612397126,1882992702,1573152655,768121160,533006083,683980484,1213531171,1135781855,291292970,901494339,642511311,1532570796,1895985968
"Lactic acid_(2TMS)_MP_RI:1055_IDENT:B+C","118.0 190.0 191.0 117.0 133.0 119.0 193.0 219.0 222.0 ",3025856774,1564027176,1986512052,1477819058,3585516643,86159816,1696125074,1273678463,1569457600,3166469381,93396230,3526999395,3197368087,1526721821,2688461643,4095596302,2806087750,2676443508,1118919381,3199783692,3536273508,2047640400,2218036807,3434294571,2357676969,2147221329,1558154274,4207511496,3914248823,2120122981,2288326528,4174251644,4290733095,2424942848,2425558189,2243656678,4453447933,5620904782,2388857526,2519326460,1827347924,4775915100,2493784641,2285398880,4653052619,4205731825,2877893280,2759450003,2508491924,2157338122,2808750772,4933156035,7425854956,2383315376,2187392417,3162101296,5498382178,5539484372,3228941302,4023750903,3614187971,5448069682,4401043076,NA,NA,NA,NA,NA,NA,NA,NA,4084022942,2172017173,2064710065,2655738799,6809972650,4316679248,2059179257,2193782550,2246090644,6780763498,6360903158,6057878715,3660055213,3458864779,4216572068,10889460857,10009729876,1646819891,5514244452,3984843554,12161955854,11078211306,2454763089,2077530817,2005010409,5779973247,5421599883,1446455416,3093808663,2566871006,8054356865,8771538207
"Leucine_(1TMS)_BP_RI:1153_IDENT:B+C","86.0 87.0 146.0 130.0 103.0 ",155473800,190624427,203049050,186806423,189105652,6134219,165539864,152726921,151355621,206938116,4598436,186273343,247363375,102885077,232589022,158324782,219112346,255341837,82222282,250636152,258174751,149865630,150177594,245826198,161456847,182573444,98665316,187936095,224800513,117164876,158751737,181769091,172847529,159372176,168021160,118703945,266301690,96052291,181439179,201630546,149706801,229675927,192248201,177895108,289252920,178178589,83388012,174453129,181947335,174246012,196921592,99034591,102871207,249025004,35164106,224921343,119593633,308388926,205756091,247311994,75188007,249113349,287288562,NA,NA,NA,NA,NA,NA,NA,NA,186138056,113766634,90432870,142122544,215044999,190042690,74982004,92829766,100622813,186052919,144754489,159722954,143046805,69878642,69675649,155202379,75682540,133443290,76962680,60158099,222116389,236120896,89861555,143236216,64149188,142473620,135963154,37543316,49178419,66497526,185430016,213667087
"Leucine_(2TMS)_MP_RI:1277_IDENT:B+C","299.0 102.0 159.0 100.0 158.0 ",567271574,689560526,854543429,715454581,1537127197,NA,836857281,823088018,1138131012,1176051891,NA,668911202,1313827326,970507109,1154334513,1777924280,1076976991,1108869844,983665482,1143226613,1218841791,1048850357,1086596066,1167812117,1000506222,917814050,1060109740,1743471624,1638202400,992898161,1110637591,1387718175,942033700,1019338556,874170583,1050016178,1317568503,3039218021,924072276,996214150,905289287,1460528850,824300189,1155277833,1475299025,1196401339,1171590506,1215174967,1051661584,1051176909,1395185068,2337025204,2693114042,1129544814,1349122228,1472615009,2322117431,1877544379,1695195867,1854662993,1897079759,3139343879,1532831162,NA,NA,NA,NA,NA,NA,NA,NA,1016628378,1012927560,1172861082,1286531628,1724033750,1412944631,781153949,NA,872609001,1718171587,1315262047,989626563,809740385,887993699,892685059,1264630508,1615534686,421651041,1300015669,901417820,2095759222,1716964203,1298258936,932504478,NA,1500728600,1363323919,601961470,1474158073,1304528611,1838862185,2139341552
"Lysine_(3TMS)_BP_RI:1849_IDENT:A+C","86.0 200.0 156.0 100.0 174.0 ",75216894,108626974,213017690,172044640,173245550,NA,116112005,79298520,90263160,218517762,NA,112885754,239653577,64437350,343474453,226737757,238227895,230608619,93137274,296062403,182965445,111368004,100330514,167382880,179526644,86763338,88895854,218148917,263629815,68540709,124940727,177379139,136860548,131104759,167849425,163674035,316754775,266186140,161220423,175006366,202981896,348794771,188801952,161300082,338288949,260499473,154778603,251391989,173072479,193797743,291524827,274453894,610633156,247053979,137062631,347923701,389309943,379118952,216546688,299957412,289705314,333138710,339972179,NA,NA,NA,NA,NA,NA,NA,NA,171113394,122441088,130447426,130360360,278516425,221751254,105846279,157209872,186817109,251520566,301140063,158387316,126846914,209705060,220710535,150126433,190319703,35591710,158621678,157225850,536410416,451635886,160132147,122576417,168658823,356716779,272269221,64112061,183148289,192810279,351883467,437977722
"Lysine_(4TMS)_MP_RI:1915_IDENT:A+C","86.0 156.0 174.0 100.0 128.0 ",126456232,90503190,105853232,43940653,359966683,NA,122579817,134318781,200169450,354072103,NA,158647757,330023082,196358288,143780911,484359017,225783424,191220140,147549537,266356321,236347097,283403589,316601249,510873030,228158183,197951200,242284271,532188997,262496496,300947507,229050148,382540577,54520053,44944641,46953758,58490485,48071632,278177197,30231550,41364196,45985061,167746061,41315339,65342129,52085730,96429142,108998785,82651566,43968127,47599549,86263670,232169317,718755003,37574707,302276577,85538092,398953073,193979004,98463235,132209712,207901639,217839848,89122874,NA,NA,NA,NA,NA,200392,NA,NA,NA,NA,NA,NA,NA,NA,NA,NA,NA,NA,NA,NA,NA,NA,NA,NA,NA,NA,NA,NA,NA,NA,NA,NA,NA,NA,NA,NA,NA,NA,NA,NA
"Malic acid_(3TMS)_MP_RI:1487_IDENT:B+D","101.0 133.0 117.0 149.0 233.0 245.0 247.0 249.0 ",13543543,14662851,21231378,16670932,23693743,823162,16690163,18330484,24915122,18488845,NA,18560206,37321633,26566894,25387607,28947604,24132229,19017762,23777196,22741981,22159650,20436499,17249875,16289699,18567943,16803452,19982305,20222437,22180360,25254254,18547021,18499916,23180190,24258646,17591901,24430685,25149597,16631738,26019072,25663724,26755564,22958614,22525796,30171094,20474355,23002516,24491564,30959629,26598937,31582528,43114472,18217872,40498656,26816332,23670198,27510249,32795234,25695537,45683700,43960080,36694964,45865974,22261494,NA,NA,NA,NA,NA,NA,NA,NA,27084472,19829716,22882554,23494378,25662906,19489913,14412653,17448705,16582781,15251647,18014164,18885643,23479088,19348200,20863564,24485860,22316067,45311506,36362552,29439907,23101800,27134865,18646814,14252222,18551540,18269439,14066434,12919961,21684682,19836026,18973676,20876650
"Mannose_(1MEOX)(5TMS)_MP_RI:1876_IDENT:A+D","103.0 129.0 117.0 205.0 160.0 ",144584781,205523452,170271497,243467816,323670650,NA,138394300,190920256,169630004,366288340,NA,170481456,386862208,171909217,372806591,290298575,262974668,240681154,112341786,343041603,265331104,200977518,202818008,314494438,163769092,215388382,128493230,477441412,269309065,283681129,265823916,231064192,124607776,37169285,37743784,30952049,44279913,205690886,40997748,NA,42270623,57669195,38044081,46923960,308120526,208764521,129352915,NA,52441594,41783264,42918749,61828575,NA,51283424,NA,NA,45771566,2809889323,52434745,NA,NA,364396719,NA,NA,NA,NA,NA,NA,NA,NA,NA,39476227,102338846,77217845,163858111,2689088945,950126406,52385453,86679208,48505725,184294784,90432970,3617020032,188470762,14761122,19676980,107549538,182489990,32607215,132875203,29321621,171099823,136626171,14912112,511316983,76214020,92557498,93071843,284968795,442865561,411478318,152608840,209700302
"Methionine_(1TMS)_BP_RI:1422_IDENT:C+D","104.0 131.0 178.0 130.0 116.0 ",13893575,11661287,10855527,13777242,17547848,2160383,8372035,9374790,8357111,17874026,1717112,11176027,12728115,8444847,17223521,11251240,10035082,NA,6183682,11904833,12979241,7727132,6614097,10934084,8383474,9209459,7130236,8796736,11557262,8322966,7634830,8384065,13431844,8782076,9407862,6756443,23256106,NA,9602621,10982090,NA,NA,10957693,8510521,NA,9507230,5043972,9850789,10386866,9324492,NA,NA,NA,13207641,NA,11526922,8894826,NA,NA,NA,NA,NA,NA,NA,NA,NA,NA,NA,NA,NA,NA,NA,NA,NA,NA,NA,NA,NA,NA,NA,NA,NA,NA,NA,NA,NA,NA,NA,NA,NA,NA,NA,NA,NA,NA,NA,NA,NA,NA,NA,NA,NA,NA
"Methionine_(2TMS)_MP_RI:1516_IDENT:C+D","128.0 177.0 100.0 129.0 176.0 ",NA,166621457,224688786,182075629,287290685,NA,192037683,173454672,260137431,259747437,NA,NA,338071071,195227965,257707445,315930292,242627432,NA,171608673,275522008,255306132,NA,229538760,NA,NA,NA,213191598,382677944,337793746,NA,221254725,NA,171603401,194135629,180857083,206630095,315818316,NA,208730320,218727399,196800457,NA,199558096,235165896,NA,251412203,220079974,266983881,221845554,219008349,322455427,NA,562662973,249439734,230502996,307724546,470820483,NA,349814576,371710354,362630797,490876562,NA,NA,NA,NA,NA,NA,NA,NA,NA,NA,NA,NA,NA,NA,NA,NA,NA,NA,NA,NA,NA,NA,NA,NA,NA,NA,NA,NA,NA,NA,NA,NA,NA,NA,NA,NA,NA,NA,NA,NA,NA
"Ornithine_(3TMS)_MP_RI:1748_IDENT:B+D","86.0 142.0 186.0 100.0 174.0 ",3458688,4404271,8708389,7356640,8825131,NA,7197585,5269790,6649716,10355863,NA,9386493,12793601,4510310,15126666,10938551,13111254,12411623,5067582,15934265,11395194,7462162,6231980,9041679,8486774,5777701,5949855,10323805,16297485,4294638,6568283,8362060,9445779,10998099,11931935,13505608,23878332,16537386,12483933,13715052,16262907,23847561,13698035,14680572,25798009,18632962,10834623,20117081,13479982,14859249,23358732,24208431,37209373,17752073,9988455,25163728,22976016,28821234,19590225,26034553,21024607,29083252,25063883,NA,NA,NA,NA,NA,NA,NA,NA,10490186,6580604,6749486,6334927,18743704,13640385,5799260,8859414,9400300,14979791,17958201,8798508,4334905,7731817,9180440,6302502,10697210,2636445,7650434,8588415,38716976,30236790,12613973,5780841,22235161,39569418,23033951,3267981,21771646,13455617,47017156,54247784
"Pantothenic acid_(3TMS)_MP_RI:1993_IDENT:A+D","103.0 117.0 159.0 201.0 157.0 ",30703630,23376058,32979020,25313462,60546305,NA,29334126,22348648,31138771,60471389,NA,37871444,46013883,26750967,52352422,61502783,49749371,54562652,22412422,57008302,59936626,33139634,34916205,57988598,34285237,39088403,30934507,64728520,65555877,28797901,30604358,59540183,41558766,35188972,34778147,35481754,62895537,63556280,38802848,45881278,37676649,66780415,45035370,41149841,69657686,49490889,35396482,46277057,45063987,36319809,54943547,70551711,108138456,51738889,38952274,55294109,87738938,98582039,53103488,74074724,59921908,94026135,70952599,NA,NA,NA,NA,NA,NA,NA,NA,33948981,27317400,28434684,40254205,78681806,55517471,23418288,27167043,26918593,60623532,58720110,54552729,23353784,26763363,29760807,60112271,53539870,43095782,39919748,31960747,89881416,76926101,35993905,35848005,26239311,59580855,60067904,17172422,32957990,31799237,62456225,83996236
"Proline [+CO2]_(2TMS)_BP_RI:1585_IDENT:A+B","187.0 216.0 143.0 142.0 186.0 ",2503633,2836588,4019856,2069909,11941056,NA,3175718,1842256,3149976,5297448,NA,3291513,9933501,NA,6870601,18878393,7795991,8730537,1587679,11494422,13760442,4449656,4103004,10209868,5964721,2940187,2476770,9746803,13293804,3031016,2963050,12468061,4472904,4316415,4120464,3603546,10295030,13776460,5219601,6285264,3734675,13981804,9021892,8076520,19055250,14000134,6383792,9498266,6636476,7076983,13033789,20170701,35733729,6126222,5600088,9178562,18649122,18117219,14141762,20326914,12268813,22536880,15452798,NA,NA,NA,NA,NA,NA,NA,NA,4125516,4200391,4726869,5399806,18957998,9647970,4030920,3870083,3769038,10172386,10611784,5518710,3383499,2774504,2701419,10193504,9013313,20088107,6037928,5774489,21395230,19833863,7297140,5753722,7387437,13595309,10468366,4789102,13042173,10983400,15760660,22785771
"Proline_(1TMS)_BP_RI:1172_IDENT:A+B","86.0 103.0 104.0 144.0 172.0 ",115845587,144720483,110602943,153652882,121616028,NA,140682167,102474161,103204083,144164698,NA,160387741,163156530,89426686,170156062,107242607,182813373,192767405,60300872,26012475,NA,141510715,132193013,NA,NA,NA,101620602,128944597,163944010,105532024,NA,NA,169905612,154911323,143465531,94887403,212175620,NA,NA,187978515,129773380,172213580,NA,174765079,NA,NA,67778110,NA,22501264,155538944,165941389,12269938,NA,NA,NA,NA,11078875,NA,22079075,28797198,NA,NA,NA,NA,NA,NA,NA,NA,NA,NA,NA,125709075,92588732,76399817,160910755,216291379,139922274,65233907,66792946,NA,142335009,NA,17863726,NA,55932963,NA,204774446,NA,NA,67907733,52686102,174406431,25539831,65981050,NA,NA,114940401,NA,NA,NA,NA,142308104,171338586
"Proline_(2TMS)_MP_RI:1305_IDENT:A+B","144.0 100.0 216.0 143.0 142.0 ",26554158,29490434,37774451,29372767,64950475,NA,31447502,31119403,42898857,85481391,NA,35871041,53586468,54342126,79694570,99040029,45411490,45557899,35153777,50799666,50857535,36751764,40009515,81063659,37165920,35446173,38157240,72878032,67437329,41832033,42502407,83918946,47554164,44346678,56727637,75402918,63187351,125322901,44105655,46937807,39446225,89285475,34870783,78624041,78140691,82126483,52090048,83016112,68088274,68205718,97272757,95752058,159555361,43285318,57967875,91364148,92695890,113379929,107320307,97179889,78269318,130386245,92256038,NA,NA,NA,NA,NA,NA,NA,NA,45594438,36908050,40811728,39292563,67558687,55937087,30059031,81956644,36089122,105996146,99801309,76243939,17662684,46548017,46833175,56713683,95141154,15664312,64732651,31709369,144138253,74051054,35237195,29640527,68987797,91184318,74913828,18557060,71046122,55375544,113925307,131042310
"Putrescine_(4TMS)_MP_RI:1730_IDENT:A+D","86.0 130.0 175.0 100.0 174.0 ",4924527,7274261,10898521,8864238,12052827,NA,8042827,6627860,11386933,8178014,NA,8928162,17602748,12003019,12428545,11092127,9282224,10574211,9048740,6979358,4324519,16383337,14527017,11589691,11005506,6240443,9484464,10575786,12638424,9389722,11247072,9644223,7046362,3674448,2591806,5317917,8198278,7380694,2343148,2405505,3286938,2989632,2516508,3856559,NA,6704573,3746180,6328394,1442349,1799872,3842622,5224939,4295444,4135280,10379945,9245526,10060567,8397001,3293776,3368901,2600470,4701229,6374276,NA,NA,NA,NA,NA,NA,NA,NA,NA,NA,NA,NA,NA,NA,NA,NA,NA,NA,NA,NA,NA,NA,NA,NA,NA,NA,NA,NA,NA,NA,NA,NA,NA,NA,NA,NA,NA,NA,NA,NA
"Pyroglutamic acid_(2TMS)_MP_RI:1518_IDENT:A+D","157.0 258.0 158.0 156.0 230.0 160.0 159.0 263.0 162.0 234.0 ",2968540042,3195750998,NA,3326140334,6144426165,6305355,3348991090,2902400764,4043175080,5317277676,7914114,3697243291,5763226615,2957410732,5108878648,5923150724,4479471133,NA,2587618182,5590905932,5618665925,3729047587,3801923233,5254882739,3782244493,3936418813,3466054877,6371953784,6425317578,3791886056,3778240807,5458439232,4228221741,5117217523,4674723736,4915366564,7356644872,NA,5157526872,5549523290,4391689458,NA,5289746562,5896602073,NA,6137368571,5141976411,6043097246,5437106789,5326452554,7203731485,NA,NA,6090966678,5023276980,6768128365,8806960449,NA,7467474848,8113492786,7463428000,9373184443,NA,NA,NA,NA,NA,NA,NA,NA,NA,4952167750,3830817899,4353182909,4675395750,7032707417,5417135074,3113730938,3678601066,3488335339,6187582777,5968514519,5249913500,2173925036,1987495666,2538954444,5343041045,4083046663,3870954417,3335427263,2737237303,7273406155,6904791206,3289782104,2794246946,3620343770,5027462953,4707710205,2049704565,4400075035,3414216944,5909412386,7418334570
"Pyruvic acid_ 3-hydroxy-_(1MEOX)(2TMS)_MP_RI:1348_IDENT:B+D","262.0 103.0 100.0 89.0 114.0 ",2600659,2958773,3953698,2839702,4063497,NA,4059814,4447892,6094945,3753982,NA,3247196,5451608,5252447,3794622,4488717,3101444,5481674,4305756,4220546,4158907,4006573,4553322,3918815,3252740,4978649,5504683,4146433,5011422,3654511,4083579,2388639,4669194,5792558,5044406,6153049,4383013,5440620,5116127,6608857,6323604,5348646,5014151,6677045,8592511,4323656,6220531,5459221,5788430,7804874,8649348,8120055,7037997,5785830,6077720,6091887,6368208,8689078,8120570,9034387,6825446,6578722,9172685,NA,NA,NA,NA,NA,NA,NA,NA,NA,NA,NA,NA,NA,NA,NA,NA,NA,NA,NA,NA,NA,NA,NA,NA,NA,NA,NA,NA,NA,NA,NA,NA,NA,NA,NA,NA,NA,NA,NA,NA
"Pyruvic acid_(1MEOX)(1TMS)_MP_RI:1045_IDENT:A+D","100.0 99.0 89.0 174.0 115.0 177.0 ",13286393,17053335,14055456,19335886,22792958,1401574,11948014,14020901,14682589,21073057,1177488,16068269,24588144,17292002,20682034,18022489,21051280,16777963,13239313,21662612,21196319,14283205,15871925,20403537,14557945,16238725,11732618,29766410,17557726,20625177,25815818,26388192,13991403,5875457,7556968,5156730,8615651,12929066,6086142,6162436,4532145,10379011,NA,7300762,11044325,7557531,8791054,6574029,12010116,NA,7700087,13303002,17091890,6775511,13624658,9275478,12373216,11418935,11038056,7918385,NA,13901231,10675001,NA,NA,NA,NA,NA,NA,NA,NA,23847014,17632072,16868369,24292125,21899560,18814501,10764040,12062729,8033291,24351879,14083717,34162003,12554763,NA,9436238,14042111,NA,NA,10478842,8790364,18379881,18310864,NA,NA,12819494,NA,NA,13303965,22619726,NA,20597420,27243303
"Ribitol_(5TMS)_MP_RI:1716_IDENT:A+B","103.0 117.0 129.0 217.0 205.0 ",4901297,5513255,7155949,5700578,12003529,NA,5788048,5207788,6344702,10489178,NA,6672353,11187441,5448548,9420880,12982635,8891584,9313310,4328468,10516049,10778294,7322635,7063282,11444173,6823371,6994997,5888404,72758179,12945664,7582176,6785095,11127002,7642918,7981003,7438543,7382840,13379373,13753061,7977373,8584103,6510715,13302718,8484016,8852294,15436806,11006248,7542230,9755195,8633827,8155066,10772298,16194158,22799536,9601349,7720463,11893372,18272278,17883403,12230843,14545885,13395366,19345508,14623197,NA,NA,NA,NA,NA,NA,NA,NA,7096117,6367728,7373015,8538141,14087560,9287470,5942287,5380006,6251438,11732286,10781596,7827016,6756572,6210857,6152162,10695436,9850820,8119141,9561226,5796682,19016327,16235805,5594238,4183876,5336161,9895316,8922226,2948443,6716990,5273657,11527025,15963034
"Ribose_ 2-deoxy-_(1MEOX)(3TMS)_BP_RI:1572_IDENT:A+D","103.0 142.0 89.0 117.0 133.0 ",5028361,4874736,5814342,2968311,14531833,NA,4167086,4298696,5503053,10066641,NA,4645253,11953054,4874385,11736455,NA,12550697,NA,5304311,13123391,18389577,7337568,9377907,15805203,7283940,5844147,8910364,17862112,13058090,8755397,3978141,14628698,NA,NA,NA,NA,NA,NA,NA,NA,NA,NA,NA,NA,NA,NA,NA,NA,NA,NA,NA,NA,NA,NA,NA,NA,NA,NA,NA,NA,NA,NA,NA,NA,NA,NA,NA,NA,NA,NA,NA,NA,NA,NA,NA,NA,NA,NA,NA,NA,NA,NA,NA,NA,NA,NA,NA,NA,NA,NA,NA,NA,NA,NA,NA,NA,NA,NA,NA,NA,NA,NA,NA
"Ribose_(1MEOX)(4TMS)_MP_RI:1672_IDENT:B+D","103.0 133.0 217.0 189.0 307.0 ",7531632,12085751,11494421,13190541,17984533,979816,13225543,16282241,21177100,15337684,1276634,11813602,18794105,16908404,18275172,26169469,18008267,16376685,18477799,20555002,19696255,19654112,18684562,18610698,13844288,15700007,19978757,21954010,15651976,22939028,16835784,17881599,9917928,14751252,14800037,18362456,16987861,18767818,14680159,15028604,18396730,19931187,12320236,16262387,16963773,15101580,8287522,14302569,14458007,15732834,24486649,18633852,42898752,8959482,11280501,14476501,25642294,20393592,22694657,23861235,21568395,21459298,20182911,NA,NA,NA,NA,NA,NA,NA,NA,13141752,12436834,14882846,18034404,15998478,13242607,12035641,21908822,6640116,20253175,13610983,10896658,8745678,9151971,8634588,12321494,18233669,19266520,14576204,8650805,18276864,19106757,12688788,8897267,15866044,18767484,10908378,6533933,16418730,11761918,18424523,23926451
"Serine_(2TMS)_BP_RI:1260_IDENT:C+D","103.0 116.0 132.0 117.0 144.0 118.0 ",76814050,86871604,56956499,75933802,88807569,9230679,50613635,50185470,56703062,76533660,8737568,60697290,74364752,52569030,84794051,64928025,57060864,88310883,38985878,81462784,64723083,51906705,41607031,68929281,52951036,55321758,49571763,43492143,62533235,55589995,54739615,49368694,79365313,60841843,39305299,29282898,93829734,40174004,72057569,64260585,40050090,62841513,78762171,71866804,127571930,67496431,32556049,64842399,75487516,68468686,57809654,49359838,81145659,70552655,26376393,85738756,60458821,106525023,73153295,92650056,26524232,92041213,106559503,NA,NA,NA,NA,NA,NA,NA,NA,54021462,23682846,24213210,50900460,64574256,77838822,17049839,24614967,29904289,64197239,36873692,55723498,132289635,27396123,32667239,73581014,69022840,184470697,NA,NA,76249635,66875169,63562518,143599242,28925070,NA,53194607,22248019,49430593,38952911,85561086,91821246
"Serine_(3TMS)_MP_RI:1373_IDENT:C+D","116.0 218.0 133.0 204.0 100.0 206.0 ",179421877,234220246,350523943,268533645,562480992,NA,279898096,256048224,343773240,519916133,NA,265535949,540044359,260901584,489720229,613083722,427727924,420404586,248050033,509205757,506005111,312250454,373819739,512833637,328412214,332191719,294951381,729546721,646347010,322478673,346458084,538996312,296079526,368458315,366451383,424065036,579963227,NA,371568156,432114279,382923298,NA,367640398,441169624,NA,NA,NA,514696557,398962465,415172059,633436849,NA,1031819293,448693501,448209554,577153929,898549742,NA,662010072,727830349,702977141,938647597,NA,NA,NA,NA,NA,NA,NA,NA,NA,339899195,250347132,326878011,325159162,552084826,345858263,168244898,235335569,198997884,500898339,371503947,326311337,52293073,118007468,151353307,321187234,335937947,71944966,211349047,164696487,669792336,596866379,222247777,49594299,203287936,304592541,304230022,109103303,302882668,205539462,447707172,613672874
"Serine_(4TMS)_BP_RI:1571_IDENT:C+D","290.0 115.0 100.0 276.0 114.0 293.0 ",2175183,4611219,5241617,5047045,7540413,NA,4881589,5739018,7812480,7847782,NA,4213565,12174140,9273376,7943134,9375243,9213783,NA,7465724,9951676,7632322,10482482,9605493,12860412,9395250,11230262,9759065,22852638,17783615,11075313,10520637,10973568,11378847,14268583,11812188,12394954,20773240,24182020,14508764,13151144,12059802,17488610,12564619,31008634,43861247,41973280,24887395,32678318,18963286,24690690,34216690,61025820,62946370,18378803,20978571,23123516,44431397,37009671,49251698,75480466,30109725,66469286,31551721,NA,NA,NA,NA,NA,NA,NA,NA,17062507,16326490,14378198,16286369,31011823,14734006,7649719,16859115,8504438,20230496,12882189,12677266,14298830,10921328,8760689,16298008,32311799,54345043,22598393,12084364,39952856,31224300,27535867,18410284,26367217,28516757,20513871,13908484,37782540,34624737,32218872,39177733
"Spermidine_(4TMS)_BP_RI:2189_IDENT:A+C","86.0 100.0 200.0 174.0 201.0 ",478998,962391,1024454,1003912,1986913,NA,NA,760977,989009,2517181,NA,1706779,1384456,822114,1584414,2583796,1775701,1459535,694306,2102879,4226998,1218698,NA,NA,1277533,NA,716817,1732446,2996972,1208594,1148990,2753965,NA,NA,NA,NA,NA,NA,NA,NA,NA,NA,NA,NA,NA,NA,NA,NA,NA,NA,NA,NA,NA,NA,NA,NA,NA,NA,NA,NA,NA,NA,NA,NA,NA,NA,NA,NA,NA,NA,NA,NA,NA,NA,NA,NA,NA,NA,NA,NA,NA,NA,NA,NA,NA,NA,NA,NA,NA,NA,NA,NA,NA,NA,NA,NA,NA,NA,NA,NA,NA,NA,NA
"Succinic acid_(2TMS)_MP_RI:1327_IDENT:A+D","149.0 247.0 129.0 133.0 172.0 249.0 251.0 ",11431637,16225374,20368449,17021269,26771704,1489205,17992618,16129893,20540474,24065195,757542,14844406,28928392,16893649,23045511,32182224,25058089,26779081,14786395,24696531,25550448,19605023,20265986,24749531,19205978,20498377,18556175,30964369,29650615,18676779,19389785,26602973,16783646,22391345,21846391,20970941,42999444,42118367,22181381,25182714,19518895,41220006,27169524,23985245,47690978,34574373,23540282,27388441,24792330,22904955,30433390,50086907,66480453,28316746,21792085,35513846,54581344,54419431,36143553,43630905,34482259,61207724,48916904,NA,NA,NA,NA,NA,NA,NA,NA,15458570,17298148,20505589,24293947,31461003,22241986,12997668,15772058,16126322,25401639,21334290,20051777,24658997,21007302,22076541,30217172,22932911,28680227,26138737,17773642,33521616,32740181,17333059,16866322,16371406,18833451,18461729,8770492,18923309,14157362,23096217,30408743
"Sucrose_(8TMS)_MP_RI:2632_IDENT:A+C","169.0 103.0 217.0 129.0 361.0 220.0 174.0 104.0 132.0 367.0 ",62158163,26224265,34318737,25948179,47661638,6861587,41409914,29734411,33050161,88097422,872532,86439906,38839536,28104863,38389307,95174971,48823829,58514448,27886761,52176939,78434959,42452875,45123280,65989839,34538171,46234263,43337160,59473292,75749559,34390238,37791568,66918653,77768814,39470379,59712551,28980423,87386144,75135585,60422868,44319196,44547706,153505687,60918430,73476856,98025568,53302285,46550011,72505962,66345039,81632914,53689473,70244231,285793817,111208892,46096667,160967413,90551608,223544360,104925994,157771113,139222798,125826564,102931312,NA,NA,NA,NA,NA,NA,NA,NA,43354548,23508652,19168536,24120414,59317844,96672973,15073207,27506441,14555767,33320992,23451038,50418216,13548923,26716711,14011541,34948724,NA,41558774,27560068,22553541,157930626,27332991,16837067,24667000,16367005,33819847,34841650,87378198,18041226,28375580,34381817,33866045
"Threonine_(3TMS)_MP_RI:1397_IDENT:C+D","218.0 117.0 101.0 100.0 219.0 ",374074753,621226630,828709223,626746722,1316675030,NA,579370075,618649137,809338768,1153440930,660489,584024986,1353782352,585114672,1078825170,1321189743,904594485,1025629386,510397785,1178630430,1122784300,670185352,827640688,1124971983,695164355,751133250,624218777,1596903001,1418401354,725738599,736832500,27260996,503789993,746439949,791491323,860921553,1280798239,5724794,739490832,881139270,795143276,5288225,735152004,871443163,6664250,1004007460,869519170,1003959747,781697963,824191547,1209154755,6727021,2156477732,894548285,922154573,1208252510,1871170949,7144112,1285467597,1440401160,1451624234,1903672832,6275161,NA,NA,NA,NA,NA,NA,NA,NA,646273743,607099984,791244047,768299839,1229113713,805789368,317149816,496104015,423464709,1136521760,839029958,648936494,308553670,292242597,355764061,967713711,767589271,184812323,544448751,349737211,1428880422,1262402015,531942277,305054219,445041245,706593448,756736897,229676298,651740741,418666261,1057529912,1379926269
"Trehalose_a-a-_(8TMS)_MP_RI:2729_IDENT:A+B","103.0 361.0 217.0 129.0 191.0 ",NA,4425666,5894144,4224194,3484373,NA,9512018,6847344,4079769,12452387,NA,4510130,6082787,3356146,5293589,21665641,5832323,4154761,3498317,12236104,8705283,4627874,6718758,11765936,3402101,8419093,6327937,9991510,8270032,4655959,5707974,18431911,3970780,1815103,3338771,1854313,4313262,3302266,2408972,2205393,1512701,13608767,1473983,2381433,3535716,6709875,2493034,2531732,1694821,1813413,3062356,4245198,9612054,2415690,1612985,3593724,5204256,11751265,3864212,2859046,2818094,6229148,3537673,NA,NA,NA,NA,NA,NA,NA,NA,NA,21679523,2515698,9898453,2869813,NA,2176520,2179910,4562880,11142242,2208735,4163965,2116538,9790495,3777500,3631749,17108401,11984637,16508408,4631865,10730211,7740790,3544992,3331503,2995227,16714456,8304818,53037404,3000689,7434637,3446710,6037494
"Tryptophan_(3TMS)_MP_RI:2209_IDENT:B+C","291.0 204.0 100.0 202.0 203.0 ",42788787,42069578,56286650,44155185,73177149,NA,48118812,49912363,58183551,92242959,NA,64632661,79530083,55028975,78676345,133300283,93959624,74341334,42586832,93318051,74431493,73367734,68565842,93137564,74509100,67804433,58304445,108831776,93046597,66534980,64443556,101767694,61966612,53237969,57765663,52068428,106498164,116282115,43092094,52737512,43240642,125772793,52948987,49315580,107383917,95158079,71948692,53898146,64261648,54925406,72269842,99867184,226110594,62577745,73555603,69363243,171570467,145445429,57644406,74212901,106890241,74562123,89524033,NA,NA,NA,NA,NA,NA,NA,NA,NA,NA,NA,NA,NA,NA,NA,NA,NA,NA,NA,NA,NA,NA,NA,NA,NA,NA,NA,NA,NA,NA,NA,NA,NA,NA,NA,NA,NA,NA,NA,NA
"Tyrosine_(3TMS)_MP_RI:1933_IDENT:B+D","218.0 100.0 179.0 219.0 220.0 ",234272349,238741568,258450048,111542930,748146553,NA,286085980,297525933,404213192,673943338,NA,350952389,612399224,353898081,336809890,894521009,481313617,478927538,241896671,564010052,613111794,467643385,498786605,856667615,403851969,436338730,389584186,1002388664,702536525,475118737,407348244,652674926,205573039,197121734,186408212,197414585,228599867,613101127,141662221,190705579,142109518,521388466,151929989,250246734,281189001,339754870,286521083,290140569,213691946,177195625,305904370,767618744,1239619489,159975817,466493381,318767666,920509511,697744917,390867028,552556470,580416983,755662524,392724975,NA,NA,NA,NA,NA,NA,NA,NA,81232609,47411363,50257408,67923638,159512652,93976875,37875097,55814679,39797050,140179135,114339664,80074814,21556483,50230268,49384136,49834881,348830232,39445094,80255371,60549187,353678065,247288962,62428793,32142369,51703128,195725144,138117178,16876921,129251211,65176330,248977328,407948517
"Uracil_(2TMS)_MP_RI:1350_IDENT:A+C","126.0 100.0 99.0 113.0 241.0 ",72385129,34985554,24743655,30521260,23072500,NA,11060518,12393273,22816347,18471879,NA,15188479,23849284,22419604,23083453,22734600,16997479,16556424,19600874,23450783,21479356,12323923,15158324,18247297,14964516,17442387,16458569,22237110,24209439,18239231,19392853,20259077,86892030,30280848,17153720,NA,26811797,NA,23001504,25814814,20879342,NA,21865966,25735372,NA,19451029,16914810,22769341,19934294,25083197,25114682,NA,28799655,32699076,30349885,31113562,26651344,NA,33298737,32121285,30358914,31453742,NA,NA,NA,NA,NA,NA,NA,NA,NA,140197942,43987489,NA,63970812,44667398,35037728,NA,13812933,42480356,47970374,34705371,30059793,69830946,70593991,68971423,84612316,71031619,133109524,100463034,72560009,58504774,53862112,32197532,64881960,39667660,49117206,53946869,39436668,62948124,31955577,55787526,23275988
"Urea_(2TMS)_MP_RI:1249_IDENT:A+C","189.0 87.0 171.0 99.0 100.0 ",317306450,336196363,401908053,326476724,692062031,NA,360581550,286337979,345014866,607349752,NA,363754228,541906963,294269109,523415962,754980320,474598132,568341548,242713695,569706945,544638210,375540120,397471809,599050015,378518739,347612764,300633300,723533305,677598050,371588272,375546912,642441846,401496372,480214374,447715474,416922596,753446863,788603709,437080711,480843413,357253941,739286963,411417081,501935266,726894016,632809874,507288591,552263483,487598223,430895901,574276235,854840654,1251355594,525039919,454723964,611529466,1015640042,993946562,726649359,800814711,708582494,1096442492,764547631,NA,NA,NA,NA,NA,NA,NA,NA,374055028,303160871,365583815,352617614,814293658,522113624,248564000,309149619,248837400,617070640,531242671,468762609,120157874,140118206,211608331,483804559,496546997,149205971,223857758,190650131,793870267,679778138,263892220,144946269,299187476,483782276,458283890,122467868,362092566,249726756,653599201,851045260
"Uridine 5'-monophosphate_(5TMS)_MP_RI:2878_IDENT:B+C","315.0 211.0 169.0 299.0 129.0 ",44988943,27779887,21667906,24261099,25209106,NA,28745480,29602142,43440792,16005304,NA,28650029,30502217,28716967,22556730,27504182,30025216,31413497,40488505,23790909,26707594,31895756,29665676,18679216,18697450,20619678,35621521,29149365,29417245,17541462,27604598,24706429,72431283,30642100,19043866,25825709,18082106,28553105,15412136,23267619,24638743,23477444,16297905,42022526,19803142,21085964,18895093,12474315,22135345,28320441,33397578,37047816,36284782,31814519,27058574,29689052,36027528,33736168,48093944,38516733,34312148,45568358,29303204,NA,NA,NA,NA,NA,NA,NA,NA,NA,NA,NA,NA,NA,NA,NA,NA,NA,NA,NA,NA,NA,NA,NA,NA,NA,NA,NA,NA,NA,NA,NA,NA,NA,NA,NA,NA,NA,NA,NA,NA
"Valine_(1TMS)_BP_RI:1084_IDENT:B+D","130.0 87.0 103.0 156.0 146.0 ",23875718,48838626,74658561,49232580,93254871,1263122,43299647,48452620,61997368,95375277,1517792,49891229,95295692,29508651,85463547,87893623,61821502,94262125,24539254,93263181,106779710,46562200,48391575,79277378,42890090,58087797,37671519,114154772,129241052,29088789,48922511,76553110,43982335,48194600,54443770,57988369,116051915,59761167,49716988,64624999,47341047,95380798,55923547,55747587,96603216,50806878,33278834,54553633,52768208,55447031,79331816,75861625,78055618,64393307,17680089,66578928,63508856,90196523,63643949,76287364,56413022,83854139,98190548,NA,NA,NA,NA,NA,NA,NA,NA,42237139,53074595,53485423,71552662,141579220,93243763,37152913,41743115,38540034,101556116,71541770,64116330,43594649,42277107,43532716,106453865,37019739,48555889,58327678,48342802,135290274,107408240,57362416,55809825,36689235,82843968,85071103,24020978,25755349,31190811,100483034,117960589
"Valine_(2TMS)_MP_RI:1212_IDENT:B+D","146.0 145.0 144.0 218.0 100.0 ",552104757,420624430,383431384,388361353,801305831,1558078,511890478,338537275,425946241,630384030,700119,480439065,599020011,561595503,595665285,976196355,725444657,514899345,444451450,653303964,558579944,626770693,629866252,852605190,687027309,515247374,547759524,925926339,601587013,748496627,650475898,915980511,683997907,649572362,592064140,548899596,711620629,1391141567,624959098,612064529,541952856,951805503,615334219,652042557,1096686039,951536594,840531461,837549196,706236400,610480421,759151516,1570444523,2082434415,731335001,956282572,1013187183,1726280032,1497430969,1037739177,1180543740,1363994295,1558518664,991922643,NA,NA,NA,NA,NA,NA,NA,NA,693530955,557381715,627444344,628085939,889108742,673148632,500767953,587373597,611877649,977874635,1063752582,770379482,429600668,492854570,532861161,790638701,1362272349,514248697,721476535,539089706,1221974129,1319844781,643231062,488806715,627764281,997227081,926270858,302100927,920267818,709084552,1069139465,1338406538
"Xylose_(1MEOX)(4TMS)_MP_RI:1651_IDENT:A+C","217.0 103.0 133.0 89.0 307.0 ",2264386,1892859,1833196,3975755,2867907,NA,3591231,2681370,3780176,3002259,NA,3166673,2415189,4418691,2972208,2486590,2116657,7250198,2406174,2494223,2538179,1772837,2028250,2030908,1721623,2285711,1880414,3908010,3446576,4907183,3520925,2143559,3008878,2406144,2080755,1812847,2815471,2191314,2541394,2233209,3177145,2958427,2080435,3862771,3087435,2019210,2148065,2050850,2204328,2121396,2830150,6288257,26643423,2405286,1461671,2483892,3113887,13550428,3094232,4036257,3039093,5279001,4027102,NA,NA,NA,NA,NA,NA,NA,NA,4281613,4806835,2422859,6936157,3525827,5823520,2767780,3848850,2222915,5481827,5011066,4888963,3271983,2644416,1811810,2914062,7738902,3935612,4801123,3733751,5359011,12768335,3615223,3305600,3158323,4441030,2059130,2406314,4891037,4091654,5475586,3193988
"Adenosine_(4TMS)_MP_RI:2644_IDENT:A+B","236.0 103.0 192.0 245.0 230.0 ",NA,NA,NA,NA,NA,NA,NA,NA,NA,NA,NA,NA,NA,NA,NA,NA,NA,NA,NA,NA,NA,NA,NA,NA,NA,NA,NA,NA,NA,NA,NA,NA,27248734,9867258,9296857,3806583,59639596,26024054,7806717,10296974,8942518,33303783,8636614,16841577,23100997,16078046,10062706,8197674,9660998,8649055,10446472,33136807,36378216,NA,11276759,13669597,29972176,45741314,20199500,14533095,24218287,25137160,17830492,NA,NA,NA,NA,NA,NA,NA,NA,NA,NA,NA,NA,NA,NA,NA,NA,NA,NA,NA,NA,NA,NA,NA,NA,NA,NA,NA,NA,NA,NA,NA,NA,NA,NA,NA,NA,NA,NA,NA,NA
"Alanine_(3TMS)_MP_RI:1367_IDENT:B+C","110.0 133.0 114.0 100.0 188.0 190.0 ",NA,NA,NA,NA,NA,NA,NA,NA,NA,NA,NA,NA,NA,NA,NA,NA,NA,NA,NA,NA,NA,NA,NA,NA,NA,NA,NA,NA,NA,NA,NA,NA,27953447,25493576,17975870,16686942,33200971,NA,26076273,23916475,17290706,NA,19782076,51394907,NA,58221864,33309025,46152363,31812168,34674348,41387713,NA,63884294,32681591,27379144,31442560,48238543,NA,62413656,90419318,33426914,76544895,NA,NA,NA,NA,NA,NA,NA,NA,NA,NA,NA,NA,NA,NA,NA,NA,NA,NA,NA,NA,NA,NA,NA,NA,NA,NA,NA,NA,NA,NA,NA,NA,NA,NA,NA,NA,NA,NA,NA,NA,NA
"Arabitol_(5TMS)_MP_RI:1711_IDENT:C+D","217.0 117.0 129.0 205.0 103.0 ",NA,NA,NA,NA,NA,NA,NA,NA,NA,NA,NA,NA,NA,NA,NA,NA,NA,NA,NA,NA,NA,NA,NA,NA,NA,NA,NA,NA,NA,NA,NA,NA,22518564,29902665,24907591,28102548,47140266,53015679,26608286,35020882,27153763,65397369,39150749,25989196,53288308,45798043,30483109,48032502,30204688,31932155,50260354,54128143,175898866,39923119,32708723,49032252,108374309,75504395,41073661,55750641,65559660,86711016,75765629,NA,NA,NA,NA,NA,NA,NA,NA,28302347,19640957,20058255,23417047,52405430,31367196,14818921,16874455,18733733,38770575,48149090,25700041,13169127,16539144,13975048,27876559,26535370,17949257,18309626,17297468,66564403,64802653,15616937,11849865,22655043,33588441,29328541,8114981,19987558,14770088,51999844,65777935
"Arginine [-NH3]_(3TMS)_MP_RI:1819_IDENT:A+C","157.0 100.0 256.0 142.0 141.0 ",NA,NA,NA,NA,NA,NA,NA,NA,NA,NA,NA,NA,NA,NA,NA,NA,NA,NA,NA,NA,NA,NA,NA,NA,NA,NA,NA,NA,NA,NA,NA,NA,3031579,2135056,1374309,2102782,2290983,3683009,1980172,1659352,1639988,3323756,1672283,2162671,3533564,1813744,1456119,1988866,1790766,1802078,2087286,3664002,6942806,1993276,2841081,1823757,3927319,11030945,3303280,3903459,2503380,5389298,2732788,NA,NA,NA,NA,NA,NA,NA,NA,3346873,1140698,1472839,NA,3158200,1665264,836402,1512526,1145997,1815617,1431637,NA,NA,NA,2363884,NA,NA,NA,NA,NA,6836077,NA,1300753,NA,1064013,2029368,2133086,648082,1539813,1354989,2294754,2345656
"Butanoic acid_ 2-amino-_(2TMS)_MP_RI:1168_IDENT:C+D","86.0 132.0 100.0 130.0 131.0 ",NA,NA,NA,NA,NA,NA,NA,NA,NA,NA,NA,NA,NA,NA,NA,NA,NA,NA,NA,NA,NA,NA,NA,NA,NA,NA,NA,NA,NA,NA,NA,NA,7231425,7836712,6980452,7388440,7808654,8199393,7841841,8650703,8328017,8002572,6456967,8398463,16763450,7998731,8600872,NA,12609670,9866366,7887130,14573313,17746859,14800153,10827268,9779730,11896323,16593098,11030346,12488494,12904627,18016121,17213827,NA,NA,NA,NA,NA,NA,NA,NA,NA,NA,NA,NA,NA,NA,NA,NA,NA,NA,NA,NA,NA,NA,NA,NA,NA,NA,NA,NA,NA,NA,NA,NA,NA,NA,NA,NA,NA,NA,NA,NA
"Cysteine_(3TMS)_MP_RI:1554_IDENT:B+D","116.0 100.0 132.0 218.0 220.0 ",NA,NA,NA,NA,NA,NA,NA,NA,NA,NA,NA,NA,NA,NA,NA,NA,NA,NA,NA,NA,NA,NA,NA,NA,NA,NA,NA,NA,NA,NA,NA,NA,191403943,222867397,192729706,257288125,184824923,6669634,207335332,221939851,234810506,6808984,140959707,248936822,5206100,240555722,227554487,NA,204950020,NA,350760937,7682485,NA,NA,262446907,304383863,398888012,15534306,388959857,376273114,410115739,422078154,9043776,NA,NA,NA,NA,NA,NA,NA,NA,271200877,167128501,185948129,179962614,3984614,170021375,122386580,244245361,170101932,204116004,168119106,164778980,118649437,122449715,121944453,NA,NA,195492543,166265583,81592585,NA,189666005,NA,122136362,167576100,NA,3458306,85561988,203101470,NA,NA,8099958
"Fructose_(1MEOX)(5TMS)_BP_RI:1872_IDENT:B+C","217.0 133.0 117.0 89.0 103.0 220.0 ",NA,NA,NA,NA,NA,NA,NA,NA,NA,NA,NA,NA,NA,NA,NA,NA,NA,NA,NA,NA,NA,NA,NA,NA,NA,NA,NA,NA,NA,NA,NA,NA,166698418,168468367,231693404,172711036,358081464,306244631,203179281,207232934,191027054,401270021,187667583,216441412,462134308,318486932,189683164,287352557,264022843,233372802,299132266,347108599,629831382,269137023,189553456,453552029,484507445,485276320,318778199,410451480,371602644,582055068,432298617,NA,NA,NA,NA,NA,NA,NA,NA,368508772,552181778,397833904,791672630,666518319,512441387,267247641,431760484,324220399,950920609,624824030,581783452,447687571,356792280,338113484,680541241,995530340,454916078,679238407,332843101,943642692,825512438,622732684,398766176,406528631,641911596,645755691,199118324,NA,389664490,773628177,1123774402
"Galactose_(1MEOX)(5TMS)_MP_RI:1880_IDENT:A+C","117.0 103.0 205.0 160.0 129.0 ",NA,NA,NA,NA,NA,NA,NA,NA,NA,NA,NA,NA,NA,NA,NA,NA,NA,NA,NA,NA,NA,NA,NA,NA,NA,NA,NA,NA,NA,NA,NA,NA,4895475611,1235783328,1552645074,1277283805,2308729681,NA,1345744493,1479689811,NA,2583449951,1819448880,1468115162,2118924079,2078036269,1346711718,NA,1668235911,750016130,1850879848,2453466379,2824623840,1749916582,1524528611,2272967839,NA,2779695866,1961655317,2291994714,2112454973,2795177208,2542933511,NA,NA,NA,NA,NA,NA,NA,NA,NA,NA,NA,NA,NA,NA,NA,NA,NA,NA,NA,NA,NA,NA,NA,NA,NA,NA,NA,NA,NA,NA,NA,NA,NA,NA,NA,NA,NA,NA,NA,NA
"Glucosamine_ N-acetyl-_(1MEOX)(4TMS)_MP_RI:2079_IDENT:A+C","129.0 87.0 117.0 205.0 103.0 ",NA,NA,NA,NA,NA,NA,NA,NA,NA,NA,NA,NA,NA,NA,NA,NA,NA,NA,NA,NA,NA,NA,NA,NA,NA,NA,NA,NA,NA,NA,NA,NA,1208893,1373469,1862619,2049782,2727806,1397114,2478783,1828047,2171569,1531894,2194422,3906933,3223556,1182575,2975300,4378036,3365241,3286555,1878724,3533004,2949486,3110547,2146520,3175660,3144312,3054437,4683714,5524890,3599088,1620952,2966875,NA,NA,NA,NA,NA,NA,NA,NA,NA,NA,NA,NA,NA,NA,NA,NA,NA,NA,NA,NA,NA,NA,NA,NA,NA,NA,NA,NA,NA,NA,NA,NA,NA,NA,NA,NA,NA,NA,NA,NA
"Glucose-6-phosphate_(1MEOX)(6TMS)_BP_RI:2317_IDENT:A+B","299.0 387.0 103.0 89.0 129.0 ",NA,NA,NA,NA,NA,NA,NA,NA,NA,NA,NA,NA,NA,NA,NA,NA,NA,NA,NA,NA,NA,NA,NA,NA,NA,NA,NA,NA,NA,NA,NA,NA,26175212,7313150,4960941,4325951,26238301,15393308,7338991,7982865,3611692,16542919,7765083,8612244,18173680,14537688,9630018,5723618,7884239,7303450,4537299,8603218,12686021,9345968,4630818,11859850,20080593,28370659,10629868,12847567,10335276,31759265,19433754,NA,NA,NA,NA,NA,NA,NA,NA,NA,NA,NA,NA,NA,NA,NA,NA,NA,NA,NA,NA,NA,NA,NA,NA,NA,NA,NA,NA,NA,NA,NA,NA,NA,NA,NA,NA,NA,NA,NA,NA
"Glucose_(1MEOX)(5TMS)_BP_RI:1904_IDENT:B+D","160.0 117.0 129.0 205.0 103.0 217.0 220.0 162.0 132.0 207.0 ",NA,NA,NA,NA,NA,NA,NA,NA,NA,NA,NA,NA,NA,NA,NA,NA,NA,NA,NA,NA,NA,NA,NA,NA,NA,NA,NA,NA,NA,NA,NA,NA,869484922,704885206,973368354,721244807,1449034555,1254990608,835457788,862904344,760218312,1639227008,828181572,875028561,1593378075,1287191126,779823485,1193304639,1151862189,979577166,1283351473,1569053813,2457642811,1117746147,790189820,1872520234,2078851162,142554160,1319611995,1780154223,1632478002,2142795412,1791239556,NA,NA,NA,NA,NA,NA,NA,NA,1950088666,1912475897,1591296012,2467610375,2450397682,1988705751,1064679029,1505115358,1243257761,2961181092,2173153762,2805222745,1364487535,1259519196,1167740340,2032966776,2598880891,1627863295,1917119677,1218476525,2689875512,2493469290,2150296236,1531909024,1426304703,2302542183,2243576181,823334115,50608927,1496637752,2555524908,3424621609
"Glucuronic acid_(1MEOX)(5TMS)_BP_RI:1944_IDENT:A+C","333.0 160.0 133.0 89.0 103.0 ",NA,NA,NA,NA,NA,NA,NA,NA,NA,NA,NA,NA,NA,NA,NA,NA,NA,NA,NA,NA,NA,NA,NA,NA,NA,NA,NA,NA,NA,NA,NA,NA,4850320,2924551,4969413,4754593,7668430,NA,2013371,5285913,5430313,NA,NA,3750570,NA,NA,4219191,5749434,NA,NA,9014054,9388219,NA,3658734,5416628,NA,NA,27898647,3834053,12836921,12065399,15038172,NA,NA,NA,NA,NA,NA,NA,NA,NA,NA,NA,NA,NA,NA,NA,NA,NA,NA,NA,NA,NA,NA,NA,NA,NA,NA,NA,NA,NA,NA,NA,NA,NA,NA,NA,NA,NA,NA,NA,NA,NA
"Hypoxanthine_(2TMS)_MP_RI:1807_IDENT:B+D","193.0 266.0 280.0 265.0 206.0 ",NA,NA,NA,NA,NA,NA,NA,NA,NA,NA,NA,NA,NA,NA,NA,NA,NA,NA,NA,NA,NA,NA,NA,NA,NA,NA,NA,NA,NA,NA,NA,NA,34984731,44515016,38110219,38514246,80279860,81664591,41980294,46168479,31780843,68294973,40958798,45460718,81664705,56610721,NA,46619762,42325112,39308581,51197596,88485485,132251378,51248091,40530097,59966966,99247093,NA,NA,80644079,65036327,120714078,80625846,NA,NA,NA,NA,NA,NA,NA,NA,NA,NA,NA,NA,NA,NA,NA,NA,NA,NA,NA,NA,NA,NA,NA,NA,NA,NA,NA,NA,NA,NA,NA,NA,NA,NA,NA,NA,NA,NA,NA,NA
"Isocitric acid_(4TMS)_MP_RI:1817_IDENT:A+C","133.0 129.0 245.0 273.0 149.0 ",NA,NA,NA,NA,NA,NA,NA,NA,NA,NA,NA,NA,NA,NA,NA,NA,NA,NA,NA,NA,NA,NA,NA,NA,NA,NA,NA,NA,NA,NA,NA,NA,8960638,9816015,5823026,7276785,12316536,12830262,7092687,8269583,6893558,41509969,5450734,7662124,12747992,7524195,5651790,6021864,6747418,6337949,9104722,52519839,16736651,7396530,7628194,8311227,62644045,11490680,11344826,56946775,15124735,22063474,52786907,NA,NA,NA,NA,NA,NA,NA,NA,NA,NA,NA,NA,NA,NA,NA,NA,NA,NA,NA,NA,NA,NA,NA,NA,NA,NA,NA,NA,NA,NA,NA,NA,NA,NA,NA,NA,NA,NA,NA,NA
"Phenylalanine_(2TMS)_MP_RI:1625_IDENT:B+C","192.0 218.0 91.0 219.0 100.0 ",NA,NA,NA,NA,NA,NA,NA,NA,NA,NA,NA,NA,NA,NA,NA,NA,NA,NA,NA,NA,NA,NA,NA,NA,NA,NA,NA,NA,NA,NA,NA,NA,410797002,395392859,380361590,414468969,570753203,746245234,368885656,437032707,382823100,674959444,317593677,463403598,706426760,567413585,423914968,579251715,427851628,428901758,634687321,970066295,1213095213,474949572,454106343,655142474,1057049219,912140292,681715104,782944888,772843087,999453690,690035189,NA,NA,NA,NA,NA,NA,NA,NA,480542166,307348397,296095796,253942525,406933569,344634281,217919147,354775956,150941326,573484867,406525771,291047652,68636872,104940523,122079092,175323811,460300853,127012858,169432572,114944446,809209698,673665481,187996501,64839388,247667796,412922750,266680818,67188746,313694821,156746130,563502494,823870753
"Ribose_ 2-deoxy-_(1MEOX)(3TMS)_MP_RI:1574_IDENT:A+D","117.0 103.0 105.0 89.0 133.0 ",NA,NA,NA,NA,NA,NA,NA,NA,NA,NA,NA,NA,NA,NA,NA,NA,NA,NA,NA,NA,NA,NA,NA,NA,NA,NA,NA,NA,NA,NA,NA,NA,NA,7755817,6555042,4191997,16158147,NA,4391588,5582083,4042534,328321228,9578192,9964762,442444707,10244102,5357956,8968564,6009562,6027251,10461969,NA,51793600,6247613,8340073,11869396,27125531,486897669,13219660,23869860,18042100,23463806,470969241,NA,NA,NA,NA,NA,NA,NA,NA,NA,NA,NA,NA,NA,NA,NA,NA,NA,NA,NA,NA,NA,NA,NA,NA,NA,NA,NA,NA,NA,NA,NA,NA,NA,NA,NA,NA,NA,NA,NA,NA
"Ribulose-5-phosphate_(1MEOX)(5TMS)_BP_RI:2096_IDENT:A+B","103.0 89.0 357.0 101.0 133.0 ",NA,NA,NA,NA,NA,NA,NA,NA,NA,NA,NA,NA,NA,NA,NA,NA,NA,NA,NA,NA,NA,NA,NA,NA,NA,NA,NA,NA,NA,NA,NA,NA,7732777,5853148,9223369,7517871,31578180,26442428,14672873,5150275,27649898,25572673,23973998,10792663,30455277,24589292,2534341,31349948,26646771,32056928,12551768,NA,NA,10348239,2766310,NA,NA,3289174,NA,42297237,13540762,11878722,30460194,NA,NA,NA,NA,NA,NA,NA,NA,NA,NA,NA,NA,NA,NA,NA,NA,NA,NA,NA,NA,NA,NA,NA,NA,NA,NA,NA,NA,NA,NA,NA,NA,NA,NA,NA,NA,NA,NA,NA,NA
"Ribulose-5-phosphate_(1MEOX)(5TMS)_MP_RI:2112_IDENT:A+B","103.0 357.0 101.0 89.0 133.0 ",NA,NA,NA,NA,NA,NA,NA,NA,NA,NA,NA,NA,NA,NA,NA,NA,NA,NA,NA,NA,NA,NA,NA,NA,NA,NA,NA,NA,NA,NA,NA,NA,2628502,2003981,2329480,3021442,3438727,4855451,2791070,3095574,2397740,2976711,2343506,4171396,2683956,3295598,3378241,3880571,2855445,3009992,3088341,4714327,5523170,4398883,4474210,3862748,1044109,4278589,4996950,6599197,506408,3844362,4221238,NA,NA,NA,NA,NA,NA,NA,NA,1798320,2194550,1802613,2722165,4550089,3024670,4871005,3458696,2813495,5688008,4247673,5793451,2828750,2752416,6645725,2160923,2721295,4390732,4754933,3592237,4291862,NA,2954375,3765876,1757158,4769240,7002062,NA,5321582,6840542,5131658,NA
"Thymine_(2TMS)_MP_RI:1410_IDENT:B+D","270.0 256.0 255.0 113.0 100.0 ",NA,NA,NA,NA,NA,NA,NA,NA,NA,NA,NA,NA,NA,NA,NA,NA,NA,NA,NA,NA,NA,NA,NA,NA,NA,NA,NA,NA,NA,NA,NA,NA,4311759,3950683,2606235,1999606,6203575,NA,4063950,4385569,1427707,NA,1379441,4362898,4559054,5830975,4598973,4011297,4583592,4948013,5447296,9065370,4385682,3405435,4850792,4894679,9706651,NA,NA,6950703,6160184,8841364,NA,NA,NA,NA,NA,NA,NA,NA,NA,NA,NA,NA,NA,NA,NA,NA,NA,NA,NA,NA,NA,NA,NA,NA,NA,NA,NA,NA,NA,NA,NA,NA,NA,NA,NA,NA,NA,NA,NA,NA,NA
"Erythrose-4-phosphate_(1MEOX)(4TMS)_BP_RI:1894_IDENT:A+D","133.0 101.0 357.0 89.0 129.0 ",NA,NA,NA,NA,NA,NA,NA,NA,NA,NA,NA,NA,NA,NA,NA,NA,NA,NA,NA,NA,NA,NA,NA,NA,NA,NA,NA,NA,NA,NA,NA,NA,NA,NA,NA,NA,NA,NA,NA,NA,NA,NA,NA,NA,NA,NA,NA,NA,NA,NA,NA,NA,NA,NA,NA,NA,NA,NA,NA,NA,NA,NA,NA,NA,NA,NA,NA,NA,NA,NA,NA,61177258,32438371,26831378,44494409,NA,NA,NA,26608380,48674540,682527100,630658425,61844562,24154623,18486200,18509655,NA,NA,27952430,31592685,23076450,NA,41850448,34985528,26637395,23907101,NA,40412731,13130127,454701261,25152590,47276392,63296648
"Fructose-1_6-diphosphate_(1MEOX)(7TMS)_BP_RI:2699_IDENT:B+C","129.0 133.0 315.0 299.0 217.0 ",NA,NA,NA,NA,NA,NA,NA,NA,NA,NA,NA,NA,NA,NA,NA,NA,NA,NA,NA,NA,NA,NA,NA,NA,NA,NA,NA,NA,NA,NA,NA,NA,NA,NA,NA,NA,NA,NA,NA,NA,NA,NA,NA,NA,NA,NA,NA,NA,NA,NA,NA,NA,NA,NA,NA,NA,NA,NA,NA,NA,NA,NA,NA,NA,NA,NA,NA,NA,NA,NA,NA,9401879,18231273,6096510,7331008,6201375,64817635,4158961,4784583,3485734,9881795,4722878,5279456,4909540,11461482,9127745,7489484,8983558,8949715,12952265,6615473,7985105,5884354,6401899,7368660,7509175,9080939,14865687,36236752,6294782,10824498,10529248,10234350
"Fructose-6-phosphate_(1MEOX)(6TMS)_MP_RI:2302_IDENT:A+C","129.0 217.0 299.0 315.0 103.0 220.0 ",NA,NA,NA,NA,NA,NA,NA,NA,NA,NA,NA,NA,NA,NA,NA,NA,NA,NA,NA,NA,NA,NA,NA,NA,NA,NA,NA,NA,NA,NA,NA,NA,NA,NA,NA,NA,NA,NA,NA,NA,NA,NA,NA,NA,NA,NA,NA,NA,NA,NA,NA,NA,NA,NA,NA,NA,NA,NA,NA,NA,NA,NA,NA,NA,NA,NA,NA,NA,NA,NA,NA,13628511,9798913,9041056,7736020,29377939,NA,2974004,4466822,3812145,17568888,16830522,30846724,7433350,9032862,8854122,22673476,20159947,13838710,14326644,9680654,31657683,18234178,6588385,NA,6389476,NA,28958386,NA,5746886,NA,13640811,NA
"Galactitol_(6TMS)_MP_RI:1932_IDENT:B+C","217.0 103.0 205.0 129.0 117.0 ",NA,NA,NA,NA,NA,NA,NA,NA,NA,NA,NA,NA,NA,NA,NA,NA,NA,NA,NA,NA,NA,NA,NA,NA,NA,NA,NA,NA,NA,NA,NA,NA,NA,NA,NA,NA,NA,NA,NA,NA,NA,NA,NA,NA,NA,NA,NA,NA,NA,NA,NA,NA,NA,NA,NA,NA,NA,NA,NA,NA,NA,NA,NA,NA,NA,NA,NA,NA,NA,NA,NA,25802387,17953687,17556166,26713108,42866411,32391764,17773144,22228610,18434322,39737925,35837882,56227595,16032279,14213495,16338353,33975371,27802013,25732501,26532969,19700852,57001321,48799954,25451463,18996125,16159987,30593500,35435266,9327932,NA,24117067,47651696,NA
"Glucose_ 2-deoxy-_(1MEOX)(4TMS)_BP_RI:1783_IDENT:C+D","174.0 103.0 142.0 217.0 117.0 ",NA,NA,NA,NA,NA,NA,NA,NA,NA,NA,NA,NA,NA,NA,NA,NA,NA,NA,NA,NA,NA,NA,NA,NA,NA,NA,NA,NA,NA,NA,NA,NA,NA,NA,NA,NA,NA,NA,NA,NA,NA,NA,NA,NA,NA,NA,NA,NA,NA,NA,NA,NA,NA,NA,NA,NA,NA,NA,NA,NA,NA,NA,NA,NA,NA,NA,NA,NA,NA,NA,NA,30553831,29899676,43055216,39563618,39129724,36415060,50043361,46081318,53491221,32864950,34038539,20163164,34040909,32777759,35858754,21036445,22943988,19883017,31125233,40881547,50688624,37357547,23983643,18856937,26381285,29790940,20922659,14274569,31765677,26212411,35900630,34438467
"Ribose-5-phosphate_(1MEOX)(5TMS)_MP_RI:2103_IDENT:C+D","299.0 315.0 217.0 133.0 129.0 220.0 ",NA,NA,NA,NA,NA,NA,NA,NA,NA,NA,NA,NA,NA,NA,NA,NA,NA,NA,NA,NA,NA,NA,NA,NA,NA,NA,NA,NA,NA,NA,NA,NA,NA,NA,NA,NA,NA,NA,NA,NA,NA,NA,NA,NA,NA,NA,NA,NA,NA,NA,NA,NA,NA,NA,NA,NA,NA,NA,NA,NA,NA,NA,NA,NA,NA,NA,NA,NA,NA,NA,NA,1860534,1824814,2027437,2635201,NA,NA,6566199,5036833,4262523,NA,NA,NA,2251560,1882562,3030439,NA,NA,3286431,7316095,2534678,NA,NA,3195618,3422001,1931604,NA,NA,3638990,6058459,NA,NA,NA
"Uridine_(3TMS)_MP_RI:2469_IDENT:A+D","99.0 103.0 169.0 217.0 129.0 ",NA,NA,NA,NA,NA,NA,NA,NA,NA,NA,NA,NA,NA,NA,NA,NA,NA,NA,NA,NA,NA,NA,NA,NA,NA,NA,NA,NA,NA,NA,NA,NA,NA,NA,NA,NA,NA,NA,NA,NA,NA,NA,NA,NA,NA,NA,NA,NA,NA,NA,NA,NA,NA,NA,NA,NA,NA,NA,NA,NA,NA,NA,NA,NA,NA,NA,NA,NA,NA,NA,NA,47455212,9377758,6502091,9646489,NA,15491930,4760174,NA,NA,15993559,19272166,61205631,5561896,5945330,4634228,6910003,19273552,30863698,10295209,2986315,52134835,26412319,6245293,8119172,28354186,34469009,8494815,13563693,16940004,6492864,29303175,35213435
