"Metabolite","QuantMasses","e10222ch_100_c5.cdf","e10222ch_101_c6.cdf","e10222ch_102_c7.cdf","e10222ch_22_c1.cdf","e10222ch_23_c2.cdf","e10222ch_24_c3.cdf","e10222ch_25_c4.cdf","e10222ch_26_c5.cdf","e10222ch_27_c6.cdf","e10222ch_28_c7.cdf","e10222ch_59_c1.cdf","e10222ch_60_c2.cdf","e10222ch_61_c3.cdf","e10222ch_62_c4.cdf","e10222ch_63_c5.cdf","e10222ch_64_c6.cdf","e10222ch_65_c7.cdf","e10222ch_96_c1.cdf","e10222ch_97_c2.cdf","e10222ch_98_c3.cdf","e10222ch_99_c4.cdf","e10223ch_15_c8.cdf","e10223ch_16_c9.cdf","e10223ch_17_c10.cdf","e10223ch_18_c11.cdf","e10223ch_19_c12.cdf","e10223ch_20_c13.cdf","e10223ch_21_c14.cdf","e10223ch_52_c8.cdf","e10223ch_53_c9.cdf","e10223ch_54_c10.cdf","e10223ch_55_c11.cdf","e10223ch_56_c12.cdf","e10223ch_57_c13.cdf","e10223ch_58_c14.cdf","e10223ch_89_c8.cdf","e10223ch_90_c9.cdf","e10223ch_91_c10.cdf","e10223ch_92_c11.cdf","e10223ch_93_c12.cdf","e10223ch_94_c13.cdf","e10223ch_95_c14.cdf","e10224ch_104_c15.cdf","e10224ch_105_c16.cdf","e10224ch_106_c17.cdf","e10224ch_107_c18.cdf","e10224ch_108_c19.cdf","e10224ch_109_c20.cdf","e10224ch_110_c21.cdf","e10224ch_14_c15.cdf","e10224ch_15_c16.cdf","e10224ch_16_c17.cdf","e10224ch_17_c18.cdf","e10224ch_18_c19.cdf","e10224ch_19_c20.cdf","e10224ch_20_c21.cdf","e10224ch_51_c15.cdf","e10224ch_52_c16.cdf","e10224ch_53_c17.cdf","e10224ch_54_c18.cdf","e10224ch_55_c19.cdf","e10224ch_56_c20.cdf","e10224ch_57_c21.cdf","e10224ch_88_c15.cdf","e10224ch_89_c16.cdf","e10224ch_90_c17.cdf","e10224ch_91_c18.cdf","e10224ch_92_c19.cdf","e10224ch_93_c20.cdf","e10224ch_94_c21.cdf"
"Acetoacetic acid_(1MEOX)(1TMS)_MP_RI:1132_BMD","188.0 114.0 116.0 89.0 117.0 ",189221,290467,402109,36102,79082,117119,136942,173568,237920,334309,51218,75542,120390,143297,154206,263991,338775,51399,92177,174055,167617,73554,215536,200566,247988,240641,287589,394109,86935,205704,242125,248366,282374,315719,413574,88513,256510,252125,291718,303524,327173,444385,93969,306390,NA,300734,395111,418068,518668,45587,258046,260034,285555,396733,427874,489885,98469,299593,291472,332726,427545,455035,514891,98007,295088,280419,348547,413128,419948,483467
"Adenosine_(4TMS)_MP_RI:2644_IDENT:A+B","236.0 103.0 192.0 245.0 230.0 ",96905,166039,291733,NA,NA,98696,108469,NA,NA,NA,77631,81358,91552,174320,104301,72607,171411,134558,145233,253763,121044,60607,132700,161610,221985,NA,175939,181896,198338,222863,144163,150234,161262,157664,301755,467292,188791,154715,220873,213522,383038,1461091,99927,178064,NA,NA,NA,296035,NA,43758,141468,132919,133694,198303,NA,NA,NA,81295,NA,NA,280881,279596,NA,184033,168198,148115,138928,368883,275050,NA
"Alanine_ beta-_(2TMS)_BP_RI:1188_IDENT:A+D","86.0 102.0 176.0 117.0 99.0 ",101893,154160,202419,36006,87038,123122,121409,108510,149528,176936,73041,39043,59437,131098,69316,120247,166229,80158,63650,233811,114539,65294,113858,95417,93701,124625,138931,185871,NA,96060,76379,72656,102322,143762,149279,NA,108374,111514,125241,160100,140811,194591,NA,NA,NA,130457,161598,145387,240435,NA,NA,111044,NA,196566,252648,139990,NA,NA,NA,114934,NA,147461,208463,NA,NA,NA,NA,NA,203785,172651
"Alanine_ beta-_(3TMS)_MP_RI:1435_IDENT:A+D","86.0 248.0 174.0 133.0 100.0 ",3308726,4749313,6152314,1342090,1801227,2637132,3124792,2961768,4263957,4945022,1486885,1961392,2669445,3370376,2989780,4553872,5495245,1569449,2201874,3558955,3584723,1486661,2234129,1883963,2444073,2604480,3320211,4199731,1498172,2341194,2118941,2683022,3012297,3628409,4739223,1666049,2600267,2388638,3191584,3419554,4173176,5224525,1099205,2062180,NA,2061767,2677137,3589394,3606838,663080,1891713,1880031,1998823,2538972,3359201,3476311,1118385,1870565,2018969,2230945,2795971,3719484,3437657,970336,2098763,2008327,2224681,2758394,3559908,3438426
"Alanine_(2TMS)_BP_RI:1097_IDENT:B+C","86.0 117.0 116.0 100.0 103.0 118.0 ",77581960,83223988,85095290,32108293,62606990,87949428,94542002,73258415,79516597,74253851,30801644,61290709,91368059,98033386,73757276,77968802,75968305,32116791,68507641,104622019,105290558,39828936,105726586,95042286,126240234,129195480,109988133,97488893,41069056,106699133,109718598,129596567,139629783,113889343,99656610,43594948,116342208,106251672,143018560,146358593,115582684,103453386,18870265,44912911,50468,48537947,68025615,69091545,37108585,14856459,40404145,49921835,51586984,72114875,71341872,41678719,19500187,48717844,58388888,63483972,82593433,80511227,40855632,17930085,45691261,52520138,54894975,71364398,68697480,34828618
"Alanine_(3TMS)_MP_RI:1367_IDENT:B+C","110.0 133.0 114.0 100.0 188.0 190.0 ",3130189,4502020,6916284,902781,1243115,1518316,1722900,1644433,1989192,2099055,1304070,1479426,2106834,2411842,2219733,2962294,3281841,1615773,1850853,3196920,3508116,NA,559439,1523154,2091745,2192800,2247817,2570485,1522205,2542284,2764073,3556230,4142755,3012315,3736051,2453253,3859699,4239205,6525588,6469857,4650186,5243783,2413327,4319609,NA,3686589,5793987,5751789,6980466,317948,1760658,1670296,1542843,2225217,2766340,3497643,1606052,2988033,3035365,3326058,4463733,4990608,5315516,2237047,4341462,3816670,3947301,5606831,5805580,6358130
"Asparagine_(2TMS)_BP_RI:1599_IDENT:B+D","159.0 116.0 131.0 130.0 100.0 ",9290721,9250800,10824696,7455541,8999590,9820623,10020983,8639098,6878213,7744175,7540779,10521848,13304356,9551653,9358057,8765456,9664778,8225151,11039668,13314338,11911727,8183725,10836870,8823999,9744700,10019604,8047219,9176460,9289106,15852678,10570922,11241100,13231707,9825255,10429058,8657909,16131516,11373323,12030754,13668126,9886903,11319464,3550411,7043135,NA,6614881,8092743,7330062,4722596,3440430,6346852,6205650,6497142,7829287,7146742,5849093,3187587,6668755,7873563,6995771,8677999,8742027,4289381,3297102,6700008,7751154,7149883,8696243,7603021,4510076
"Asparagine_(3TMS)_MP_RI:1667_IDENT:B+D","141.0 132.0 100.0 116.0 231.0 ",997137,876265,1199351,662846,1036019,1452454,1126112,893850,629122,668705,620172,1257726,2588168,1169028,1044297,757606,774557,718815,1914430,1610482,2033651,NA,NA,NA,NA,NA,NA,NA,NA,NA,NA,NA,NA,NA,NA,NA,NA,NA,NA,NA,NA,NA,NA,518731,31901,480883,572745,498816,NA,152962,547434,805105,523404,599017,524779,317843,141090,532830,625770,606538,653934,558914,NA,125080,430022,594935,516096,591893,463804,NA
"Butanoic acid_ 2-amino-_(2TMS)_MP_RI:1168_IDENT:C+D","86.0 132.0 100.0 130.0 131.0 ",173108,235814,283884,123962,198800,259464,246698,178981,219037,239331,163959,163159,223293,240730,164683,209407,229583,189484,198774,347960,244672,152778,235631,214663,219711,230384,241409,265077,170096,308826,232602,259886,230268,283062,262929,262115,351989,282135,310275,304744,289977,287926,101279,249467,NA,206140,281885,253138,172349,79385,173950,204839,240205,263708,313127,217924,114269,215943,177462,286678,272050,273176,239420,112794,256861,260414,240013,300711,303182,213641
"Butanoic acid_ 3-hydroxy-_(2TMS)_MP_RI:1156_IDENT:A+B","191.0 88.0 117.0 149.0 133.0 ",111697,154395,260358,112968,64347,115670,148059,141815,166598,208974,149795,121532,136794,121273,164240,198316,198444,NA,122619,164065,158528,127690,NA,137907,NA,128998,131132,182222,172397,71947,189991,58679,163394,75019,192066,171844,NA,NA,NA,NA,NA,157343,112086,NA,NA,NA,NA,178619,208757,51929,NA,NA,71568,NA,195440,193784,40550,71477,66715,79491,NA,220599,NA,39559,63273,194981,NA,NA,191184,225540
"Butanoic acid_ 4-amino-_(3TMS)_MP_RI:1527_IDENT:A+C","86.0 175.0 100.0 304.0 174.0 ",1157867,1561419,2169007,706676,847726,1132332,949629,826708,1160480,1490600,704853,960676,1299705,1223833,1024474,1410247,1809352,890937,1100939,1531209,1409106,954843,1455002,1188992,1400856,1432691,1512560,2019781,994197,1781661,1398891,1649345,1910338,1717651,2440810,1271342,2049571,1773481,2088108,2129619,2047836,2822051,861495,1888874,NA,1982570,2448859,1987043,1935446,555279,1427498,1540370,1783606,1964848,1729005,1767658,722476,1712852,2100183,2164909,2448484,2078600,1687586,783505,1809460,2103556,2229818,2609192,2050818,1817277
"Citric acid_(4TMS)_MP_RI:1814_IDENT:B+D","149.0 273.0 183.0 133.0 211.0 275.0 277.0 278.0 ",4123842,5477182,8125032,1334858,2411889,3027357,3720632,4350439,4520218,5701430,1338259,2434389,3274955,3917825,3981366,4970052,6183043,1536073,2922168,3565956,4793286,1272503,2754734,2583835,3432081,3454227,3382362,5230533,1579024,3155806,2711588,3469174,3864673,3545472,5831117,1790719,3540872,3091911,4130106,4856750,4406302,6669119,547775,1567164,NA,2313161,3634279,4662658,3520962,410018,1104703,1505568,2006398,2690641,3653925,3192114,572874,1359786,1766905,2270290,3505018,4130892,3800930,580238,1533488,1929357,2650746,4050043,4648007,3594939
"Creatinine_(3TMS)_MP_RI:1549_IDENT:B+C","115.0 171.0 100.0 143.0 116.0 ",15699841,19235371,20331487,10325655,14260802,16870504,15106136,13771915,16527662,17829515,11545052,16049681,18206742,16570367,14838720,18835556,19730382,13420518,18344277,22141412,17594660,13864266,21267670,16579037,17776406,18400872,19647073,22959509,15207409,23476376,18229610,19842891,21235894,21106886,24688241,NA,25032229,20650972,22528441,23590769,22639287,25579144,10277119,18111404,NA,18302044,21516652,21834325,17473760,6599464,15484377,16705907,17615890,18355444,20246080,16562576,8820324,16674513,19450387,20013088,21794875,22193644,15420505,9191894,17188175,20047053,20750530,22789433,22593028,16981741
"Cysteine_(3TMS)_MP_RI:1554_IDENT:B+D","116.0 100.0 132.0 218.0 220.0 ",5187191,6299031,7113638,3262741,3933687,5280734,4830278,4730215,5293729,5835319,3680650,4998436,6278132,5808355,5418290,6579454,6905535,4325177,5707826,7331652,5982342,4479611,6253998,5165296,5355092,5986783,5951539,6995105,4512968,7326571,5342693,6476742,6978528,6522672,7949737,5526032,7793945,6986601,6885635,7450513,7749263,8698501,3295514,6149281,NA,6058609,NA,NA,5831699,NA,5455887,4891733,5575727,5706546,6692859,5497430,2924198,5354462,6663665,6476525,8624556,7784125,4905969,NA,5498865,6634867,8902387,2729262,8994864,5730522
"Cysteinesulfinic acid_(3TMS)_SP_RI:1676_GMDpred","115.0 232.0 252.0 100.0 137.0 ",384034,522506,670925,227574,232193,383119,276758,276146,258222,210859,190683,287800,617653,350661,280991,316327,298048,341654,465725,677293,761947,NA,NA,NA,NA,NA,NA,NA,NA,NA,NA,NA,NA,NA,NA,NA,NA,NA,NA,NA,NA,NA,NA,NA,NA,NA,NA,NA,NA,NA,NA,NA,NA,NA,NA,NA,NA,NA,NA,NA,NA,NA,NA,NA,NA,NA,NA,NA,NA,NA
"Dihydroxyacetone phosphate_(1MEOX)(3TMS)_BP_RI:1751_IDENT:A+B","133.0 103.0 142.0 89.0 315.0 400.0 403.0 ",659156,795289,1349393,373110,884368,1071087,1225252,1360287,1775975,1401365,633261,461468,513108,546534,786575,1953568,1445354,713595,412423,601073,484329,1344958,2023989,1703227,2572081,2609052,2262426,2225534,1443711,3211004,1429744,2741363,1855739,2340534,3678830,1427270,2369216,2191328,2249499,2025844,1936003,2617572,737074,2358712,NA,2717079,5254082,3677599,4058886,627077,2121182,3147797,3445426,3372694,3549045,4918315,699398,2330621,2531740,2669648,5451823,5207986,5972463,723243,2318402,3785981,2859350,3773839,3869659,4080760
"Dihydroxyacetone phosphate_(1MEOX)(3TMS)_MP_RI:1739_IDENT:A+B","103.0 299.0 142.0 89.0 133.0 400.0 403.0 ",594192,870770,1804066,122480,220629,256587,378910,551581,658231,1314511,131438,231537,323663,365156,580468,783359,1341718,175123,298228,376119,473531,501628,1687805,1010915,1686338,1513973,1446510,2123310,567740,1937622,1311253,1996230,1817367,1626881,2469439,648047,2141134,1500090,2463195,2159588,2076296,3253252,674699,2617725,NA,2922721,4063053,4451130,5296503,519708,2007363,2025855,2342584,3258531,3535718,5207392,626496,2312288,2527500,2776093,3879597,4117380,5063544,725034,2511746,2809415,3056406,4278939,4474096,5477520
"Ethanolaminephosphate_(4TMS)_MP_RI:1777_BMD","174.0 172.0 299.0 114.0 100.0 ",264832,443745,812655,152308,174249,219190,225628,242512,332947,517743,128838,165533,210813,252047,295027,374965,552001,126485,195387,273840,320840,183361,254982,243851,304326,330520,417857,748144,163736,350078,292002,372617,418742,530688,868570,170320,373121,340417,445584,483339,658401,1128833,NA,NA,NA,NA,NA,NA,NA,NA,NA,NA,NA,NA,NA,NA,NA,NA,NA,NA,NA,NA,NA,NA,NA,NA,NA,NA,NA,NA
"Fructose_(1MEOX)(5TMS)_MP_RI:1862_IDENT:B+C","133.0 103.0 217.0 89.0 117.0 220.0 ",2634994,3004930,4632043,2632785,2145873,2323241,2096870,2456789,2814497,4031809,2721764,2226909,2388936,2129876,2599913,3023903,4183178,2967914,2378318,2713893,2292697,3161194,3030258,2527191,2594423,2368289,2617315,4133619,3425571,3334048,2768783,2731573,2548636,2677775,4314848,3714541,3560289,3055565,3048375,2922435,2960570,4843741,2885108,5094143,NA,5216913,6580455,5702053,6634269,2159765,4066183,4806407,4534626,5680173,5084245,6720707,2821871,4856302,5866065,5431882,7024909,5957058,6936144,2867633,4890227,5795091,5380915,7095294,5925491,6823022
"Fructose-1_6-diphosphate_(1MEOX)(7TMS)_BP_RI:2699_IDENT:B+C","129.0 133.0 315.0 299.0 217.0 ",1935751,1956415,2750484,82599,561903,755110,477946,639840,439335,652900,162931,1230345,1819776,1140710,1464512,1294531,1458235,247559,1658706,1926213,2006966,69602,1572755,1469481,1694748,1417858,1040394,1313807,115631,2712039,2434575,2872727,2648307,1699523,2372237,128406,3231775,2988521,4185744,3863299,2505479,2658700,140679,1280405,NA,2162171,2510481,3004419,3536175,242975,1357741,1024690,1588081,1262541,2096680,3889072,213366,2031699,2251111,3451484,3062782,3577600,3957026,198815,1630416,1950481,2856076,2549379,2942715,3307766
"Fructose-1_6-diphosphate_(1MEOX)(7TMS)_MP_RI:2705_IDENT:B+C","217.0 299.0 387.0 315.0 129.0 220.0 ",2765063,3035283,3751079,162463,1165537,1522954,1146085,1501276,1186063,1481522,209383,1587465,2663105,1846526,2309219,2047004,NA,238183,2086944,2728000,2694989,101517,2385398,2607298,3128708,2694559,1763491,3641276,135937,3491422,3693539,4060000,4470372,2730817,3130846,138835,3707727,4382481,5512977,5223301,3313735,3587876,190664,2061165,NA,3745681,3519110,4295727,5751806,300496,2146553,2062158,2895994,2243378,3439919,6849850,291232,2709441,3381187,4971713,4686690,5165412,6366072,270118,2203388,2744672,6380506,4022897,4139575,6578973
"Fructose-1-phosphate_(1MEOX)(6TMS)_MP_RI:2291_IDENT:B+D","133.0 387.0 103.0 89.0 299.0 ",118648,153175,335121,33283,NA,NA,NA,83158,86894,NA,NA,NA,NA,81146,142457,163121,321325,36074,74997,88338,102533,NA,NA,103122,195973,NA,NA,NA,NA,56261,NA,200472,207819,173488,NA,NA,NA,NA,NA,NA,NA,NA,NA,NA,NA,NA,NA,NA,381511,NA,NA,NA,NA,188203,NA,NA,NA,NA,114163,NA,NA,NA,363829,NA,NA,NA,NA,NA,NA,398444
"Fructose-6-phosphate_(1MEOX)(6TMS)_MP_RI:2302_IDENT:A+C","129.0 217.0 299.0 315.0 103.0 220.0 ",372678,523935,992050,49106,79556,113400,221729,245427,374440,708953,41200,109112,146317,205715,340421,482245,910917,67619,153932,217902,206662,110749,312056,269839,869561,711628,701665,1339089,105492,373467,388427,992208,879510,810435,1484336,120798,446635,424470,1119656,1048717,957856,1737445,164764,618151,NA,991424,1426777,1301421,1146231,139300,444817,436585,770956,1042262,964807,859679,146840,554877,593902,937635,1464993,1249225,1158337,169098,608017,652143,1049519,1548562,1286709,1107298
"Fumaric acid_(2TMS)_MP_RI:1366_IDENT:A+C","143.0 246.0 133.0 115.0 245.0 247.0 249.0 ",325291,374273,531252,150348,194449,262520,286059,312471,350506,490103,153852,203225,261003,286800,279181,375194,504164,194062,247517,345386,340498,252836,434225,366222,430601,577270,537922,507493,263226,446015,436465,434545,603867,558061,506877,312816,503358,444593,541986,684260,572092,560415,270583,392424,NA,352415,485864,504056,289779,163304,384065,412036,351987,601158,573569,489842,288248,396428,434073,391531,591906,598079,454737,279588,409811,413000,347712,514449,481879,279106
"Galactosamine_ N-acetyl-_(1MEOX)(4TMS)_MP_RI:2099_IDENT:B+D","103.0 87.0 129.0 205.0 117.0 ",184855,192771,257857,87607,140232,265075,188428,225926,172242,223531,92538,141123,215741,187769,211346,217852,228511,103603,149066,203469,222423,NA,NA,NA,NA,NA,NA,NA,NA,NA,NA,NA,NA,NA,NA,NA,NA,NA,NA,NA,NA,NA,NA,NA,NA,NA,NA,NA,NA,NA,NA,NA,NA,NA,NA,NA,NA,NA,NA,NA,NA,NA,NA,NA,NA,NA,NA,NA,NA,NA
"Galacturonic acid_(1MEOX)(5TMS)_BP_RI:1957_IDENT:B+D","333.0 103.0 133.0 89.0 160.0 ",449825,561023,1071195,42371,176900,219397,324653,NA,480682,NA,151173,115997,411358,374499,243158,685160,597424,70678,249265,246033,310053,NA,NA,NA,NA,NA,NA,NA,NA,NA,NA,NA,NA,NA,NA,NA,NA,NA,NA,NA,NA,NA,NA,NA,NA,NA,NA,NA,NA,NA,NA,NA,NA,NA,NA,NA,NA,NA,NA,NA,NA,NA,NA,NA,NA,NA,NA,NA,NA,NA
"Gluconic acid-6-phosphate_(7TMS)_MP_RI:2426_IDENT:A+D","129.0 299.0 133.0 387.0 101.0 220.0 ",296041,352254,598775,59884,NA,NA,NA,NA,NA,212518,91713,129018,222314,185651,262748,280782,381897,119732,175007,242020,261838,122537,147598,116520,169345,179443,243504,495592,NA,261434,218117,387733,389506,412877,634969,177533,340651,303780,500098,514509,457097,745396,103165,201735,NA,381956,499661,488978,291392,124934,NA,NA,NA,NA,338552,291859,169697,233903,236270,357525,538454,508968,313626,149134,235205,302293,330514,562498,452149,337276
"Glucose_(1MEOX)(5TMS)_BP_RI:1904_IDENT:B+D","160.0 117.0 129.0 205.0 103.0 217.0 220.0 162.0 132.0 207.0 ",78385913,104202769,138524961,13503705,32594121,41110078,67816298,71361193,96058435,124648214,13795261,35071702,43819313,72488465,77428293,102208933,129968828,15359144,38942661,51142371,78238410,17289601,52587056,65288973,85568271,88337409,127208273,159980461,19369091,59984679,72857171,92119760,94521204,131985538,165149725,21816619,63128509,79123948,100008764,105321482,138940623,177335292,19247484,72617397,NA,126014482,156239720,155726694,NA,14591174,61607112,76459757,112736361,143173018,146600657,179802751,18867208,72829778,88736923,129987122,160281272,159982078,180717786,18355151,70336615,88806761,126921250,160514466,157283118,181499910
"Glucose-1/6-phosphate_(1MEOX)(6TMS)_MP_RI:2316_IDENT:C+D/A+B","160.0 299.0 129.0 387.0 133.0 220.0 162.0 132.0 ",1322301,1699073,3806441,222101,316020,422406,750360,972773,1399530,2473577,305047,440516,612928,783085,1203491,1645777,3118311,415529,521667,696632,956887,368279,1072465,998339,2741292,2386109,2316454,4305206,483375,1466881,1402083,3274539,2915244,2732971,4877500,558459,1606986,1641539,3717659,3535754,3215178,5673142,710098,2239703,17621,3253230,4469396,3894524,2255707,476895,1502406,1578824,2319416,3335396,3135770,1947359,656815,1968165,2294318,3146300,4591167,3825523,2107830,684251,2232491,2428649,3369766,4786784,3936865,2259808
"Glutamic acid_ N-acetyl-_(2TMS)_MP_RI:1781_IDENT:B+C","216.0 116.0 158.0 126.0 156.0 ",388256,451945,609461,102335,225196,238979,306120,351463,340548,381283,93299,187437,275646,301092,359401,371372,438973,193334,329266,349595,437069,103298,237814,241697,289151,376250,341043,367620,106964,283360,260505,352442,424664,386940,368066,235324,413587,392574,447739,499536,473090,509174,77534,310031,NA,536411,809955,683337,397735,74112,254953,359672,487183,737407,575312,390947,88111,288527,426845,609891,843458,684763,406294,259647,608942,623857,748458,918968,710901,425210
"Glutamic acid_(3TMS)_MP_RI:1620_IDENT:A+B","246.0 247.0 100.0 156.0 128.0 250.0 101.0 160.0 131.0 ",107963337,84453815,65978725,90195860,114103516,135559656,117517957,103771116,70033050,61042113,89971869,123455548,144548772,119165621,109828893,76078821,68780707,99900644,133021913,155921604,133140995,104412372,164743541,124560673,135501494,136323516,106068858,74735535,112937786,182125835,152559169,148607756,155486854,105858083,75862678,118471391,185809570,148131293,154757641,162620087,114018582,88651267,47165137,106275203,NA,108170891,121278535,79753136,19377767,55734978,120775817,130394132,121810589,125087960,86594585,29349075,58423215,124335087,140967945,122497464,145097344,87803843,17082616,44315303,95569495,127863371,108504517,131386174,75321375,16199675
"Glutamine [-H2O]_(3TMS)_BP_RI:1591_IDENT:C+D","139.0 154.0 227.0 155.0 128.0 ",7966869,NA,23566278,NA,1990125,5631696,7331525,10577307,NA,NA,NA,10915386,23669366,9306072,11169493,14591173,12370364,6176975,20500398,20177533,19524402,NA,NA,NA,NA,NA,NA,NA,NA,NA,NA,NA,NA,NA,NA,NA,NA,NA,NA,NA,NA,NA,NA,NA,NA,NA,NA,NA,NA,NA,NA,NA,NA,NA,NA,NA,NA,NA,NA,NA,NA,NA,NA,NA,NA,NA,NA,NA,NA,NA
"Glutamine_(3TMS)_MP_RI:1770_IDENT:C+D","128.0 155.0 156.0 100.0 157.0 160.0 ",83298,3326477,27612563,39175,NA,40062,NA,NA,NA,NA,58302,52237,154947,NA,86534,NA,NA,180172,1997140,NA,5948264,119348,NA,NA,NA,NA,NA,71701,248473,138019,118318,138133,96923,97525,158126,1102303,399076,340677,664939,421378,1489956,5452163,493292,546370,NA,644297,689636,747935,173764,110182,48706,NA,17836,43223,NA,67385,164583,81793,82756,116827,168474,183620,53829,374030,211850,301459,324954,619494,513782,195010
"Glutaric acid_ 2-oxo-_(1MEOX)(2TMS)_MP_RI:1579_IDENT:B+C","156.0 112.0 170.0 89.0 198.0 200.0 203.0 ",1339231,1417914,1636392,613292,711383,1088703,864619,872692,947932,1213429,719913,997075,1301593,896797,1062979,1343973,1472167,1300858,1324933,1963228,1315987,780770,1204077,866015,906783,926349,698204,1180541,1190576,1377409,1685890,1251037,1371010,1555096,1886630,1384557,1666200,1272464,1761228,1967336,1486954,1905009,441566,951484,NA,1230053,1504573,1162536,475234,420162,849188,1022127,779210,939582,873575,486744,277397,1490753,1196401,1034293,1941744,1191346,478846,354103,1083342,1085973,974817,1736388,1330280,456218
"Glyceraldehyde-3-phosphate_(1MEOX)(3TMS)_BP_RI:1712_BMD","211.0 89.0 133.0 101.0 299.0 ",109434,184577,289556,130684,80047,75192,78853,76654,124861,176934,68171,78367,96727,101784,103725,179115,217205,138459,105315,124264,155677,114244,107730,52129,63890,75851,91914,158239,102807,161568,94493,79178,98517,91924,210334,141376,158163,82727,134371,131920,110711,206832,85005,136522,NA,197161,260590,226925,189420,38123,259595,285917,305645,107970,182377,230250,80195,126476,133914,157725,252039,276204,214730,67126,142857,156154,174213,264749,269524,249412
"Glyceric acid-3-phosphate_(4TMS)_MP_RI:1802_IDENT:B+D","211.0 227.0 299.0 101.0 133.0 357.0 359.0 ",1781062,1719566,2019300,1177175,2171248,2111411,1827354,1474978,1246138,1355609,1540832,2201247,2520637,1895421,1701706,1375392,1382717,1331399,2855931,2627994,2552863,2322975,3577756,1938158,1896458,1812534,1159485,1053461,2672143,3952451,2480725,2224649,2024900,1376496,1318025,3440944,4738131,2897336,2656369,2657451,1820221,1757141,2513375,4050990,NA,2953147,3543654,1927491,1000403,1891389,2858784,3075439,2816437,2888324,1606466,885287,2439219,3338150,3179029,2881571,3537281,1826795,909350,2276463,3516186,3406540,3051076,3860005,1950628,985662
"Glycerol_(3TMS)_MP_RI:1280_IDENT:C+D","101.0 117.0 133.0 205.0 103.0 218.0 221.0 ",594308,726815,1732057,463853,329445,1465355,610299,508194,551884,1138243,469488,335809,1509240,581847,623799,605323,1316760,556936,449347,2146929,641881,471532,385478,357093,420360,436961,448821,599949,501782,405361,531248,493744,447419,511522,677870,527389,646573,482201,555786,724393,662449,868997,759241,811096,NA,719294,1188862,1009020,2441496,360188,496480,526576,508243,1183130,964033,2216978,643833,714438,677123,865725,1165686,1058507,2856479,646439,857622,755327,692624,1290505,1197349,2286726
"Glycerol-3-phosphate_(4TMS)_MP_RI:1756_IDENT:B+C","101.0 299.0 133.0 357.0 103.0 359.0 ",1870167,2963429,7399885,725449,1024707,1238308,1553567,1569463,2217535,4891728,783053,1161088,1448275,1691533,1790767,2505328,6412086,879734,1478907,1673583,2115342,1299257,2045920,1059485,1507763,1571094,1463719,3350783,1605258,3301555,1605890,1693645,2401754,1638114,3195351,1817293,3025542,1415985,2205791,3021192,2233190,3650404,1688128,2806965,NA,2613703,3759865,3522031,4550756,1035365,2162682,2721163,2135567,3054854,2922810,4370188,1534991,2393054,2502436,2553690,3771156,3347260,4563970,1708574,2829326,2947123,2893095,4051787,3753128,4971609
"Glycerophosphoglycerol_(5TMS)_SP_RI:2183_GMDpred","129.0 101.0 357.0 103.0 299.0 ",259090,355654,593582,NA,137251,166572,182858,183035,299597,459295,91635,160100,233303,290286,252911,511336,545103,112031,226849,232445,285042,NA,NA,NA,NA,NA,NA,NA,NA,NA,NA,NA,NA,NA,NA,NA,NA,NA,NA,NA,NA,NA,NA,NA,NA,NA,NA,NA,NA,NA,NA,NA,NA,NA,NA,NA,NA,NA,NA,NA,NA,NA,NA,NA,NA,NA,NA,NA,NA,NA
"Glycine_(2TMS)_BP_RI:1117_IDENT:A+C","86.0 176.0 103.0 104.0 102.0 276.0 277.0 ",2908002,4100243,5636300,2520561,2318515,3586850,3994612,2693974,3585667,4175015,2305175,2049001,3115095,4034661,2942920,2906919,4743619,3230074,3055322,6589766,4815606,2689961,5462701,3919377,3981495,4467590,4482357,5158584,2426162,3459346,5534345,3695395,4014356,4602485,4854846,2919747,5624605,4362058,5413252,5713447,4285685,5503049,1892265,3981114,NA,3637088,4525768,5081206,3610102,625617,4248606,4935444,3852800,7375601,5164341,4829712,3263767,4258185,3255590,3743558,4616179,4560843,7114680,1872755,4712492,4555249,3809565,4277582,3830499,4192368
"Glycine_(3TMS)_MP_RI:1314_IDENT:A+C","86.0 133.0 175.0 100.0 174.0 ",81996776,91188261,111759926,59139022,76907787,95109420,86677481,72681274,79039763,87342276,62104584,77058091,98153139,94114564,74821250,85454393,99743453,70502407,92284745,129689798,101875060,62651176,113461897,86669152,97509104,93493561,94002757,103786114,71088604,122029279,110437309,107898871,114241172,101319001,115873140,87971067,146252892,115358092,133314972,123743689,111035385,123322469,61644461,103301475,42132,82065684,102294133,110075008,105663833,32870302,90154341,86172011,75866483,93469329,102513168,103886304,58420526,104983950,104361772,95291281,111006989,118799058,103723890,58435343,108143877,101458145,87479369,105477580,109595944,99483006
"Guanosine_(5TMS)_SP_RI:2762_GMDpred","324.0 230.0 103.0 245.0 280.0 ",12915,45858,172785,NA,22199,4375,11382,9688,18745,50115,NA,9130,18999,18263,53322,60187,106345,NA,15209,55883,8687,NA,26424,34819,57164,17736,124904,239237,NA,97152,37355,31665,36583,36420,77064,NA,35529,17321,73630,49155,56710,554387,NA,22300,NA,88326,77748,113975,133753,NA,24174,13089,32293,75543,117615,53403,NA,9404,53934,32426,185597,196864,131469,NA,10807,43895,28042,198938,95584,68318
"Guanosine-5-monophosphate_(6TMS)_SP_RI:3061_GMDpred","211.0 315.0 230.0 135.0 169.0 ",3385482,7150629,17797624,695705,47770,44904,206735,39415,15031,37744,2367451,NA,5877772,1177299,830526,1606403,1779916,3275901,5586106,3873560,5787500,1611738,438397,282581,264576,433727,3026437,7184118,2813368,3882281,3636041,3471103,3945986,8466886,14652468,3640506,6965720,5167666,8406570,10551189,14815142,22258156,584738,NA,NA,NA,NA,644300,NA,2705720,NA,NA,NA,NA,NA,327500,1317188,349502,128311,485799,825124,2142574,58465,1239665,NA,NA,NA,NA,561822,67460
"Gulonic acid_(6TMS)_SP_RI:1952_GMDpred","205.0 292.0 103.0 333.0 319.0 ",371046,664419,820224,66053,154585,279706,297246,388650,509303,850218,74410,131763,243194,352742,391852,604892,823416,93383,200762,221331,369274,NA,NA,NA,NA,NA,NA,NA,NA,NA,NA,NA,NA,NA,NA,NA,NA,NA,NA,NA,NA,NA,NA,NA,NA,NA,NA,NA,NA,NA,NA,NA,NA,NA,NA,NA,NA,NA,NA,NA,NA,NA,NA,NA,NA,NA,NA,NA,NA,NA
"Hypotaurine_(3TMS)_MP_RI:1597_IDENT:A+C","86.0 114.0 100.0 188.0 130.0 ",9556454,10925320,13457425,7596039,7790566,10192991,9237678,8569017,8618563,9593327,7668932,10374352,13261310,10862791,9211024,10023977,11464432,8501959,11306003,13801949,12722516,7880969,11318194,10178615,10663465,11366577,9182988,10073850,9771963,16157065,11101787,13222804,13173163,10231151,11034400,10781345,16855593,14028878,14593973,14138396,11812954,12781558,4294939,9096436,NA,8282695,10053816,9482115,6790102,3278304,7044426,6853894,7534253,7792496,8676357,6595728,3618281,7969383,9186813,8516429,10567915,9515844,5696301,4107988,8551618,9432181,8818068,10842833,10356746,6531094
"Hypoxanthine_(2TMS)_MP_RI:1807_IDENT:B+D","193.0 266.0 280.0 265.0 206.0 ",10231,59287,112271,8805,25699,12406,9193,5406,10405,13567,20899,17775,26978,14516,17583,23004,18647,24118,80392,19296,86991,NA,NA,NA,NA,NA,NA,NA,NA,NA,NA,NA,NA,NA,NA,NA,NA,NA,NA,NA,NA,NA,18794,39959,NA,50919,59030,102981,29535,26285,17154,29001,19975,25748,16873,8851,28832,21657,34812,30024,35943,66531,14203,23258,41903,41133,43690,77314,88340,46142
"Inositol_ myo-_(6TMS)_MP_RI:2088_IDENT:C+D","129.0 191.0 305.0 217.0 133.0 ",82378544,74754945,80801267,51998624,62948193,81361524,84248388,69458848,61725385,61104836,54544580,69307304,88269898,91247635,77184977,70455700,68065887,63134782,77797047,101161797,102512891,80235704,128440187,111687188,125133647,123507003,100393671,95577562,90375482,142438167,123762271,135223494,134664198,107090374,102469336,99504452,152258821,137596872,147473191,148392871,119243553,114639542,64249083,116536417,NA,127151819,137403208,107416559,75910135,55620699,102842562,110943193,111393194,123172843,97395745,73982580,67685463,121825215,133292020,131531600,146221563,113068442,78817195,64749822,117598227,128949756,128646064,143631627,107866966,75486561
"Isobutanoic acid_ 3-amino-_(3TMS)_MP_RI:1460_IDENT:B+C","86.0 133.0 174.0 100.0 248.0 ",111677,197262,287081,107456,45955,40823,74202,48017,69587,74855,33665,109374,186088,52723,59863,154874,101717,140114,47433,79584,174364,110729,131139,70112,55128,44081,51905,135535,124016,182068,79634,63267,181145,132958,160911,121026,102078,179575,178372,219364,192152,268564,78921,167261,NA,180859,199550,187065,159950,62575,69504,84531,78914,107934,162860,114994,52651,109762,97670,135386,203480,191494,120351,63259,154643,168355,188421,251947,198700,136299
"Isoleucine_(1TMS)_BP_RI:1174_IDENT:A+D","86.0 87.0 130.0 146.0 103.0 ",4128712,5383961,5489911,2573419,2967159,3698429,4129065,3530021,4417770,4127141,2844079,2694991,2940817,4033490,3401300,4154105,4985273,3590534,3064049,5984403,4626715,3471578,5261722,4478306,4708517,5374373,4945855,5130799,4029697,4813685,5518604,5022108,6066007,5915813,5703926,4806830,7116701,5718656,7268772,7812357,5864542,5669583,3535163,5659471,NA,5192290,6387929,5905925,5545819,755250,6043000,6377840,5821687,9369605,7651127,7051582,4483437,6241878,6448371,6223329,7616980,7330996,7862140,3449370,5772147,6186578,5808953,6898574,6100186,5825249
"Isoleucine_(2TMS)_MP_RI:1302_IDENT:A+D","218.0 100.0 159.0 158.0 102.0 ",5687579,6690861,8125941,4423188,5162472,6828667,6741993,5715866,6745048,7185063,4246477,4950226,6991447,6938630,5784944,7216310,7590339,4416178,5667144,8580072,7027944,4486358,7837674,5548221,7013703,6800913,6808435,7071150,4650883,7953655,7200125,7549766,8157794,6598963,7289967,5410247,8882507,7021042,8701150,8281426,7477745,8387187,3986662,7473341,NA,6378135,8365791,7616901,5337351,3555119,4944549,5810328,5437926,5257744,5721260,4179638,2558746,6025837,6785311,6994570,8294934,7438529,4105206,3308194,6856845,7374094,6763946,8370207,7167610,4718732
"Lactic acid_(2TMS)_MP_RI:1055_IDENT:B+C","118.0 190.0 191.0 117.0 133.0 119.0 193.0 219.0 222.0 ",178141143,252349253,330622504,40887065,88678360,125143045,137870669,161178072,226421607,279964316,40791921,93976903,132244044,141982344,165464967,230046738,294800477,46392163,107237983,159382985,156672605,55957424,137586608,124622064,159361329,177615632,209900670,266437132,61492399,136423324,145256237,97462026,187610498,224017501,276039969,67302556,85176692,143482913,193951097,208852470,225944985,284537140,67491134,96245421,NA,219079749,288609559,289299836,306698250,NA,189299854,107803952,212406611,313276865,292110830,328441695,73775407,198654782,215656449,232544334,297123520,301152340,355986511,66756831,201054736,217761478,222284008,285556306,282264335,305982644
"Leucine_(1TMS)_BP_RI:1153_IDENT:B+C","86.0 87.0 146.0 130.0 103.0 ",2590654,3190555,3258612,1881007,2020872,2415867,2527860,2210203,2635736,2312236,1827021,1756907,1849946,2291755,2036872,2430486,2951945,2282876,1635422,3747917,2783053,2251449,3211856,2713418,2848182,2944448,2761659,2910104,2546322,2723783,3323646,2837125,3371180,3179976,3303225,2903184,4095701,3347129,4144191,4363312,3136979,3321423,2445443,4048693,NA,3602533,4238390,3845369,3732334,535231,4203031,4372990,3975270,5957507,4631778,4383730,3160741,4323110,4347042,4207559,4933148,4678672,4914144,2456736,4092585,4349642,4044669,4574982,3889470,3894031
"Leucine_(2TMS)_MP_RI:1277_IDENT:B+C","299.0 102.0 159.0 100.0 158.0 ",24231721,29026803,37181963,23653296,18017021,19933731,22304287,16621343,19551651,21515909,24719815,20189868,23674049,28822627,21017932,25123607,28760824,26976857,26219997,33493237,33175281,26363725,28448463,22879699,20743043,22355152,22192990,22794591,29455817,35009016,34412350,29040268,32253495,29254888,31733229,35588760,45130424,38675682,39367750,39152763,35551858,38177317,26556892,39461349,41862,30005522,41383700,38005875,27271650,12717088,25532284,27454423,21659453,29342248,26966369,21079859,21653311,33863045,36773428,31602903,39810639,35930183,25983431,23158027,39674698,41243732,33458913,42474539,36788036,26371053
"Lysine_(3TMS)_BP_RI:1849_IDENT:A+C","86.0 200.0 156.0 100.0 174.0 ",10696475,9972289,9556242,9505855,10448780,13293964,12173352,11170012,11056510,12053593,9850571,11690266,10298750,12659128,12444308,13430616,13909402,9515699,8904083,14769956,9506608,10818392,13965223,10402150,12044502,12739094,12648285,15482008,10944893,16543537,10115255,12339883,13878097,13110611,15430633,10974226,14884402,12032083,12677528,14268323,13794082,16067820,8213830,12319628,NA,12822679,17628690,16688123,15143137,6594927,9611579,10851440,11334209,13646609,15068886,14848739,7266636,11581149,14198739,14109098,19299546,17931054,13982975,7862858,11724023,13832745,14054480,19351307,17685241,15342881
"Lysine_(4TMS)_MP_RI:1915_IDENT:A+C","86.0 156.0 174.0 100.0 128.0 ",2972768,6137426,10437401,162117,193196,212647,223665,255830,255744,371248,161169,313321,6055798,334137,428777,655387,661443,1375701,5641670,837303,6943606,235368,284141,271208,343952,321159,426878,533394,1612056,334301,2225889,1781134,1023003,804277,1587824,3114027,3216430,2442125,3536373,3124720,3230660,4863427,NA,NA,NA,NA,NA,NA,NA,NA,NA,NA,NA,NA,NA,NA,NA,NA,NA,NA,NA,NA,NA,NA,NA,NA,NA,NA,NA,NA
"Malic acid_(3TMS)_MP_RI:1487_IDENT:B+D","101.0 133.0 117.0 149.0 233.0 245.0 247.0 249.0 ",3602732,3955549,5886635,1734446,2551567,3201805,3281940,3133653,3368469,4406076,1841080,2673578,3527732,3499503,3280171,3610561,4957664,2139197,3109409,4572880,4039954,1973920,3701111,3088847,3672155,4087751,3382924,3718310,2198243,4418846,4019312,4206168,4806046,3694919,4286833,2595291,5099874,4341459,5159409,5807404,4382279,4829043,2173893,3647849,NA,3074156,4593473,4480627,3365409,1211954,2886899,2953855,2721558,4105532,4018103,3130605,2015890,3180567,3361053,3067091,4645621,4400021,3261115,2000659,3541302,3598540,3177311,4764530,4474579,3260960
"Methionine_(1TMS)_BP_RI:1422_IDENT:C+D","104.0 131.0 178.0 130.0 116.0 ",438656,413355,381253,211594,262726,289703,339638,291095,374595,398538,221138,247023,336116,361792,363788,347013,391431,215883,282748,600699,395995,446177,406001,371074,393099,381771,297266,330837,263242,343287,353563,362817,286966,317127,304805,281828,324356,339237,422229,379184,372223,298075,157301,309044,NA,272574,526071,302122,258314,134547,648682,438482,421862,541458,700552,534335,253740,450997,306530,248694,NA,NA,674302,154209,282234,433300,257825,267881,268914,NA
"Nicotinamide_(1TMS)_SP_RI:1483_GMDpred","105.0 104.0 179.0 180.0 136.0 ",1394696,1721315,2327193,668301,951584,1275687,1238625,1196557,1393088,1718551,722316,1025881,1472573,1154028,1276538,1647806,1875500,791781,1152021,1419230,1503837,775103,1284479,1041248,1412191,1610378,1800749,2027693,830609,1359069,1241173,1363176,NA,1809682,NA,885875,NA,1260751,1467231,1768827,1993790,NA,NA,NA,NA,NA,NA,NA,NA,NA,NA,NA,NA,NA,NA,NA,NA,NA,NA,NA,NA,NA,NA,NA,NA,NA,NA,NA,NA,NA
"Pantothenic acid_(3TMS)_MP_RI:1993_IDENT:A+D","103.0 117.0 159.0 201.0 157.0 ",1276299,1784146,2442195,1007805,1152774,1336603,1255618,1197463,1422428,2030818,1080846,1213258,1399013,1284229,1236365,1586662,2261829,1199539,1338572,1531419,1450197,1169635,1653784,1330595,1410654,1448625,1363893,1810024,1266638,1905753,1624455,1541664,1575852,1509943,1923395,1384567,1986960,1730611,1860665,1777376,1781362,2265174,NA,NA,NA,NA,NA,NA,NA,NA,NA,NA,NA,NA,NA,NA,NA,NA,NA,NA,NA,NA,NA,NA,NA,NA,NA,NA,NA,NA
"Phenylalanine_(1TMS)_BP_RI:1547_IDENT:B+C","120.0 130.0 91.0 103.0 146.0 ",3369019,3755345,3333699,2463381,3256151,3920515,3634900,3436562,3528139,4078614,3006636,2817938,3089580,3822368,3154057,4139102,3728759,3169850,2915685,5059220,3341916,NA,NA,NA,NA,NA,NA,NA,NA,NA,NA,NA,NA,NA,NA,NA,NA,NA,NA,NA,NA,NA,NA,NA,NA,NA,NA,NA,NA,NA,NA,NA,NA,NA,NA,NA,NA,NA,NA,NA,NA,NA,NA,NA,NA,NA,NA,NA,NA,NA
"Phenylalanine_(2TMS)_MP_RI:1625_IDENT:B+C","192.0 218.0 91.0 219.0 100.0 ",7678674,8684147,10084356,6392030,6886339,8494802,7359799,6853705,6360082,6883335,6280157,8030515,10685476,8556699,7806559,7876804,8404156,7203313,9269426,10763937,10190098,7069392,10095740,7227073,8990501,8822998,7836986,7827751,8119162,12654412,9351946,9957446,11328904,8222077,9099237,9732022,14792178,10903012,12591438,12912693,9705257,11093999,5064320,9205737,NA,8752333,10654294,9700458,5799617,4023989,7180687,7478041,7433917,7258066,7930802,6086929,4863755,8986190,10525186,9514153,12167419,9980631,4914308,4987481,8350041,9928277,8884767,12112596,9357505,5641530
"Phosphoenolpyruvic acid_(3TMS)_MP_RI:1598_IDENT:A+D","217.0 211.0 135.0 133.0 369.0 371.0 ",1015631,867422,1002290,595695,731380,1013666,814115,703454,785605,957681,638292,975374,1165607,871965,713704,937913,1135389,696962,1082503,1226500,1196294,965257,1364910,1021201,981782,1138115,774016,914642,1189201,1680657,1059637,1232760,1097269,1013233,909959,1322222,1884683,1334387,1385039,1495254,1146670,1203355,NA,NA,NA,NA,NA,NA,NA,NA,NA,NA,NA,NA,NA,NA,NA,NA,NA,NA,NA,NA,NA,NA,NA,NA,NA,NA,NA,NA
"Proline [+CO2]_(2TMS)_BP_RI:1585_IDENT:A+B","187.0 216.0 143.0 142.0 186.0 ",3119700,4836991,8452444,1142330,1463349,1580715,1696397,1537013,2150006,2313226,1465635,1851142,3116208,2665544,2515151,3311885,3951610,1985872,2785517,3311507,3904869,1311494,1978986,1447654,1909179,2219842,1528869,2117954,2239606,3271968,3148362,3215888,3510545,2258897,3160308,3227878,4979788,4343602,5951217,6160301,4403525,5643618,1301893,3234967,NA,3116446,5503073,5401997,5284250,598091,1575727,1231516,1503912,2249485,2222647,2779252,841322,2445471,2694016,3051370,4446529,4530579,4067079,1265615,3229603,3092759,3553139,5561972,4903596,5707333
"Proline_(1TMS)_BP_RI:1172_IDENT:A+B","86.0 103.0 104.0 144.0 172.0 ",4074472,5318809,5430168,2404919,NA,3663973,3899284,3211728,4461669,4147492,2621153,NA,NA,3973975,3148486,4119198,4998628,3320711,2898953,5838972,4563434,3207574,5127506,4381974,4763471,5415444,5119194,5303772,3794924,4652679,5485562,4976305,6039257,5954474,5875991,NA,6811671,5533070,7193082,7729010,5886593,5697147,1367389,NA,NA,NA,5948257,5666820,5279657,NA,5555628,5884217,5470186,8787934,7436520,6817955,NA,NA,5286198,5849152,7206327,7117439,7479298,NA,NA,NA,NA,6448069,5849641,NA
"Proline_(2TMS)_MP_RI:1305_IDENT:A+B","144.0 100.0 216.0 143.0 142.0 ",8767580,10237443,13353435,5289434,8157178,11282351,11663391,9816976,12162088,15209960,5295617,8298755,12761908,13457313,10238465,13659330,14147759,4934330,10049001,11583787,12230367,5138306,12321328,8700549,14109942,12662823,14734817,13953712,5186262,14155349,11086098,14872612,16275046,13124539,13763907,5797482,13636725,10309064,14422309,13044837,14951743,16101600,3189225,6414374,NA,6873377,9664315,11833584,7838710,3880529,4014116,5136093,5356894,5539458,7707610,5739261,1867833,5240003,6459118,7330081,9423564,10699183,5152282,2607307,6205043,7039248,7449211,9762595,11021026,6423493
"Putrescine_(4TMS)_MP_RI:1730_IDENT:A+D","86.0 130.0 175.0 100.0 174.0 ",1183564,645368,746130,628322,1208865,1441064,1113801,936484,500678,510391,718554,1331762,1748675,1282478,1126575,608486,583672,898073,1560102,1960196,1425163,477878,1096165,842545,818326,1095125,906064,509567,420040,1393916,1011540,1068440,1411360,1012995,607346,496649,1596335,1332286,918455,1539903,1329319,725074,283041,476207,NA,561467,921667,745535,522119,196483,339746,403111,468532,879895,558131,464387,205515,405166,530748,594061,1238039,695293,419209,262444,412210,933960,660948,990675,784887,509786
"Pyroglutamic acid_(1TMS)_SP_RI:1500_GMDpred","186.0 116.0 158.0 140.0 157.0 ",4947744,5279044,6218529,3408847,3727844,4468793,4577115,4622761,5302082,6122890,3326220,3682743,4398261,4758689,4998868,5219283,6228289,3794912,4081105,5473349,4929236,3332845,4257792,3861447,4180588,4387008,4113681,4840543,4175812,4741596,4591421,4581885,5016471,4728549,6014691,4929651,5728272,5257775,5512364,6145051,5843806,6742357,4995151,6735238,106538,5515355,7819541,6081920,5754260,3121025,5165899,5157566,5054873,7255608,5888417,5354223,4526597,5732384,5807440,5318411,7098422,5659308,5828092,4815928,7346128,6427686,6107852,7896728,6405514,5585343
"Pyroglutamic acid_(2TMS)_MP_RI:1518_IDENT:A+D","157.0 258.0 158.0 156.0 230.0 160.0 159.0 263.0 162.0 234.0 ",143759814,133723177,188629426,98845832,125873704,114480421,112877438,109011955,102194419,121559536,110958545,139286867,130767006,136155457,131712223,123061038,146607208,129013480,166628566,163346531,167016398,131969444,151221285,120590815,124794933,124379053,103609264,110999602,152308632,178247272,156412317,150483849,156268927,117061474,126272887,183358074,212148813,187413725,192289973,190539229,145006241,150938385,147827803,210715806,NA,167520442,223088969,168007390,123685956,84322904,156084265,144268759,116485040,160804571,127370706,103230830,125045189,181980721,179904407,157221804,199694258,152527629,120304777,145053356,217335459,201440307,177894991,227938096,166769814,123648591
"Pyruvic acid_(1MEOX)(1TMS)_MP_RI:1045_IDENT:A+D","100.0 99.0 89.0 174.0 115.0 177.0 ",1259004,1794522,2464782,294073,550580,799668,1097276,1104181,1518894,1803244,285217,548847,914181,1014908,1153569,1601352,2003453,331079,641596,1004620,1299213,483072,987484,1221145,1472547,1774353,1893019,2408600,544972,1059435,1483137,1612893,1950233,2018587,2523001,607974,1174787,1445097,1810559,2104621,2122286,2706186,453195,1044463,3002,1113625,1519162,1695190,2002255,267524,901389,1031684,1055116,1596322,1695939,2030291,456135,969854,1147643,1250784,1600358,1835100,2165719,385588,1045344,1113666,1262676,1559543,1698694,2010287
"Ribitol_(5TMS)_MP_RI:1716_IDENT:A+B","103.0 117.0 129.0 217.0 205.0 ",1405401,1762640,2348071,541248,708947,1335352,2306974,2058539,2104175,3084364,906077,1717276,905498,1269089,2015077,2347837,1767274,679611,1391413,1823131,1420990,1315585,1247476,983067,1078418,1084248,1818491,2304109,754387,1002070,1026821,783105,1421870,1858614,1427152,988909,923039,851626,1073800,1131198,1131021,1879337,27790900,49334062,NA,47772903,59797170,52821489,52633530,18039814,39428791,45043723,39637308,49914422,44288780,47900233,24668497,45726357,53144017,45839202,57682676,49770669,49542593,26516770,50283025,57407613,49721837,62648590,53257992,52428788
"Ribose_(1MEOX)(4TMS)_MP_RI:1672_IDENT:B+D","103.0 133.0 217.0 189.0 307.0 ",392594,461788,718137,259982,303251,337169,386676,357801,393462,590250,204657,227610,544883,389745,409104,408368,605588,160836,267566,472599,495021,175918,318807,355762,481310,493287,496436,656435,222450,350681,478003,510744,490280,554812,658764,262183,641481,451200,586214,661262,608906,760904,174587,523329,NA,475151,639488,905381,1000825,NA,401945,406429,387419,598313,780795,894259,183946,376991,480668,442259,629894,816468,945484,172659,353666,483501,366133,701096,916633,997650
"Ribose-5-phosphate_(1MEOX)(5TMS)_BP_RI:2105_IDENT:C+D","315.0 129.0 217.0 89.0 299.0 220.0 ",229371,233029,331095,91167,131403,155136,206293,203739,218399,314303,81166,146969,186807,205458,210545,253570,318644,103959,156329,NA,240792,143619,282275,205666,265651,341017,272374,383831,127708,329848,249169,324777,319933,260669,365792,157823,344281,316029,NA,381867,286128,388391,NA,NA,NA,NA,NA,NA,NA,NA,NA,NA,NA,NA,NA,NA,NA,NA,NA,NA,NA,NA,NA,NA,NA,NA,NA,NA,NA,NA
"Ribulose-5-phosphate_(1MEOX)(5TMS)_BP_RI:2096_IDENT:A+B","103.0 89.0 357.0 101.0 133.0 ",652840,850078,1072827,244909,354668,429335,501748,501993,549903,767645,265579,373976,478475,506605,591314,674166,842530,323495,454641,547744,646671,473457,800061,641553,763319,795903,787512,1004832,516831,909056,729353,907475,929085,858194,1428581,572132,948064,859162,1020824,996839,1406374,1516672,476893,889661,NA,1027284,1215234,1303823,1196656,343905,739001,810959,832180,1008421,1037759,1160806,443734,906572,1001976,1073024,1302593,1269119,1240134,450535,842247,1011638,1015574,1407696,1301049,1238287
"Serine_(2TMS)_BP_RI:1260_IDENT:C+D","103.0 116.0 132.0 117.0 144.0 118.0 ",455852,942605,934156,197968,141835,485150,397771,265399,569889,835923,191062,108540,362751,631469,621487,905977,783231,379213,649962,927501,423463,NA,NA,NA,NA,NA,NA,NA,NA,NA,NA,NA,NA,NA,NA,NA,NA,NA,NA,NA,NA,NA,735702,1185955,NA,890937,1345196,1513487,1678445,449493,1534490,1402385,1159226,2455143,2210418,2567356,1284779,1202484,941174,967989,1467260,1747830,3865722,745382,1162136,1023055,863359,1197380,1469596,2117847
"Serine_(3TMS)_MP_RI:1373_IDENT:C+D","116.0 218.0 133.0 204.0 100.0 206.0 ",4117263,4616991,6884858,1905003,2643713,3094601,3103091,3241410,3420629,3755160,2309345,2779419,3459020,3415944,3262140,3680255,4889695,2442186,2765412,4494172,4490329,2153249,3643450,2959700,3863967,3891204,4360455,5335643,2428093,4278300,3986657,4920189,5596658,4884074,6053565,3209217,5334921,4843848,6720937,6461973,6171655,7311058,3779525,5734616,NA,4624847,6955463,7932495,8669908,1638068,3048368,3316034,2900261,3732969,4916179,5802320,2596063,4564092,4909441,4834193,6330798,7321681,5765994,3426203,5783754,5539768,5159373,7257352,7695975,7734461
"Sorbitol_(6TMS)_MP_RI:1926_IDENT:A+D","205.0 217.0 129.0 103.0 117.0 207.0 220.0 132.0 104.0 119.0 ",7991569,10698225,13302973,5341631,5731731,6558671,7394664,7336230,8686827,10667781,5532883,5958644,6849533,7732660,7920795,9649489,11096749,6236546,6612404,7670119,8925162,5623931,7124419,7312294,8460983,8954958,10058940,11569352,6340409,7999794,8417497,9459025,10078390,11020140,11965522,6975768,8658952,9447357,10282201,11471314,12233433,14458018,4706005,9401309,NA,11483809,11770694,13854650,13294222,3463341,7557334,8944733,9627436,10986848,12266561,16324380,4638948,9377008,11087772,12679573,14267398,14916957,14043187,4490181,8814928,11120181,12509340,13938823,14597913,13580928
"Spermidine_(4TMS)_BP_RI:2189_IDENT:A+C","86.0 100.0 200.0 174.0 201.0 ",40235,38971,183407,59193,31357,30816,53339,9468,16352,24911,309243,94862,140052,NA,29118,30017,54038,431065,106636,272780,59751,237708,108447,26610,34055,44659,111337,74560,487077,359338,117560,71851,135125,194594,291644,735872,456023,172710,217121,327178,449375,689692,709421,457010,NA,454799,808051,673720,348390,265088,NA,29149,37563,132661,232285,161754,370931,148534,69638,224597,526645,514040,135435,538829,317715,211922,357834,805994,560735,395200
"Succinic acid_(2TMS)_MP_RI:1327_IDENT:A+D","149.0 247.0 129.0 133.0 172.0 249.0 251.0 ",594342,763789,1158391,561015,512415,605109,582889,576067,700300,968846,569746,487373,594498,591601,558948,725301,1075369,628762,568620,810802,657091,477214,641697,495874,593149,615088,723150,913516,511315,650228,593895,659418,694223,804611,1003701,640066,805316,613557,800139,813427,852737,1026007,481589,797164,62262,759982,1149000,1328298,1322489,285122,700017,719753,732851,1138831,1284640,1317149,457565,734780,785799,874663,1179106,1416126,1401113,449416,825569,810944,849564,1206589,1351736,1279424
"Sucrose_(8TMS)_MP_RI:2632_IDENT:A+C","169.0 103.0 217.0 129.0 361.0 220.0 174.0 104.0 132.0 367.0 ",729948,927218,1122162,567790,570091,791882,693018,830150,816495,995096,616596,559793,696302,696310,684120,841166,1140475,776926,671820,957493,740925,678623,810887,1209786,997343,969026,1529438,1086634,797244,889264,1432494,931603,1058192,1273571,1348345,787568,944345,1381895,1433618,1214124,1726535,1278759,1742262,1685524,NA,1145256,1281029,1662519,1375850,1373276,1722734,1105360,1036729,1085631,1640726,1285996,1746776,1550178,1329846,1702187,1477448,1518654,1628739,1812279,1623584,1442042,1212571,1377592,1589663,1403346
"Threonine_(2TMS)_BP_RI:1303_IDENT:C+D","146.0 87.0 130.0 117.0 131.0 ",7674350,12126249,11324623,3657854,4483783,6914160,7985966,5916278,9128489,9066635,3683035,3754405,5979980,9426884,6846645,10482240,9115541,5289263,6185892,14669251,8559630,3612625,8126284,6809508,7457004,9293416,7836519,8702804,4543579,6715213,11287586,8761843,10367947,10029589,9712739,6459897,12514937,10151416,16884359,16909539,10505631,10788322,3667930,7215010,NA,6207487,8003771,7521879,6156435,1749733,9991542,9690926,8894055,13604946,11187878,8207451,5929040,7910393,7025374,7622247,9784245,9216903,10870423,3275509,6736761,6867822,6056923,7830229,7449992,6337113
"Threonine_(3TMS)_MP_RI:1397_IDENT:C+D","218.0 117.0 101.0 100.0 219.0 ",38610184,36295006,42651597,21348304,33527502,44054888,42988778,36770827,35259890,33320795,22096372,33958375,45048952,43970200,35304408,34235524,39847811,22921323,35748029,50971730,52289364,23085644,45598983,34017350,44806424,41810175,42332974,36748968,23958805,51011713,39064524,48276737,51901063,41449542,39742964,26015643,54877589,43526086,49618377,47640024,46621030,42835080,17852632,29436834,11766,26546812,33128025,32464391,22567284,9424594,16753905,19137338,18438449,21485212,22696897,18278460,12861668,25826422,29641644,27832965,33187906,31539138,15802374,16378984,30070953,30773253,29199412,34663930,31059288,20097485
"Thymine_(2TMS)_MP_RI:1410_IDENT:B+D","270.0 256.0 255.0 113.0 100.0 ",169011,243537,291292,85397,70343,92355,89558,78260,97535,132640,NA,121687,170561,123574,105830,179299,162649,92294,158563,268364,203472,81196,162252,103580,146857,159220,176661,240992,NA,245077,238751,169924,230811,204579,280560,NA,278784,275707,273871,303930,297567,352257,NA,NA,NA,NA,NA,NA,NA,NA,NA,NA,NA,NA,NA,NA,NA,NA,NA,NA,NA,NA,NA,NA,NA,NA,NA,NA,NA,NA
"Tyrosine_(3TMS)_MP_RI:1933_IDENT:B+D","218.0 100.0 179.0 219.0 220.0 ",1940208,3434471,6021461,57197,71151,101171,144049,139836,178714,227239,99072,159096,3651901,162152,273998,587618,419088,1087805,3420640,809331,3810356,NA,NA,NA,NA,NA,NA,NA,NA,NA,NA,NA,NA,NA,NA,NA,NA,NA,NA,NA,NA,NA,294198,498325,NA,793758,788650,1008496,686894,297764,109098,123371,197001,343387,352844,598135,125396,277177,229457,377677,538042,681628,626682,241453,262012,341776,637434,977233,968585,678738
"Uracil_(2TMS)_MP_RI:1350_IDENT:A+C","126.0 100.0 99.0 113.0 241.0 ",3599113,3828094,4817945,1030645,2109549,3078628,2112719,2329832,2379996,2924457,1198513,2661950,2484997,3209414,2853553,4814398,5276812,1566326,2890810,4057757,3954771,NA,NA,NA,NA,NA,NA,NA,NA,2760276,3263419,4276135,NA,NA,3559305,NA,1909348,2151538,3271424,3298974,3914698,3868778,1827183,2348421,NA,2197440,2556708,2912158,2750775,NA,NA,NA,NA,1708617,2090147,2143923,NA,2670070,2023690,2213389,2230032,2566015,2120145,1014816,1628963,3756629,2319966,2731057,2599499,2261760
"Urea_(2TMS)_MP_RI:1249_IDENT:A+C","189.0 87.0 171.0 99.0 100.0 ",4372037,5054187,6181573,2939609,3058139,5074653,3876337,4008283,4707685,5180686,3044388,3322222,5517240,4006058,4215035,5269470,5803927,3216292,3707944,6222046,4368165,3177599,4471921,3661608,4021288,4628629,6467013,5252310,3422399,4831605,4450228,4455955,5378055,6827472,5742071,3772716,5263189,4515149,5046391,5786772,7584917,6058148,3134007,5174760,NA,4951653,6613540,7582096,5385605,1971976,5518080,4574190,4607440,5552710,6956611,5183176,2568996,4730276,5195214,5348706,6190516,7439977,4896612,NA,4988042,5465335,NA,6484777,7472622,NA
"Uridine 5'-monophosphate_(5TMS)_MP_RI:2878_IDENT:B+C","315.0 211.0 169.0 299.0 129.0 ",2493441,3559598,7265193,217559,142450,138524,444693,213605,317355,441051,323821,NA,2014599,1229798,1323653,2212426,3633455,329612,1783782,1049635,2929312,NA,NA,NA,NA,NA,NA,NA,NA,NA,NA,NA,NA,NA,NA,NA,NA,NA,NA,NA,NA,NA,NA,NA,NA,NA,NA,NA,NA,130082,NA,NA,NA,NA,NA,NA,NA,49189,NA,82914,83629,235650,NA,NA,NA,NA,NA,NA,NA,NA
"Uridine 5'-monophosphate_(5TMS)_SP_RI:2881_GMDpred","133.0 211.0 315.0 169.0 299.0 ",2265857,NA,5884223,81270,173761,130694,282697,161144,234749,424023,114421,1128889,1658007,962711,1095413,1741733,2867771,286926,NA,845207,NA,93877,146049,280041,422032,515997,2048337,2690489,96471,547904,1106793,1617633,1752582,2073138,2744050,80266,598727,1205795,2224096,1903538,2084690,2721424,9053,17592,NA,30511,46618,69922,30875,117682,16926,14114,15818,21828,77357,163139,6651,39613,47021,96029,154436,204795,75289,26611,10677,18320,16793,30524,88341,48164
"Valine_(1TMS)_BP_RI:1084_IDENT:B+D","130.0 87.0 103.0 156.0 146.0 ",513321,736127,717922,346985,388633,486649,581091,427766,508802,508504,320118,352199,367824,498050,364611,563178,676685,435971,311085,957262,606892,462979,676897,541114,626620,645044,635755,773696,511777,619967,704122,643132,776114,704631,764072,614583,905760,794665,905835,940134,721676,779511,517902,906543,NA,840330,972525,949692,930460,129475,875085,923193,809471,1241517,1275040,1021725,670746,847111,879759,885615,1082502,1001319,1154629,560374,946085,913914,865657,1040638,912556,855206
"Valine_(2TMS)_MP_RI:1212_IDENT:B+D","146.0 145.0 144.0 218.0 100.0 ",8071357,9126132,10834343,6834573,7273138,9193466,9196047,7874911,9049106,9294853,7108853,7087282,9736282,9624282,8118499,9180919,9342353,7173426,9073298,10910346,9616437,7824899,11420620,8764965,9745285,9518101,9604145,9485261,8120803,11819542,10673019,10586204,10631892,9757736,9902439,9561365,13093949,10579431,12078355,11104773,10888787,10697401,6384026,10105468,34449,8922046,10529362,10047718,7866753,4978272,7921685,9255985,8259083,9326479,9041220,7210117,5510176,9465971,11022872,10674187,11953892,10782528,6987986,5919133,9958434,10475821,9842793,11025907,10162340,7301503
"Xylose_(1MEOX)(4TMS)_BP_RI:1642_IDENT:A+C","117.0 103.0 217.0 89.0 133.0 ",208320,173765,228968,381688,368738,219492,366693,302633,292213,315137,404781,361969,243753,370040,287864,349792,263028,456513,328453,448142,372419,NA,NA,NA,NA,NA,NA,NA,NA,NA,NA,NA,NA,NA,NA,NA,NA,NA,NA,NA,NA,NA,NA,NA,NA,NA,NA,NA,NA,NA,NA,NA,NA,NA,NA,NA,NA,NA,NA,NA,NA,NA,NA,NA,NA,NA,NA,NA,NA,NA
"Xylose_(1MEOX)(4TMS)_MP_RI:1651_IDENT:A+C","217.0 103.0 133.0 89.0 307.0 ",108424,127607,160363,94667,70028,61235,119635,137553,153484,189244,97970,91741,67611,112578,154277,178884,131564,125005,86030,136498,163572,37730,158902,127888,169555,174677,223319,298358,101770,216698,105313,133171,166883,204020,292606,69749,153582,195659,166033,163622,162147,224080,90129,169414,NA,216861,221694,249349,220606,92025,152893,173067,192559,243739,267669,192674,76636,174329,187476,175383,234551,195189,271746,147207,NA,175004,171335,243837,258060,221254
"Aconitic acid_ cis-_(3TMS)_MP_RI:1747_IDENT:A+D","97.0 133.0 211.0 229.0 149.0 ",NA,NA,NA,NA,NA,NA,NA,NA,NA,NA,NA,NA,NA,NA,NA,NA,NA,NA,NA,NA,NA,79048,NA,NA,71330,82058,88439,127226,70888,NA,53111,64206,75460,81107,124167,67120,NA,48872,78477,83178,92995,137994,NA,NA,NA,NA,NA,NA,NA,NA,NA,NA,NA,NA,NA,NA,NA,NA,NA,NA,NA,NA,NA,NA,NA,NA,NA,NA,NA,NA
"Adenine_(2TMS)_MP_RI:1866_IDENT:C+D","192.0 265.0 99.0 264.0 279.0 ",NA,NA,NA,NA,NA,NA,NA,NA,NA,NA,NA,NA,NA,NA,NA,NA,NA,NA,NA,NA,NA,278253,401895,335170,322220,695488,613229,715156,496829,829404,843847,958815,936049,782345,1044573,754224,1260320,1195544,1388186,1452504,1398413,1775695,322463,1160883,NA,1639406,2028653,1846025,862431,262321,481875,510026,918574,1141378,870471,803040,325614,894239,1075353,1329438,1809376,1503899,657400,372110,1102655,1318132,1625995,2105125,1664560,863318
"Aspartic acid_(2TMS)_BP_RI:1433_IDENT:A+C","117.0 116.0 100.0 130.0 160.0 163.0 132.0 102.0 118.0 ",NA,NA,NA,NA,NA,NA,NA,NA,NA,NA,NA,NA,NA,NA,NA,NA,NA,NA,NA,NA,NA,7171617,7812014,5961506,4878390,4869581,3203039,2955261,6545312,6462405,5030139,4795517,4109301,3439216,3023468,6582197,6406854,5973338,5232502,4958667,3883190,3081522,3041953,6782738,NA,3442747,3870153,1557356,2774138,2431649,7853035,5577688,4046426,5620005,3663483,2799157,6738820,5824141,4090309,3098929,3621440,2989476,3285520,4996658,3984672,4710426,3527149,3707716,NA,2763925
"Aspartic acid_(3TMS)_MP_RI:1517_IDENT:A+C","233.0 100.0 218.0 232.0 117.0 220.0 235.0 119.0 102.0 ",NA,NA,NA,NA,NA,NA,NA,NA,NA,NA,NA,NA,NA,NA,NA,NA,NA,NA,NA,NA,NA,18602606,NA,NA,11705629,9385115,5734890,NA,23411431,26260116,NA,14805543,13892209,6514041,NA,30429528,34254121,NA,NA,NA,NA,NA,NA,NA,NA,NA,NA,NA,NA,NA,NA,NA,NA,NA,NA,NA,NA,NA,NA,NA,NA,NA,NA,NA,NA,NA,NA,NA,NA,NA
"Erythritol_(4TMS)_MP_RI:1503_IDENT:A+B","133.0 117.0 129.0 103.0 217.0 ",NA,NA,NA,NA,NA,NA,NA,NA,NA,NA,NA,NA,NA,NA,NA,NA,NA,NA,NA,NA,NA,942990,NA,NA,1188046,NA,1185692,NA,NA,1299908,1276098,1202581,1340591,1255520,NA,NA,1649062,NA,1415240,1532883,1313403,NA,NA,NA,NA,NA,NA,NA,NA,NA,NA,NA,NA,NA,NA,NA,NA,NA,NA,NA,NA,NA,NA,NA,NA,NA,NA,NA,NA,NA
"Fructose_(1MEOX)(5TMS)_BP_RI:1872_IDENT:B+C","217.0 133.0 117.0 89.0 103.0 220.0 ",NA,NA,NA,NA,NA,NA,NA,NA,NA,NA,NA,NA,NA,NA,NA,NA,NA,NA,NA,NA,NA,2290272,2401578,2017137,2190245,2010707,2107849,3299561,2316233,2449916,2068872,2048826,1933926,2133019,3409554,2524102,2519997,2181576,2269225,2181692,2349793,3745523,1970255,3651922,NA,3860141,4845720,4285780,4827431,1614384,2966062,3505379,3375914,4265941,3812689,5071119,1967982,3498153,4148375,4097573,5267858,4486294,5187372,1961407,3465702,4132484,3911228,5251613,4431507,5133825
"Glucosamine_(1MEOX)(5TMS)_MP_RI:1932_IDENT:A+B","103.0 117.0 159.0 205.0 129.0 ",NA,NA,NA,NA,NA,NA,NA,NA,NA,NA,NA,NA,NA,NA,NA,NA,NA,NA,NA,NA,NA,109172,255925,164224,339925,289224,353239,487230,119870,275196,218897,233616,277945,513545,656158,135641,197141,242537,272218,285752,369665,492983,NA,NA,NA,NA,NA,NA,NA,NA,NA,NA,NA,NA,NA,NA,NA,NA,NA,NA,NA,NA,NA,NA,NA,NA,NA,NA,NA,NA
"Glutamic acid_(2TMS)_BP_RI:1533_IDENT:A+B","174.0 156.0 158.0 140.0 186.0 178.0 162.0 144.0 191.0 ",NA,NA,NA,NA,NA,NA,NA,NA,NA,NA,NA,NA,NA,NA,NA,NA,NA,NA,NA,NA,NA,26388036,37534342,32641211,30282852,35552992,25939424,24846677,24013689,32439830,27014623,29098183,31148388,28552124,25148875,23637136,34737929,31278123,29812894,34431821,29718572,24358028,31266784,28810179,NA,25416078,31163463,38124040,21698559,17160645,37461420,41004288,38592367,56869231,32132276,20762120,14458877,36965785,40090216,17981912,49012551,31479960,20917727,25914374,51458653,31456897,27943049,59877053,39832815,21814196
"Glyceric acid-2-phosphate_(4TMS)_SP_RI:1766_GMDpred","211.0 217.0 315.0 299.0 369.0 ",NA,NA,NA,NA,NA,NA,NA,NA,NA,NA,NA,NA,NA,NA,NA,NA,NA,NA,NA,NA,NA,115834,213572,129504,163484,165401,153333,NA,151796,255896,175531,208579,100128,NA,NA,158155,309162,217997,264761,255438,314431,502774,NA,NA,NA,NA,NA,NA,NA,NA,NA,NA,NA,NA,NA,NA,NA,NA,NA,NA,NA,NA,NA,NA,NA,NA,NA,NA,NA,NA
"Homocysteine_(2TMS)_SP_RI:1583_GMDpred","189.0 173.0 119.0 100.0 162.0 ",NA,NA,NA,NA,NA,NA,NA,NA,NA,NA,NA,NA,NA,NA,NA,NA,NA,NA,NA,NA,NA,1198284,1928668,1108594,1322453,1288910,1246026,1187548,1164120,2898348,1230345,1912231,1830565,1310708,2017863,1349591,3057109,2450358,2487660,2332070,2106866,2672340,NA,NA,NA,NA,NA,NA,NA,NA,NA,NA,NA,NA,NA,NA,NA,NA,NA,NA,NA,NA,NA,NA,NA,NA,NA,NA,NA,NA
"Methionine_(2TMS)_MP_RI:1516_IDENT:C+D","128.0 177.0 100.0 129.0 176.0 ",NA,NA,NA,NA,NA,NA,NA,NA,NA,NA,NA,NA,NA,NA,NA,NA,NA,NA,NA,NA,NA,11133227,9527635,6540343,9289138,8373817,6722710,5636216,13147227,16580256,9681502,11559145,11539117,7614726,7204595,17015275,20982714,11255354,10609852,9398640,9148367,8631859,NA,NA,NA,NA,NA,NA,NA,NA,NA,NA,NA,NA,NA,NA,NA,NA,NA,NA,NA,NA,NA,NA,NA,NA,NA,NA,NA,NA
"Noradrenaline_(5TMS)_SP_RI:2148_GMDpred","86.0 176.0 174.0 355.0 175.0 ",NA,NA,NA,NA,NA,NA,NA,NA,NA,NA,NA,NA,NA,NA,NA,NA,NA,NA,NA,NA,NA,184378,256272,239245,224171,258466,229053,276948,238528,320445,332206,397700,389918,295116,389824,264503,381784,422537,435638,436667,401354,494654,NA,NA,NA,NA,NA,NA,NA,NA,NA,NA,NA,NA,NA,NA,NA,NA,NA,NA,NA,NA,NA,NA,NA,NA,NA,NA,NA,NA
"Ribulose-5-phosphate_(1MEOX)(5TMS)_MP_RI:2112_IDENT:A+B","103.0 357.0 101.0 89.0 133.0 ",NA,NA,NA,NA,NA,NA,NA,NA,NA,NA,NA,NA,NA,NA,NA,NA,NA,NA,NA,NA,NA,NA,83126,NA,62388,71030,104560,161516,NA,107117,133681,121287,159632,179184,137883,NA,104265,127601,200018,144693,159283,95309,321104,NA,NA,468476,1303113,NA,1247261,202624,697546,NA,759403,NA,NA,NA,264705,920257,NA,NA,NA,NA,1517434,NA,825051,929625,984646,1647336,NA,1411811
"Acetoacetic acid_(2TMS)_MP_RI:1239_GMDpred","99.0 157.0 231.0 149.0 133.0 ",NA,NA,NA,NA,NA,NA,NA,NA,NA,NA,NA,NA,NA,NA,NA,NA,NA,NA,NA,NA,NA,NA,NA,NA,NA,NA,NA,NA,NA,NA,NA,NA,NA,NA,NA,NA,NA,NA,NA,NA,NA,NA,153202,651141,NA,399526,1106686,905874,792913,87804,305984,251426,395822,742026,NA,NA,332668,555977,757476,565057,584345,921083,NA,569357,438956,864079,647941,881650,1114103,805611
"Glucuronic acid_(1MEOX)(5TMS)_BP_RI:1944_IDENT:A+C","333.0 160.0 133.0 89.0 103.0 ",NA,NA,NA,NA,NA,NA,NA,NA,NA,NA,NA,NA,NA,NA,NA,NA,NA,NA,NA,NA,NA,NA,NA,NA,NA,NA,NA,NA,NA,NA,NA,NA,NA,NA,NA,NA,NA,NA,NA,NA,NA,NA,199500,777691,NA,984100,2998123,2833557,2387104,NA,955768,NA,NA,NA,NA,3936647,130106,1086124,1497250,1719488,1250107,2230058,5618475,311785,969933,1737389,1892228,3122281,2875107,4168332
"Glutaric acid_ 2-hydroxy-_(3TMS)_MP_RI:1577_IDENT:A+D","157.0 149.0 247.0 203.0 129.0 251.0 ",NA,NA,NA,NA,NA,NA,NA,NA,NA,NA,NA,NA,NA,NA,NA,NA,NA,NA,NA,NA,NA,NA,NA,NA,NA,NA,NA,NA,NA,NA,NA,NA,NA,NA,NA,NA,NA,NA,NA,NA,NA,NA,200188,758943,NA,482942,803218,578394,302598,380186,718970,450224,716426,511420,477290,318773,252257,498954,548733,583736,923858,551762,329422,243137,NA,682353,641101,1127070,504619,289677
"Pyridine_ 2-hydroxy-_(1TMS)_SP_RI:1032_GMDpred","122.0 166.0 153.0 167.0 152.0 ",NA,NA,NA,NA,NA,NA,NA,NA,NA,NA,NA,NA,NA,NA,NA,NA,NA,NA,NA,NA,NA,NA,NA,NA,NA,NA,NA,NA,NA,NA,NA,NA,NA,NA,NA,NA,NA,NA,NA,NA,NA,NA,212476,425597,NA,342554,460350,405248,351434,132303,209019,222954,174708,224457,191917,191920,161785,366219,354688,350176,401740,319207,299017,231956,438675,467394,368988,494872,400450,353653
"Ribulose_(1MEOX)(4TMS)_MP_RI:1667_GMDpred","173.0 205.0 103.0 89.0 117.0 ",NA,NA,NA,NA,NA,NA,NA,NA,NA,NA,NA,NA,NA,NA,NA,NA,NA,NA,NA,NA,NA,NA,NA,NA,NA,NA,NA,NA,NA,NA,NA,NA,NA,NA,NA,NA,NA,NA,NA,NA,NA,NA,387367,564594,NA,493289,473032,613356,345595,238697,453738,390069,405230,498407,444963,388847,257123,564972,543202,616479,643214,610306,331138,327583,665743,480439,531582,525244,509522,338180
"Uridine_(3TMS)_MP_RI:2469_IDENT:A+D","99.0 103.0 169.0 217.0 129.0 ",NA,NA,NA,NA,NA,NA,NA,NA,NA,NA,NA,NA,NA,NA,NA,NA,NA,NA,NA,NA,NA,NA,NA,NA,NA,NA,NA,NA,NA,NA,NA,NA,NA,NA,NA,NA,NA,NA,NA,NA,NA,NA,78244,130018,NA,138058,194851,201607,NA,NA,NA,124510,111576,139373,238577,NA,NA,139342,156979,172839,228473,231815,NA,NA,NA,142981,162428,418252,NA,NA
