file,metabolite,quantMasses,intensity,rt,ri
e18057cz_3_IdentA.cdf,c10,71;85;99,1.71487749E8,410.0,1000.0
e18057cz_3_IdentA.cdf,c12,71;85;99,1.188363E8,711.4,1200.0
e18057cz_3_IdentA.cdf,c15,71;85;99,1.70362854E8,1114.6,1500.0
e18057cz_3_IdentA.cdf,c17,71;85;99,1.85407885E8,1322.4,1700.0
e18057cz_3_IdentA.cdf,c19,71;85;99,1.74946845E8,1499.2,1900.0
e18057cz_3_IdentA.cdf,c22,71;85;99,1.70745778E8,1682.8,2200.0
e18057cz_3_IdentA.cdf,c28,71;85;99,1.40390745E8,1933.6,2800.0
e18057cz_3_IdentA.cdf,c32,71;85;99,1.16625829E8,2068.0,3200.0
e18057cz_3_IdentA.cdf,c36,71;85;99,1.01375708E8,2252.0,3600.0
e18057cz_4_IdentB.cdf,c10,71;85;99,1.53756091E8,409.6,1000.0
e18057cz_4_IdentB.cdf,c12,71;85;99,1.1451798E8,711.2,1200.0
e18057cz_4_IdentB.cdf,c15,71;85;99,2.02323565E8,1114.6,1500.0
e18057cz_4_IdentB.cdf,c17,71;85;99,1.91622703E8,1322.4,1700.0
e18057cz_4_IdentB.cdf,c19,71;85;99,1.86720758E8,1499.2,1900.0
e18057cz_4_IdentB.cdf,c22,71;85;99,1.72087041E8,1682.8,2200.0
e18057cz_4_IdentB.cdf,c28,71;85;99,1.40364364E8,1933.4,2800.0
e18057cz_4_IdentB.cdf,c32,71;85;99,1.16399316E8,2068.0,3200.0
e18057cz_4_IdentB.cdf,c36,71;85;99,1.01563207E8,2252.0,3600.0
e18057cz_5_IdentC.cdf,c10,71;85;99,1.52563384E8,409.8,1000.0
e18057cz_5_IdentC.cdf,c12,71;85;99,1.1332841E8,711.2,1200.0
e18057cz_5_IdentC.cdf,c15,71;85;99,1.97660052E8,1114.6,1500.0
e18057cz_5_IdentC.cdf,c17,71;85;99,1.86103835E8,1322.4,1700.0
e18057cz_5_IdentC.cdf,c19,71;85;99,1.71776587E8,1499.2,1900.0
e18057cz_5_IdentC.cdf,c22,71;85;99,1.65661079E8,1682.8,2200.0
e18057cz_5_IdentC.cdf,c28,71;85;99,1.36256036E8,1933.6,2800.0
e18057cz_5_IdentC.cdf,c32,71;85;99,1.13296786E8,2068.0,3200.0
e18057cz_5_IdentC.cdf,c36,71;85;99,9.7949754E7,2251.8,3600.0
e18057cz_6_IdentD.cdf,c10,71;85;99,1.57397508E8,409.8,1000.0
e18057cz_6_IdentD.cdf,c12,71;85;99,1.15749652E8,711.2,1200.0
e18057cz_6_IdentD.cdf,c15,71;85;99,1.6535164E8,1114.6,1500.0
e18057cz_6_IdentD.cdf,c17,71;85;99,1.80205045E8,1322.4,1700.0
e18057cz_6_IdentD.cdf,c19,71;85;99,1.73266836E8,1499.4,1900.0
e18057cz_6_IdentD.cdf,c22,71;85;99,1.6418075E8,1683.0,2200.0
e18057cz_6_IdentD.cdf,c28,71;85;99,1.33756256E8,1933.6,2800.0
e18057cz_6_IdentD.cdf,c32,71;85;99,1.11827633E8,2068.0,3200.0
e18057cz_6_IdentD.cdf,c36,71;85;99,9.7503358E7,2252.0,3600.0
e18060cz_10_Quant1_2.cdf,c10,71;85;99,1.76024422E8,409.0,1000.0
e18060cz_10_Quant1_2.cdf,c12,71;85;99,1.54690223E8,710.8,1200.0
e18060cz_10_Quant1_2.cdf,c15,71;85;99,2.73948425E8,1114.4,1500.0
e18060cz_10_Quant1_2.cdf,c17,71;85;99,3.0486539E8,1322.2,1700.0
e18060cz_10_Quant1_2.cdf,c19,71;85;99,3.00586491E8,1499.2,1900.0
e18060cz_10_Quant1_2.cdf,c22,71;85;99,2.84036792E8,1682.8,2200.0
e18060cz_10_Quant1_2.cdf,c28,71;85;99,2.29833052E8,1933.2,2800.0
e18060cz_10_Quant1_2.cdf,c32,71;85;99,1.94347227E8,2067.6,3200.0
e18060cz_10_Quant1_2.cdf,c36,71;85;99,1.73926513E8,2251.0,3600.0
e18060cz_11_Quant1_1.cdf,c10,71;85;99,1.83922133E8,408.6,1000.0
e18060cz_11_Quant1_1.cdf,c12,71;85;99,1.66693983E8,710.8,1200.0
e18060cz_11_Quant1_1.cdf,c15,71;85;99,2.96439357E8,1114.8,1500.0
e18060cz_11_Quant1_1.cdf,c17,71;85;99,3.25223806E8,1322.2,1700.0
e18060cz_11_Quant1_1.cdf,c19,71;85;99,3.1187771E8,1499.2,1900.0
e18060cz_11_Quant1_1.cdf,c22,71;85;99,2.66233966E8,1682.6,2200.0
e18060cz_11_Quant1_1.cdf,c28,71;85;99,2.23855865E8,1933.2,2800.0
e18060cz_11_Quant1_1.cdf,c32,71;85;99,2.15014129E8,2067.6,3200.0
e18060cz_11_Quant1_1.cdf,c36,71;85;99,1.98680905E8,2250.8,3600.0
e18060cz_4_Quant1_200.cdf,c10,71;85;99,1.55433477E8,408.4,1000.0
e18060cz_4_Quant1_200.cdf,c12,71;85;99,1.13860974E8,710.8,1200.0
e18060cz_4_Quant1_200.cdf,c15,71;85;99,1.84719792E8,1114.2,1500.0
e18060cz_4_Quant1_200.cdf,c17,71;85;99,1.74017386E8,1322.0,1700.0
e18060cz_4_Quant1_200.cdf,c19,71;85;99,1.73630432E8,1499.0,1900.0
e18060cz_4_Quant1_200.cdf,c22,71;85;99,1.80315859E8,1682.6,2200.0
e18060cz_4_Quant1_200.cdf,c28,71;85;99,1.35790566E8,1933.2,2800.0
e18060cz_4_Quant1_200.cdf,c32,71;85;99,1.15940857E8,2067.4,3200.0
e18060cz_4_Quant1_200.cdf,c36,71;85;99,1.12941727E8,2250.6,3600.0
e18060cz_5_Quant1_100.cdf,c10,71;85;99,1.73172447E8,408.4,1000.0
e18060cz_5_Quant1_100.cdf,c12,71;85;99,1.31031535E8,710.8,1200.0
e18060cz_5_Quant1_100.cdf,c15,71;85;99,2.07410527E8,1114.4,1500.0
e18060cz_5_Quant1_100.cdf,c17,71;85;99,1.75401231E8,1322.2,1700.0
e18060cz_5_Quant1_100.cdf,c19,71;85;99,1.8737033E8,1499.0,1900.0
e18060cz_5_Quant1_100.cdf,c22,71;85;99,2.07300242E8,1682.8,2200.0
e18060cz_5_Quant1_100.cdf,c28,71;85;99,1.52129955E8,1933.2,2800.0
e18060cz_5_Quant1_100.cdf,c32,71;85;99,1.27964985E8,2067.4,3200.0
e18060cz_5_Quant1_100.cdf,c36,71;85;99,1.17140714E8,2250.8,3600.0
e18060cz_6_Quant1_50.cdf,c10,71;85;99,1.74100951E8,408.8,1000.0
e18060cz_6_Quant1_50.cdf,c12,71;85;99,1.34151469E8,710.8,1200.0
e18060cz_6_Quant1_50.cdf,c15,71;85;99,2.20206031E8,1114.4,1500.0
e18060cz_6_Quant1_50.cdf,c17,71;85;99,1.98280146E8,1322.2,1700.0
e18060cz_6_Quant1_50.cdf,c19,71;85;99,2.07125459E8,1499.0,1900.0
e18060cz_6_Quant1_50.cdf,c22,71;85;99,2.21005445E8,1682.6,2200.0
e18060cz_6_Quant1_50.cdf,c28,71;85;99,1.59665075E8,1933.0,2800.0
e18060cz_6_Quant1_50.cdf,c32,71;85;99,1.33050284E8,2067.4,3200.0
e18060cz_6_Quant1_50.cdf,c36,71;85;99,1.23559752E8,2250.6,3600.0
e18060cz_7_Quant1_20.cdf,c10,71;85;99,1.74866151E8,408.8,1000.0
e18060cz_7_Quant1_20.cdf,c12,71;85;99,1.47002736E8,710.8,1200.0
e18060cz_7_Quant1_20.cdf,c15,71;85;99,2.20971512E8,1114.2,1500.0
e18060cz_7_Quant1_20.cdf,c17,71;85;99,2.05935675E8,1322.0,1700.0
e18060cz_7_Quant1_20.cdf,c19,71;85;99,2.18586491E8,1499.0,1900.0
e18060cz_7_Quant1_20.cdf,c22,71;85;99,2.20095012E8,1682.6,2200.0
e18060cz_7_Quant1_20.cdf,c28,71;85;99,1.52100669E8,1933.2,2800.0
e18060cz_7_Quant1_20.cdf,c32,71;85;99,1.29030455E8,2067.4,3200.0
e18060cz_7_Quant1_20.cdf,c36,71;85;99,1.2600029E8,2250.8,3600.0
e18060cz_8_Quant1_10.cdf,c10,71;85;99,1.77792577E8,409.0,1000.0
e18060cz_8_Quant1_10.cdf,c12,71;85;99,1.48327942E8,710.8,1200.0
e18060cz_8_Quant1_10.cdf,c15,71;85;99,2.18215915E8,1114.2,1500.0
e18060cz_8_Quant1_10.cdf,c17,71;85;99,2.34314563E8,1322.0,1700.0
e18060cz_8_Quant1_10.cdf,c19,71;85;99,2.47941187E8,1499.0,1900.0
e18060cz_8_Quant1_10.cdf,c22,71;85;99,2.24383559E8,1682.6,2200.0
e18060cz_8_Quant1_10.cdf,c28,71;85;99,1.69021467E8,1933.0,2800.0
e18060cz_8_Quant1_10.cdf,c32,71;85;99,1.37018754E8,2067.4,3200.0
e18060cz_8_Quant1_10.cdf,c36,71;85;99,1.2490134E8,2250.6,3600.0
e18060cz_9_Quant1_5.cdf,c10,71;85;99,1.76475621E8,409.2,1000.0
e18060cz_9_Quant1_5.cdf,c12,71;85;99,1.48293628E8,710.8,1200.0
e18060cz_9_Quant1_5.cdf,c15,71;85;99,3243020.0,1098.4,1500.0
e18060cz_9_Quant1_5.cdf,c17,71;85;99,2.68699354E8,1322.4,1700.0
e18060cz_9_Quant1_5.cdf,c19,71;85;99,2.82039903E8,1499.0,1900.0
e18060cz_9_Quant1_5.cdf,c22,71;85;99,2.56762399E8,1682.6,2200.0
e18060cz_9_Quant1_5.cdf,c28,71;85;99,1.96767519E8,1933.2,2800.0
e18060cz_9_Quant1_5.cdf,c32,71;85;99,1.64030631E8,2067.4,3200.0
e18060cz_9_Quant1_5.cdf,c36,71;85;99,1.43649907E8,2250.8,3600.0
e18060cz_12_wash.cdf,c10,71;85;99,1.80741221E8,409.4,1000.0
e18060cz_12_wash.cdf,c12,71;85;99,1.40419995E8,710.8,1200.0
e18060cz_12_wash.cdf,c15,71;85;99,1.92359638E8,1114.2,1500.0
e18060cz_12_wash.cdf,c17,71;85;99,1.95453752E8,1322.0,1700.0
e18060cz_12_wash.cdf,c19,71;85;99,1.92172196E8,1499.0,1900.0
e18060cz_12_wash.cdf,c22,71;85;99,1.89645296E8,1682.6,2200.0
e18060cz_12_wash.cdf,c28,71;85;99,1.43125319E8,1933.0,2800.0
e18060cz_12_wash.cdf,c32,71;85;99,1.20939521E8,2067.4,3200.0
e18060cz_12_wash.cdf,c36,71;85;99,1.16740806E8,2250.6,3600.0
e18060cz_13.cdf,c10,71;85;99,1.82815344E8,408.4,1000.0
e18060cz_13.cdf,c12,71;85;99,1.52468155E8,710.8,1200.0
e18060cz_13.cdf,c15,71;85;99,2.44136762E8,1114.2,1500.0
e18060cz_13.cdf,c17,71;85;99,2.92295474E8,1322.0,1700.0
e18060cz_13.cdf,c19,71;85;99,2.67745067E8,1499.2,1900.0
e18060cz_13.cdf,c22,71;85;99,2.30202857E8,1682.6,2200.0
e18060cz_13.cdf,c28,71;85;99,2.04173674E8,1933.0,2800.0
e18060cz_13.cdf,c32,71;85;99,1.78731767E8,2067.4,3200.0
e18060cz_13.cdf,c36,71;85;99,1.52842665E8,2250.8,3600.0
e18060cz_14.cdf,c10,71;85;99,1.85732009E8,408.8,1000.0
e18060cz_14.cdf,c12,71;85;99,1.50811092E8,710.8,1200.0
e18060cz_14.cdf,c15,71;85;99,2.31688575E8,1114.4,1500.0
e18060cz_14.cdf,c17,71;85;99,2.60675838E8,1322.2,1700.0
e18060cz_14.cdf,c19,71;85;99,2.85095639E8,1499.4,1900.0
e18060cz_14.cdf,c22,71;85;99,2.60996369E8,1682.6,2200.0
e18060cz_14.cdf,c28,71;85;99,2.1177646E8,1933.2,2800.0
e18060cz_14.cdf,c32,71;85;99,1.78920842E8,2067.4,3200.0
e18060cz_14.cdf,c36,71;85;99,1.54428463E8,2251.0,3600.0
e18060cz_15.cdf,c10,71;85;99,1.82072254E8,408.6,1000.0
e18060cz_15.cdf,c12,71;85;99,1.44034288E8,710.8,1200.0
e18060cz_15.cdf,c15,71;85;99,2.23687765E8,1114.2,1500.0
e18060cz_15.cdf,c17,71;85;99,2.59505408E8,1322.0,1700.0
e18060cz_15.cdf,c19,71;85;99,2.79218044E8,1499.4,1900.0
e18060cz_15.cdf,c22,71;85;99,2.58129732E8,1682.8,2200.0
e18060cz_15.cdf,c28,71;85;99,2.4539665E8,1933.4,2800.0
e18060cz_15.cdf,c32,71;85;99,1.7215831E8,2067.6,3200.0
e18060cz_15.cdf,c36,71;85;99,1.41176338E8,2250.8,3600.0
e18060cz_16.cdf,c10,71;85;99,1.92019572E8,409.0,1000.0
e18060cz_16.cdf,c12,71;85;99,1.55847646E8,710.8,1200.0
e18060cz_16.cdf,c15,71;85;99,2.44912101E8,1114.2,1500.0
e18060cz_16.cdf,c17,71;85;99,2.84377536E8,1322.0,1700.0
e18060cz_16.cdf,c19,71;85;99,3.04134132E8,1499.2,1900.0
e18060cz_16.cdf,c22,71;85;99,2.76825061E8,1682.6,2200.0
e18060cz_16.cdf,c28,71;85;99,2.31106749E8,1933.2,2800.0
e18060cz_16.cdf,c32,71;85;99,1.90364778E8,2067.6,3200.0
e18060cz_16.cdf,c36,71;85;99,1.69283174E8,2250.8,3600.0
e18060cz_17.cdf,c10,71;85;99,1.88094278E8,408.4,1000.0
e18060cz_17.cdf,c12,71;85;99,1.51602897E8,710.8,1200.0
e18060cz_17.cdf,c15,71;85;99,2.44388427E8,1114.4,1500.0
e18060cz_17.cdf,c17,71;85;99,2.73358595E8,1322.2,1700.0
e18060cz_17.cdf,c19,71;85;99,3.19404899E8,1499.6,1900.0
e18060cz_17.cdf,c22,71;85;99,2.80093169E8,1682.8,2200.0
e18060cz_17.cdf,c28,71;85;99,2.10663417E8,1933.2,2800.0
e18060cz_17.cdf,c32,71;85;99,1.80705329E8,2067.4,3200.0
e18060cz_17.cdf,c36,71;85;99,1.55065905E8,2251.0,3600.0
e18060cz_18.cdf,c10,71;85;99,1.78886036E8,408.2,1000.0
e18060cz_18.cdf,c12,71;85;99,1.42577915E8,710.6,1200.0
e18060cz_18.cdf,c15,71;85;99,6252343.0,1098.4,1500.0
e18060cz_18.cdf,c17,71;85;99,2.49672837E8,1322.0,1700.0
e18060cz_18.cdf,c19,71;85;99,2.88149211E8,1499.4,1900.0
e18060cz_18.cdf,c22,71;85;99,2.51160905E8,1682.6,2200.0
e18060cz_18.cdf,c28,71;85;99,1.92370096E8,1933.0,2800.0
e18060cz_18.cdf,c32,71;85;99,1.6155919E8,2067.4,3200.0
e18060cz_18.cdf,c36,71;85;99,1.40136329E8,2251.0,3600.0
e18060cz_20.cdf,c10,71;85;99,1.88187605E8,408.8,1000.0
e18060cz_20.cdf,c12,71;85;99,1.45943934E8,710.8,1200.0
e18060cz_20.cdf,c15,71;85;99,2.32364733E8,1114.2,1500.0
e18060cz_20.cdf,c17,71;85;99,2.81665887E8,1322.0,1700.0
e18060cz_20.cdf,c19,71;85;99,2.84942005E8,1499.2,1900.0
e18060cz_20.cdf,c22,71;85;99,2.69943491E8,1682.6,2200.0
e18060cz_20.cdf,c28,71;85;99,2.53899527E8,1933.2,2800.0
e18060cz_20.cdf,c32,71;85;99,1.87762326E8,2067.4,3200.0
e18060cz_20.cdf,c36,71;85;99,1.50373465E8,2251.0,3600.0
e18060cz_21.cdf,c10,71;85;99,1.95329149E8,408.8,1000.0
e18060cz_21.cdf,c12,71;85;99,1.51446686E8,710.8,1200.0
e18060cz_21.cdf,c15,71;85;99,2.44281765E8,1114.2,1500.0
e18060cz_21.cdf,c17,71;85;99,2.79545115E8,1322.0,1700.0
e18060cz_21.cdf,c19,71;85;99,3.04780729E8,1499.4,1900.0
e18060cz_21.cdf,c22,71;85;99,2.72948744E8,1682.6,2200.0
e18060cz_21.cdf,c28,71;85;99,2.15252568E8,1933.2,2800.0
e18060cz_21.cdf,c32,71;85;99,1.85459038E8,2067.6,3200.0
e18060cz_21.cdf,c36,71;85;99,1.57307782E8,2250.8,3600.0
e18060cz_22.cdf,c10,71;85;99,1.82629492E8,409.0,1000.0
e18060cz_22.cdf,c12,71;85;99,1.37235411E8,710.8,1200.0
e18060cz_22.cdf,c15,71;85;99,2.23099763E8,1114.2,1500.0
e18060cz_22.cdf,c17,71;85;99,2.64134643E8,1322.2,1700.0
e18060cz_22.cdf,c19,71;85;99,2.74290898E8,1499.2,1900.0
e18060cz_22.cdf,c22,71;85;99,2.44336388E8,1682.6,2200.0
e18060cz_22.cdf,c28,71;85;99,2.31954582E8,1933.4,2800.0
e18060cz_22.cdf,c32,71;85;99,1.68834167E8,2067.6,3200.0
e18060cz_22.cdf,c36,71;85;99,1.39842753E8,2250.8,3600.0
e18060cz_23.cdf,c10,71;85;99,2.00161114E8,408.6,1000.0
e18060cz_23.cdf,c12,71;85;99,1.51133351E8,710.8,1200.0
e18060cz_23.cdf,c15,71;85;99,7436351.0,1098.2,1500.0
e18060cz_23.cdf,c17,71;85;99,2.80438933E8,1322.2,1700.0
e18060cz_23.cdf,c19,71;85;99,3.29285994E8,1499.6,1900.0
e18060cz_23.cdf,c22,71;85;99,2.72049635E8,1682.8,2200.0
e18060cz_23.cdf,c28,71;85;99,2.08104583E8,1933.2,2800.0
e18060cz_23.cdf,c32,71;85;99,1.79267566E8,2067.6,3200.0
e18060cz_23.cdf,c36,71;85;99,1.56751714E8,2251.0,3600.0
e18060cz_24.cdf,c10,71;85;99,1.92953228E8,408.6,1000.0
e18060cz_24.cdf,c12,71;85;99,1.43226032E8,710.6,1200.0
e18060cz_24.cdf,c15,71;85;99,2.29012909E8,1114.2,1500.0
e18060cz_24.cdf,c17,71;85;99,2.70113175E8,1322.0,1700.0
e18060cz_24.cdf,c19,71;85;99,2.93872442E8,1499.4,1900.0
e18060cz_24.cdf,c22,71;85;99,2.5841093E8,1682.6,2200.0
e18060cz_24.cdf,c28,71;85;99,2.47744555E8,1933.4,2800.0
e18060cz_24.cdf,c32,71;85;99,1.74637003E8,2067.4,3200.0
e18060cz_24.cdf,c36,71;85;99,1.42253617E8,2250.8,3600.0
e18060cz_26.cdf,c10,71;85;99,1.97410149E8,408.2,1000.0
e18060cz_26.cdf,c12,71;85;99,1.49927604E8,710.6,1200.0
e18060cz_26.cdf,c15,71;85;99,2.6793037E8,1114.4,1500.0
e18060cz_26.cdf,c17,71;85;99,3.19669087E8,1322.2,1700.0
e18060cz_26.cdf,c19,71;85;99,3.21689107E8,1499.4,1900.0
e18060cz_26.cdf,c22,71;85;99,3.02138051E8,1682.6,2200.0
e18060cz_26.cdf,c28,71;85;99,2.82918173E8,1933.4,2800.0
e18060cz_26.cdf,c32,71;85;99,2.07777272E8,2067.6,3200.0
e18060cz_26.cdf,c36,71;85;99,1.64409208E8,2250.8,3600.0
e18060cz_29.cdf,c10,71;85;99,1.8986648E8,407.4,1000.0
e18060cz_29.cdf,c12,71;85;99,1.65442627E8,710.6,1200.0
e18060cz_29.cdf,c15,71;85;99,2.5128791E7,1098.6,1500.0
e18060cz_29.cdf,c17,71;85;99,4.03717389E8,1322.0,1700.0
e18060cz_29.cdf,c19,71;85;99,3.49132053E8,1499.4,1900.0
e18060cz_29.cdf,c22,71;85;99,3.166593E8,1682.6,2200.0
e18060cz_29.cdf,c28,71;85;99,2.6702169E8,1933.2,2800.0
e18060cz_29.cdf,c32,71;85;99,1.96805121E8,2067.6,3200.0
e18060cz_29.cdf,c36,71;85;99,1.62293566E8,2250.8,3600.0
e18060cz_30.cdf,c10,71;85;99,1.73217149E8,408.4,1000.0
e18060cz_30.cdf,c12,71;85;99,1.4592441E8,710.6,1200.0
e18060cz_30.cdf,c15,71;85;99,2.30103475E8,1114.2,1500.0
e18060cz_30.cdf,c17,71;85;99,2.71132732E8,1322.0,1700.0
e18060cz_30.cdf,c19,71;85;99,3.02774348E8,1499.4,1900.0
e18060cz_30.cdf,c22,71;85;99,2.62000474E8,1682.6,2200.0
e18060cz_30.cdf,c28,71;85;99,2.02568077E8,1933.2,2800.0
e18060cz_30.cdf,c32,71;85;99,1.69355876E8,2067.4,3200.0
e18060cz_30.cdf,c36,71;85;99,1.43992125E8,2251.0,3600.0
e18060cz_32.cdf,c10,71;85;99,1.79007617E8,408.4,1000.0
e18060cz_32.cdf,c12,71;85;99,1.52138731E8,710.6,1200.0
e18060cz_32.cdf,c15,71;85;99,2.32780787E8,1114.2,1500.0
e18060cz_32.cdf,c17,71;85;99,2.77358553E8,1322.0,1700.0
e18060cz_32.cdf,c19,71;85;99,2.7892791E8,1499.2,1900.0
e18060cz_32.cdf,c22,71;85;99,2.67408516E8,1682.6,2200.0
e18060cz_32.cdf,c28,71;85;99,2.61411779E8,1933.4,2800.0
e18060cz_32.cdf,c32,71;85;99,1.84172193E8,2067.6,3200.0
e18060cz_32.cdf,c36,71;85;99,1.51710436E8,2251.0,3600.0
e18060cz_33.cdf,c10,71;85;99,1.99977235E8,409.0,1000.0
e18060cz_33.cdf,c12,71;85;99,1.65277938E8,710.6,1200.0
e18060cz_33.cdf,c15,71;85;99,2.95835906E8,1114.2,1500.0
e18060cz_33.cdf,c17,71;85;99,3.49056826E8,1322.0,1700.0
e18060cz_33.cdf,c19,71;85;99,3.67463533E8,1499.8,1900.0
e18060cz_33.cdf,c22,71;85;99,3.28015368E8,1682.6,2200.0
e18060cz_33.cdf,c28,71;85;99,2.98931023E8,1933.0,2800.0
e18060cz_33.cdf,c32,71;85;99,2.27927306E8,2067.4,3200.0
e18060cz_33.cdf,c36,71;85;99,1.81624798E8,2250.8,3600.0
e18060cz_35.cdf,c10,71;85;99,1.92154084E8,407.8,1000.0
e18060cz_35.cdf,c12,71;85;99,1.53046864E8,710.6,1200.0
e18060cz_35.cdf,c15,71;85;99,2.60582288E8,1114.2,1500.0
e18060cz_35.cdf,c17,71;85;99,2.99245356E8,1322.0,1700.0
e18060cz_35.cdf,c19,71;85;99,3.13244888E8,1499.2,1900.0
e18060cz_35.cdf,c22,71;85;99,2.80647817E8,1682.6,2200.0
e18060cz_35.cdf,c28,71;85;99,2.73792381E8,1933.2,2800.0
e18060cz_35.cdf,c32,71;85;99,1.97356181E8,2067.4,3200.0
e18060cz_35.cdf,c36,71;85;99,1.54291165E8,2250.8,3600.0
e18060cz_36.cdf,c10,71;85;99,1.99598423E8,408.4,1000.0
e18060cz_36.cdf,c12,71;85;99,1.59007494E8,710.6,1200.0
e18060cz_36.cdf,c15,71;85;99,2.78711119E8,1114.2,1500.0
e18060cz_36.cdf,c17,71;85;99,3.27197015E8,1322.0,1700.0
e18060cz_36.cdf,c19,71;85;99,3.3035736E8,1499.2,1900.0
e18060cz_36.cdf,c22,71;85;99,3.01639993E8,1682.6,2200.0
e18060cz_36.cdf,c28,71;85;99,2.82429071E8,1933.4,2800.0
e18060cz_36.cdf,c32,71;85;99,2.04913001E8,2067.6,3200.0
e18060cz_36.cdf,c36,71;85;99,1.6336071E8,2250.8,3600.0
e18060cz_37.cdf,c10,71;85;99,2.06117846E8,409.0,1000.0
e18060cz_37.cdf,c12,71;85;99,1.62998823E8,710.8,1200.0
e18060cz_37.cdf,c15,71;85;99,2.85891392E8,1114.2,1500.0
e18060cz_37.cdf,c17,71;85;99,3.26201304E8,1322.0,1700.0
e18060cz_37.cdf,c19,71;85;99,3.54673881E8,1499.4,1900.0
e18060cz_37.cdf,c22,71;85;99,3.04774756E8,1682.6,2200.0
e18060cz_37.cdf,c28,71;85;99,2.49534235E8,1933.2,2800.0
e18060cz_37.cdf,c32,71;85;99,2.00664189E8,2067.6,3200.0
e18060cz_37.cdf,c36,71;85;99,1.75657571E8,2250.8,3600.0
e18060cz_38.cdf,c10,71;85;99,2.06200982E8,407.6,1000.0
e18060cz_38.cdf,c12,71;85;99,1.67502113E8,710.6,1200.0
e18060cz_38.cdf,c15,71;85;99,1.6700899E7,1098.4,1500.0
e18060cz_38.cdf,c17,71;85;99,3.42251593E8,1322.0,1700.0
e18060cz_38.cdf,c19,71;85;99,3.51930056E8,1499.4,1900.0
e18060cz_38.cdf,c22,71;85;99,3.01947591E8,1682.6,2200.0
e18060cz_38.cdf,c28,71;85;99,2.79068177E8,1933.4,2800.0
e18060cz_38.cdf,c32,71;85;99,1.9962699E8,2067.6,3200.0
e18060cz_38.cdf,c36,71;85;99,1.64492593E8,2250.8,3600.0
e18060cz_39.cdf,c10,71;85;99,2.07877061E8,408.4,1000.0
e18060cz_39.cdf,c12,71;85;99,1.67558795E8,710.6,1200.0
e18060cz_39.cdf,c15,71;85;99,2.95975513E8,1114.8,1500.0
e18060cz_39.cdf,c17,71;85;99,3.50556365E8,1322.0,1700.0
e18060cz_39.cdf,c19,71;85;99,3.75453112E8,1499.6,1900.0
e18060cz_39.cdf,c22,71;85;99,3.12614419E8,1682.8,2200.0
e18060cz_39.cdf,c28,71;85;99,2.775437E8,1933.4,2800.0
e18060cz_39.cdf,c32,71;85;99,2.09042253E8,2067.6,3200.0
e18060cz_39.cdf,c36,71;85;99,1.74267132E8,2250.8,3600.0
e18060cz_41.cdf,c10,71;85;99,2.05761883E8,408.2,1000.0
e18060cz_41.cdf,c12,71;85;99,1.64728256E8,710.6,1200.0
e18060cz_41.cdf,c15,71;85;99,3.05155503E8,1114.4,1500.0
e18060cz_41.cdf,c17,71;85;99,3.47456687E8,1322.0,1700.0
e18060cz_41.cdf,c19,71;85;99,3.63479927E8,1499.4,1900.0
e18060cz_41.cdf,c22,71;85;99,3.38856771E8,1682.6,2200.0
e18060cz_41.cdf,c28,71;85;99,3.15755869E8,1933.4,2800.0
e18060cz_41.cdf,c32,71;85;99,2.26220064E8,2067.4,3200.0
e18060cz_41.cdf,c36,71;85;99,1.82614708E8,2250.8,3600.0
e18060cz_42.cdf,c10,71;85;99,1.75221739E8,408.0,1000.0
e18060cz_42.cdf,c12,71;85;99,1.3898706E8,710.6,1200.0
e18060cz_42.cdf,c15,71;85;99,2.35817078E8,1114.2,1500.0
e18060cz_42.cdf,c17,71;85;99,2.76733054E8,1322.0,1700.0
e18060cz_42.cdf,c19,71;85;99,2.85619937E8,1499.2,1900.0
e18060cz_42.cdf,c22,71;85;99,2.58364712E8,1682.6,2200.0
e18060cz_42.cdf,c28,71;85;99,2.48223151E8,1933.2,2800.0
e18060cz_42.cdf,c32,71;85;99,1.73118588E8,2067.6,3200.0
e18060cz_42.cdf,c36,71;85;99,1.47219074E8,2250.8,3600.0
e18060cz_43.cdf,c10,71;85;99,2.07603117E8,408.6,1000.0
e18060cz_43.cdf,c12,71;85;99,1.7284043E8,710.6,1200.0
e18060cz_43.cdf,c15,71;85;99,3.13325798E8,1114.2,1500.0
e18060cz_43.cdf,c17,71;85;99,3.71907848E8,1322.0,1700.0
e18060cz_43.cdf,c19,71;85;99,3.90326445E8,1499.4,1900.0
e18060cz_43.cdf,c22,71;85;99,3.4484163E8,1682.6,2200.0
e18060cz_43.cdf,c28,71;85;99,3.14031471E8,1933.4,2800.0
e18060cz_43.cdf,c32,71;85;99,2.29257415E8,2067.4,3200.0
e18060cz_43.cdf,c36,71;85;99,1.91818147E8,2250.8,3600.0
e18060cz_44.cdf,c10,71;85;99,2.15808892E8,408.4,1000.0
e18060cz_44.cdf,c12,71;85;99,1.74128461E8,710.6,1200.0
e18060cz_44.cdf,c15,71;85;99,3.04590824E8,1114.8,1500.0
e18060cz_44.cdf,c17,71;85;99,3.5321809E8,1322.0,1700.0
e18060cz_44.cdf,c19,71;85;99,4.00818807E8,1499.4,1900.0
e18060cz_44.cdf,c22,71;85;99,3.20677911E8,1682.6,2200.0
e18060cz_44.cdf,c28,71;85;99,2.59018535E8,1933.2,2800.0
e18060cz_44.cdf,c32,71;85;99,2.22800751E8,2067.4,3200.0
e18060cz_44.cdf,c36,71;85;99,1.90107762E8,2250.8,3600.0
e18060cz_45.cdf,c10,71;85;99,2.06816551E8,408.0,1000.0
e18060cz_45.cdf,c12,71;85;99,1.73840616E8,710.6,1200.0
e18060cz_45.cdf,c15,71;85;99,2.9310933E7,1098.4,1500.0
e18060cz_45.cdf,c17,71;85;99,3.70379554E8,1322.0,1700.0
e18060cz_45.cdf,c19,71;85;99,2.8678333E7,1505.0,1900.0
e18060cz_45.cdf,c22,71;85;99,3.46821106E8,1682.6,2200.0
e18060cz_45.cdf,c28,71;85;99,2.95111822E8,1933.4,2800.0
e18060cz_45.cdf,c32,71;85;99,2.15740352E8,2067.4,3200.0
e18060cz_45.cdf,c36,71;85;99,1.80867849E8,2251.0,3600.0
e18060cz_47.cdf,c10,71;85;99,2.1200369E8,408.4,1000.0
e18060cz_47.cdf,c12,71;85;99,1.72511463E8,710.6,1200.0
e18060cz_47.cdf,c15,71;85;99,3.24838115E8,1114.2,1500.0
e18060cz_47.cdf,c17,71;85;99,3.92149892E8,1322.0,1700.0
e18060cz_47.cdf,c19,71;85;99,3.87782649E8,1499.2,1900.0
e18060cz_47.cdf,c22,71;85;99,3.5820337E8,1682.6,2200.0
e18060cz_47.cdf,c28,71;85;99,3.25303033E8,1933.4,2800.0
e18060cz_47.cdf,c32,71;85;99,2.40320918E8,2067.4,3200.0
e18060cz_47.cdf,c36,71;85;99,1.96047207E8,2250.8,3600.0
e18060cz_48.cdf,c10,71;85;99,2.20570015E8,408.2,1000.0
e18060cz_48.cdf,c12,71;85;99,2.05528875E8,710.6,1200.0
e18060cz_48.cdf,c15,71;85;99,3.79501887E8,1114.6,1500.0
e18060cz_48.cdf,c17,71;85;99,4.62024993E8,1322.0,1700.0
e18060cz_48.cdf,c19,71;85;99,4.86995572E8,1499.4,1900.0
e18060cz_48.cdf,c22,71;85;99,4.3430786E8,1682.6,2200.0
e18060cz_48.cdf,c28,71;85;99,3.85812208E8,1933.4,2800.0
e18060cz_48.cdf,c32,71;85;99,2.86942619E8,2067.4,3200.0
e18060cz_48.cdf,c36,71;85;99,2.40092034E8,2250.6,3600.0
e18060cz_49.cdf,c10,71;85;99,2.01011242E8,408.0,1000.0
e18060cz_49.cdf,c12,71;85;99,1.61461864E8,710.6,1200.0
e18060cz_49.cdf,c15,71;85;99,2.89725102E8,1114.2,1500.0
e18060cz_49.cdf,c17,71;85;99,3.47604242E8,1322.0,1700.0
e18060cz_49.cdf,c19,71;85;99,3.66427259E8,1499.2,1900.0
e18060cz_49.cdf,c22,71;85;99,3.05502588E8,1682.6,2200.0
e18060cz_49.cdf,c28,71;85;99,2.9063242E8,1933.2,2800.0
e18060cz_49.cdf,c32,71;85;99,2.07462859E8,2067.4,3200.0
e18060cz_49.cdf,c36,71;85;99,1.72434719E8,2250.6,3600.0
e18060cz_50.cdf,c10,71;85;99,2.05792838E8,408.0,1000.0
e18060cz_50.cdf,c12,71;85;99,1.80312456E8,710.6,1200.0
e18060cz_50.cdf,c15,71;85;99,3.41608848E8,1114.6,1500.0
e18060cz_50.cdf,c17,71;85;99,3.99036675E8,1322.0,1700.0
e18060cz_50.cdf,c19,71;85;99,4.6140005E8,1500.0,1900.0
e18060cz_50.cdf,c22,71;85;99,3.91963166E8,1682.6,2200.0
e18060cz_50.cdf,c28,71;85;99,2.94090755E8,1933.0,2800.0
e18060cz_50.cdf,c32,71;85;99,2.61099179E8,2067.4,3200.0
e18060cz_50.cdf,c36,71;85;99,2.19199698E8,2250.6,3600.0
e18060cz_51.cdf,c10,71;85;99,1.84522756E8,408.0,1000.0
e18060cz_51.cdf,c12,71;85;99,1.53774972E8,710.6,1200.0
e18060cz_51.cdf,c15,71;85;99,3.3965704E7,1098.4,1500.0
e18060cz_51.cdf,c17,71;85;99,3.45545266E8,1322.0,1700.0
e18060cz_51.cdf,c19,71;85;99,3.72164395E8,1499.4,1900.0
e18060cz_51.cdf,c22,71;85;99,3.20350111E8,1682.6,2200.0
e18060cz_51.cdf,c28,71;85;99,2.74012652E8,1933.4,2800.0
e18060cz_51.cdf,c32,71;85;99,1.99463432E8,2067.4,3200.0
e18060cz_51.cdf,c36,71;85;99,1.63571806E8,2250.6,3600.0
e18060cz_53.cdf,c10,71;85;99,1.89595223E8,408.2,1000.0
e18060cz_53.cdf,c12,71;85;99,1.52974846E8,710.4,1200.0
e18060cz_53.cdf,c15,71;85;99,2.67548158E8,1114.2,1500.0
e18060cz_53.cdf,c17,71;85;99,2.29760823E8,1321.8,1700.0
e18060cz_53.cdf,c19,71;85;99,2.47697446E8,1498.8,1900.0
e18060cz_53.cdf,c22,71;85;99,2.48557277E8,1682.6,2200.0
e18060cz_53.cdf,c28,71;85;99,1.84482607E8,1933.0,2800.0
e18060cz_53.cdf,c32,71;85;99,1.49120089E8,2067.4,3200.0
e18060cz_53.cdf,c36,71;85;99,1.39032537E8,2250.6,3600.0
e18060cz_54.cdf,c10,71;85;99,1.96804334E8,407.8,1000.0
e18060cz_54.cdf,c12,71;85;99,1.50129937E8,710.4,1200.0
e18060cz_54.cdf,c15,71;85;99,2.37497016E8,1114.0,1500.0
e18060cz_54.cdf,c17,71;85;99,1.67449286E8,1321.8,1700.0
e18060cz_54.cdf,c19,71;85;99,1.90846495E8,1498.8,1900.0
e18060cz_54.cdf,c22,71;85;99,2.36418583E8,1682.4,2200.0
e18060cz_54.cdf,c28,71;85;99,1.80365682E8,1933.0,2800.0
e18060cz_54.cdf,c32,71;85;99,1.60451528E8,2067.4,3200.0
e18060cz_54.cdf,c36,71;85;99,1.70462797E8,2250.8,3600.0
e18060cz_55.cdf,c10,71;85;99,1.83832744E8,408.2,1000.0
e18060cz_55.cdf,c12,71;85;99,1.45414022E8,710.4,1200.0
e18060cz_55.cdf,c15,71;85;99,2.35576205E8,1114.0,1500.0
e18060cz_55.cdf,c17,71;85;99,1.93183762E8,1321.8,1700.0
e18060cz_55.cdf,c19,71;85;99,2.30296875E8,1498.8,1900.0
e18060cz_55.cdf,c22,71;85;99,2.52913473E8,1682.6,2200.0
e18060cz_55.cdf,c28,71;85;99,2.401546E8,1933.0,2800.0
e18060cz_55.cdf,c32,71;85;99,2.06471482E8,2067.4,3200.0
e18060cz_55.cdf,c36,71;85;99,1.85396998E8,2250.8,3600.0
e18060cz_56.cdf,c10,71;85;99,1.99739437E8,408.6,1000.0
e18060cz_56.cdf,c12,71;85;99,1.5945328E8,710.6,1200.0
e18060cz_56.cdf,c15,71;85;99,2.89196449E8,1114.2,1500.0
e18060cz_56.cdf,c17,71;85;99,2.81166156E8,1321.8,1700.0
e18060cz_56.cdf,c19,71;85;99,3.00740019E8,1498.8,1900.0
e18060cz_56.cdf,c22,71;85;99,3.37792983E8,1682.4,2200.0
e18060cz_56.cdf,c28,71;85;99,3.1231779E8,1933.0,2800.0
e18060cz_56.cdf,c32,71;85;99,2.68473142E8,2067.4,3200.0
e18060cz_56.cdf,c36,71;85;99,2.40355228E8,2250.6,3600.0
e18060cz_57.cdf,c10,71;85;99,1.85882223E8,408.0,1000.0
e18060cz_57.cdf,c12,71;85;99,1.46981238E8,710.2,1200.0
e18060cz_57.cdf,c15,71;85;99,2.31800097E8,1114.0,1500.0
e18060cz_57.cdf,c17,71;85;99,2.05963307E8,1321.8,1700.0
e18060cz_57.cdf,c19,71;85;99,2.40458684E8,1498.8,1900.0
e18060cz_57.cdf,c22,71;85;99,2.62213561E8,1682.4,2200.0
e18060cz_57.cdf,c28,71;85;99,2.27864838E8,1933.0,2800.0
e18060cz_57.cdf,c32,71;85;99,1.83860099E8,2067.2,3200.0
e18060cz_57.cdf,c36,71;85;99,1.54445009E8,2250.4,3600.0
e18060cz_58.cdf,c10,71;85;99,2.05388482E8,408.0,1000.0
e18060cz_58.cdf,c12,71;85;99,1.66154303E8,710.4,1200.0
e18060cz_58.cdf,c15,71;85;99,2.64370845E8,1114.0,1500.0
e18060cz_58.cdf,c17,71;85;99,2.03567439E8,1321.8,1700.0
e18060cz_58.cdf,c19,71;85;99,2.37758754E8,1498.8,1900.0
e18060cz_58.cdf,c22,71;85;99,2.43121391E8,1682.4,2200.0
e18060cz_58.cdf,c28,71;85;99,1.95524146E8,1933.0,2800.0
e18060cz_58.cdf,c32,71;85;99,1.68073603E8,2067.2,3200.0
e18060cz_58.cdf,c36,71;85;99,1.63297668E8,2250.4,3600.0
e18060cz_59.cdf,c10,71;85;99,2.03030057E8,408.8,1000.0
e18060cz_59.cdf,c12,71;85;99,1.64224182E8,710.6,1200.0
e18060cz_59.cdf,c15,71;85;99,2.75148792E8,1114.2,1500.0
e18060cz_59.cdf,c17,71;85;99,2.87233452E8,1321.8,1700.0
e18060cz_59.cdf,c19,71;85;99,3.17851167E8,1498.8,1900.0
e18060cz_59.cdf,c22,71;85;99,3.27691697E8,1682.6,2200.0
e18060cz_59.cdf,c28,71;85;99,2.84469016E8,1933.0,2800.0
e18060cz_59.cdf,c32,71;85;99,2.32710429E8,2067.2,3200.0
e18060cz_59.cdf,c36,71;85;99,2.18343503E8,2250.6,3600.0
e18060cz_60.cdf,c10,71;85;99,1.98743195E8,408.8,1000.0
e18060cz_60.cdf,c12,71;85;99,1.86954808E8,710.6,1200.0
e18060cz_60.cdf,c15,71;85;99,3.0687831E8,1114.2,1500.0
e18060cz_60.cdf,c17,71;85;99,3.26962969E8,1322.0,1700.0
e18060cz_60.cdf,c19,71;85;99,3.34300793E8,1499.0,1900.0
e18060cz_60.cdf,c22,71;85;99,3.26328006E8,1682.4,2200.0
e18060cz_60.cdf,c28,71;85;99,2.63209937E8,1933.0,2800.0
e18060cz_60.cdf,c32,71;85;99,2.13971279E8,2067.4,3200.0
e18060cz_60.cdf,c36,71;85;99,1.91812677E8,2250.4,3600.0
